Country,Year,Agri_GDP,Credit_Private,Elec_Access,Emp_Services,FDI_GDP,Indus_GDP,Internet_Usage,Serv_GDP,GDPC_2015
ABW,2004,0.0175662581169615,51.7852298243845,100.0,49.9543541630426,-4.3599322772924545,15.5965082540353,23.0,76.456580991723,29959.7748189582
ABW,2005,0.0173277773977134,54.0607007192211,100.0,50.3642347768599,-4.3599322772924545,16.2974611255338,25.4,75.541061032835,29081.7066997897
ABW,2006,0.0175077037289373,53.8841202639004,100.0,50.6231769549281,8.92046662114826,17.6558632372378,28.0,73.7471756386862,28885.9118700469
ABW,2007,0.0178385963799542,51.7272559982541,100.0,50.6590283450837,-4.3599322772924545,17.4795502921148,30.9,72.0518850702006,29556.8384686554
ABW,2008,0.0169973987102413,50.6584576108456,100.0,50.9593888378512,0.664175810874169,16.1823488793703,52.0,73.1525399615721,29870.6648077005
ABW,2009,0.0199068534264945,55.8930411328093,100.0,51.6048881399569,-0.41563759901472,13.0430359920285,58.0,75.7664029190885,26204.0597361984
ABW,2010,0.0204920878910203,58.8006572951036,93.4,52.5390147086811,7.61167220218675,11.5460620013165,62.0,78.5445335192497,25429.2180974853
ABW,2011,0.0203949029261921,56.2504341594081,100.0,52.6145323962141,11.010544401215425,12.3664483303712,69.0,77.4233295663828,26093.0542083227
ABW,2012,0.0214687486582032,58.6859032351161,100.0,53.1341994600021,-4.3599322772924545,10.0760634560669,74.0,79.5391289840283,25444.7336646687
ABW,2013,0.0178174631618829,59.1636851428981,100.0,53.5430702246149,9.97445713517423,10.7496646425755,78.9,80.1808370111718,26680.1411206342
ABW,2014,0.0148129732019303,60.2405386637617,100.0,54.1410067239807,7.46525460335849,10.799498200524,83.78,80.2286442466312,26773.8226808518
ABW,2015,0.0125197907912791,56.6268817632089,100.0,54.4112830836989,-0.907264375161604,12.4688254381031,88.6612,79.1390682899908,27458.2201537506
ABW,2016,0.018611754127868,57.2219316866237,100.0,54.5049047408101,0.923397287531133,12.7138128237982,93.5425,78.7310715745525,27587.2498040483
ABW,2017,0.023918578557175,57.246534425591,100.0,54.188247670037,5.2533752062728,12.3948278061063,97.17,78.9879081107466,28548.8904317739
ABW,2018,0.0222530069695395,55.9651018283957,100.0,54.7593556383935,4.39981717177271,11.358156434717,97.17,79.7290794451106,29419.208623316
ABW,2019,0.0184243247340194,59.6493537497553,100.0,55.8657560901886,-2.2478342012416,11.6288104514912,97.17,77.9193349333139,29699.1805366222
ABW,2020,0.0217006023554796,82.0939664354264,100.0,56.0999877808229,6.51718576425329,12.6114406876517,97.17,77.2007006682213,22729.8897593533
ABW,2021,0.0299985466651702,68.6460015848153,100.0,55.305223900281,4.63553026601194,11.0075338030159,97.17,78.4104138454673,26292.9179363154
ABW,2022,0.0342144315332219,60.5316284506998,99.9,55.997466048887,7.4653342753216,9.73591736419981,97.17,79.0035997315605,29195.2670227422
ABW,2023,0.0342144315332219,56.711929646071,100.0,56.4243401985256,-3.58459079731401,9.73591736419981,97.17,79.0035997315605,31430.9353682253
ABW,2024,0.0342144315332219,56.711929646071,100.0,56.8251366111918,2.42051208397071,9.73591736419981,97.17,79.0035997315605,33373.9174591266
AFE,2004,10.0517582138612,79.85964558993,23.724454932615,27.8124407883343,1.82591614109867,26.8893149488841,1.8,54.0615506002132,1271.31275711155
AFE,2005,9.96435509379107,85.31112801404,23.449539355606,27.9728340220678,2.02191300437059,27.8152096872531,1.8,52.8721406975059,1314.3879382145
AFE,2006,10.263076702081,94.3851489171964,25.1724823105969,28.2971521723929,1.25663111373599,27.8943653138769,1.9,52.142832261945,1364.70525366925
AFE,2007,11.1719463183513,93.3502201462442,26.7951445862147,28.6043096345486,2.43740589998239,29.2235447877185,2.7,49.7905873166223,1417.47243247841
AFE,2008,12.3951575283608,78.1458267875116,25.9088451344457,28.859947033116,3.1569406143365,30.4645998089145,3.0,48.2903210213689,1440.59728407645
AFE,2009,12.6634182446055,79.5947790610624,26.1878464781111,29.0800077037936,2.58633169148882,26.6977694815849,3.5,53.4094698273855,1414.58775130051
AFE,2010,11.5097433507165,84.6104728025506,27.414953756332,29.8023909576755,1.68010728226786,27.3212163743139,5.3,53.9021961689779,1449.48915951845
AFE,2011,10.3947360711001,76.3874705547756,28.909756234127,30.1521447448849,1.81596108935578,28.6052577416269,6.8,53.8211079711216,1468.63057193646
AFE,2012,11.1428276413639,79.2722783477421,31.6734274619175,30.6136936599094,2.60638627365529,28.4590121987767,8.4,53.6311585622973,1456.72281306529
AFE,2013,11.4902471456998,75.4637741628069,31.7235735731483,30.3886859838973,2.18038048661154,27.8033727389777,10.0,53.7787110257877,1478.97797685759
AFE,2014,12.2765768281439,73.9857531487778,31.8719561283579,31.0444810877045,2.76047028514722,27.1637700860693,12.1,53.4688932792653,1495.95557383523
AFE,2015,13.0150928784089,65.7969298973195,33.9222756622758,31.5469036017198,3.14554882093462,24.8785505777961,14.3,54.2821950252198,1498.8752400759
AFE,2016,12.8864676029798,66.039387644507,38.8595976583714,32.0982958374921,2.04466423939857,24.748444475518,16.3,54.0249925435842,1490.9075460241
AFE,2017,12.4624744974616,65.7437053602284,40.2237441730368,32.6873169327904,1.08109615222276,25.3937369507361,17.3,54.1233711836333,1490.91109750422
AFE,2018,11.9917475435429,62.1413742869687,43.0350733507835,33.5381424689252,1.33528231684753,26.172562623672,19.6,53.8787528097878,1489.94213724372
AFE,2019,12.9537634387917,60.5328100329428,44.3908605333639,34.5483996115138,1.52051857645015,26.0330206191942,21.6,52.6298927017876,1479.37238691603
AFE,2020,14.7341526462305,55.7773296362755,46.2823709455637,33.0261568695551,1.41831883376737,25.0956185656564,23.5,51.7241133548561,1399.39849841898
AFE,2021,13.7287411103208,49.5995485828764,48.1272110400485,32.7940798485352,4.92436019944644,25.9427857270268,25.0,49.858938935124,1425.2090572764
AFE,2022,14.1855226450872,44.407170680363,48.8012579607658,33.6081619000381,1.74630848651061,26.3210526613761,26.8,48.0012413685301,1440.43036630175
AFE,2023,15.3330728318336,46.6794368727604,50.6675157944854,33.6967049509918,2.00857937857267,26.4166896198758,27.8,49.7914536851808,1431.72178996886
AFE,2024,15.2652577337707,46.6794368727604,50.6675157944854,34.2977111919012,2.19724848242449,25.9484293974406,28.8,50.6849835329271,1435.35627774336
AFG,2004,29.7210671376957,4.84285686566253,23.8,24.833148478038,3.577104200584,26.2267897500666,0.105809,41.1108953364243,338.637273888197
AFG,2005,31.114854912062,4.84285686566253,28.7,25.7077189524347,4.36867310434287,26.8120992326398,1.22415,39.0077871841904,363.640141436773
AFG,2006,28.6359685844686,4.84285686566253,33.5,25.9420504795722,3.41377297323201,28.2107680719994,2.10712,39.8310243252872,367.75831169358
AFG,2007,30.1050113574013,6.83998223656721,38.4,27.2248878765164,1.93570171391636,26.8822416082148,1.9,40.294685221301,410.757728879097
AFG,2008,24.8922700059742,9.38832772083979,42.4,27.6621985463541,0.45536044478174,26.9156280026285,1.84,45.4098308716488,417.647282647498
AFG,2009,29.2975010547259,10.58413068423,48.3,29.3948425879471,0.45188914562189,21.8971222069406,3.55,45.2444349261482,488.830652491949
AFG,2010,26.2100685374552,11.5750442390122,42.7,31.1592526833235,1.20311798981139,21.1514206977128,4.0,48.8793769096891,542.871030476037
AFG,2011,23.7436639877543,4.95918037606027,43.2,31.1177963939839,0.293025179616803,22.7402524820273,5.0,49.6968203962567,525.42698276582
AFG,2012,24.390873626371,4.47210362973721,69.1,32.3133084481045,0.285440893554571,21.1578071539751,5.45455,50.5793979236606,568.929021458341
AFG,2013,22.8106627361766,4.3216854169302,68.0,32.0763627884824,0.239801184405551,20.4446053132561,5.9,52.6827434733525,580.603833333096
AFG,2014,22.1370413719574,3.94105709996345,89.5,32.2391686364613,0.209664794672203,21.2296632181805,7.0,52.9908650351499,575.146245808546
AFG,2015,20.6343227166798,3.98149379462535,71.5,33.7321152250418,0.88400046336123,22.1240424906926,8.26,53.2352934986503,565.569730408751
AFG,2016,25.7403140364582,3.88832174612488,97.7,35.23983684805,0.516606084523093,10.4668076938201,11.0,59.0232164144095,563.872336723147
AFG,2017,26.4201990834448,3.84188120492596,97.7,36.802134491624,0.274796791572807,10.0518739969063,13.5,58.3290500097748,562.769574140988
AFG,2018,22.0428967527575,3.51231703339133,93.4,37.0166785521044,0.661572217787196,13.3872469597976,16.8,59.4774229106653,553.125151688293
AFG,2019,25.7739707394105,3.22995723026215,97.7,37.5135391226906,0.124495985291258,14.0581123697768,17.6,55.4728067408306,557.861533207459
AFG,2020,29.9755825210461,3.09659808966059,97.7,35.535277276328,0.0649939571808755,12.9525996015547,17.0485,52.5721090890613,527.834554499306
AFG,2021,33.5976188725451,3.09659808966059,97.7,30.151585831638,0.144466946606861,14.2736570191788,16.5143,47.160422387969,408.625855217403
AFG,2022,33.7014323213923,3.09659808966059,85.3,29.4272142369757,0.144466946606861,16.0503677223963,17.1917,45.0499087998591,377.665627080705
AFG,2023,34.7432471445174,3.09659808966059,85.3,29.4984918421715,0.144466946606861,13.4498227120978,17.7089,46.3743698691993,378.06630312259
AFG,2024,34.7432471445174,3.09659808966059,85.3,29.5021677680015,0.144466946606861,13.4498227120978,17.7089,46.3743698691993,378.06630312259
AFW,2004,23.8523787497793,8.69254366659698,37.5945022413501,33.8593957873021,1.80420304723066,28.8135111338226,2.3,41.5741920896583,1402.22876764658
AFW,2005,23.373343450223,8.67513975958603,37.9359101368567,34.3740978986254,2.93133338546773,29.4197914902828,2.3,41.5659210294433,1441.98859440003
AFW,2006,22.3471365216362,8.50044255887774,39.9529044823027,34.8887133278551,2.28870294816693,28.1434367027884,3.4,44.9688627419054,1475.92318265943
AFW,2007,22.0524207375012,12.32843245767,40.8648618879836,35.5194799295522,2.76690161524521,27.0768748584186,4.3,46.3239865813658,1513.01942969263
AFW,2008,22.6036427782507,15.2125494475014,41.8660146613745,36.1756096194748,2.84147402329329,28.1358811661849,5.0,45.0941458531341,1562.21124621273
AFW,2009,23.7054751605669,16.3629930498061,42.0024854401026,36.8707889152576,3.52591020083717,24.6156342319428,5.8,47.1713461337743,1612.48837316067
AFW,2010,22.1321259229871,13.012713803506,41.9519903118982,37.7443976580416,3.15128327333642,27.3403594105445,7.3,46.7779457642887,1677.95238312056
AFW,2011,20.5195249610199,11.8575114366336,46.0619669218462,38.3985434212623,3.54506641288462,30.3228391802371,8.7,45.2639509685509,1711.53923110365
AFW,2012,20.3387845143841,11.6122886549053,44.1865003474968,38.9596545495083,2.79570166892171,29.7369723233846,10.3,46.3092167352786,1749.98138710355
AFW,2013,19.6196962949451,12.5774946951391,47.1945030733476,39.4955974910526,2.26936723127983,28.7586082396961,12.6,47.5773831391017,1805.79842409374
AFW,2014,19.1933020924046,13.9758498697576,47.7673605462369,40.1059420844488,1.83591900224731,27.3416005895994,15.0,48.9989571472962,1857.17116320705
AFW,2015,20.1785871076173,14.4415164078007,46.8624182524845,40.6960983900992,2.13330027622449,23.152227373643,18.6,53.3099750620335,1860.72768628324
AFW,2016,20.5964688025564,15.8593607616424,51.0451271925992,40.9691889210339,2.23535718815748,21.5173149706202,20.9,54.1903279496698,1815.17120349953
AFW,2017,20.3567689816218,14.9321541029288,48.9007280475057,41.4778475795376,2.55635653292547,24.42401180708,23.8,51.3715035331085,1808.72220111739
AFW,2018,20.5495360041941,13.292858882315,51.3358293517534,42.1082822211187,1.91395272862701,26.6968365569618,25.7,49.0041724705572,1814.69463581898
AFW,2019,23.46549545554,11.0738503016961,51.2915769115352,42.9057256242192,1.22700011228508,23.3347838450209,28.5,50.4821936480385,1829.06806387649
AFW,2020,25.39817780829,11.7330980537159,51.8560428463068,41.3285540722728,1.04084419108634,21.2395036083466,31.5,50.2436436741983,1719.26150438049
AFW,2021,25.6229936588144,12.6505815985063,54.368598708444,41.5459857451246,1.60141749103716,21.9220901239411,34.7,49.025874440669,1721.90947456022
AFW,2022,25.3717465088187,12.6271452132446,55.6866829669796,41.8024485293288,1.46814555146344,23.0816586357113,37.5,48.3813464266183,1757.45658962159
AFW,2023,24.1528889551845,12.6271452132446,57.0692665803595,42.32235686483,2.08163638802875,23.1898778620108,38.5,48.727483861425,1778.86434703356
AFW,2024,22.5554093483584,12.6271452132446,57.0692665803595,42.845976909497,2.39840367592386,24.1765434821094,40.0,47.9279211581157,1816.34604380299
AGO,2004,10.3635914449926,22.2749280175046,28.4,60.4315375805673,8.13849032848245,50.2978770697738,0.464815,39.7136676214341,2583.32411461288
AGO,2005,8.56536731681355,22.2749280175046,29.4,58.4651355521218,-3.14962046173322,51.54601351155545,1.14337,35.4993259457285,2843.3966357968
AGO,2006,8.44100897843275,22.2749280175046,30.5,56.6875803163974,-0.0643009490167298,51.54601351155545,1.5,37.1439693103216,3065.05576243895
AGO,2007,8.61624042186554,22.2749280175046,37.5,54.8911137864211,-1.22312266225132,51.54601351155545,1.7,34.0967823030459,3336.36332465208
AGO,2008,7.81831803295795,22.2749280175046,38.5,53.1496704920599,1.69952793928946,51.54601351155545,1.9,34.2212938482245,3559.19522512236
AGO,2009,10.3661474573001,22.2749280175046,33.8,51.3263213533981,2.69909240017807,40.9723218323879,2.3,46.6572174638642,3494.80724466172
AGO,2010,10.0913068588653,22.2749280175046,35.0,48.8556342624711,-3.37761927933748,48.5501387093455,2.8,40.4058954859428,3540.79159568381
AGO,2011,9.55630602216444,22.2749280175046,34.6,46.5491998883029,-2.40838836782517,51.54601351155545,4.7,37.8278152881355,3528.16824373399
AGO,2012,9.69697932366603,22.2749280175046,37.3,44.4213021713595,-1.02012839058611,51.54601351155545,7.7,38.1528946330169,3682.35229322763
AGO,2013,10.3295507034404,22.2749280175046,38.4,42.4380131365122,-4.3599322772924545,50.3750405397121,13.0,40.5013779544273,3716.29718727282
AGO,2014,11.4782158930109,22.2749280175046,32.0,40.3316392087452,2.38352427018273,43.9966362099567,21.3623,44.0532339009099,3746.81619978613
AGO,2015,13.6637723279796,22.2749280175046,42.0,40.3215498679159,9.7795154502448,36.7338841349078,22.0,48.0419306568083,3641.72893919944
AGO,2016,14.6711413269562,18.5908277620868,41.8,40.1139584289984,-0.299804386002375,37.3943513261608,23.2,46.7231427013984,3454.03317187119
AGO,2017,14.9283260019113,14.84745928119,42.9,40.0178727618802,-4.3599322772924545,37.0989345106935,26.0,46.6189972009799,3328.8982124109
AGO,2018,13.3397905678931,13.2564012766381,45.3,39.7773354887959,-4.3599322772924545,41.1891594014386,29.0,43.9574616765439,3196.79006983557
AGO,2019,12.3911585673156,13.4718248959992,45.6,39.666195800835,-4.3599322772924545,42.2251045134162,32.1294,43.8627207016305,3083.97534427357
AGO,2020,15.0223674268676,11.3107531927913,47.0,38.2191311444807,-3.17143620765821,36.7098511285088,36.6347,45.3591604963738,2864.16146036893
AGO,2021,16.561923695764,8.70249637691386,48.2,37.5749267305878,-4.3599322772924545,38.1721950958541,39.3876,42.6412291780629,2832.81777132286
AGO,2022,18.9890929801653,6.86560736253038,48.5,40.4877627343102,-4.3599322772924545,34.9333591780179,42.0719,43.7734824749089,2860.90251922246
AGO,2023,20.6897623256468,7.56544382086069,51.1,40.5263400343568,-1.97786390222726,35.1292267229987,44.7581,41.8051676690801,2809.15727975557
AGO,2024,22.0693262844667,7.277022461899,51.1,40.687555299181,-1.0986881170909,34.56731745622,44.7581,41.0551859909358,2845.47779302975
ALB,2004,18.5630799913995,37.3109373018231,99.4,36.4694828120954,4.60782278585291,27.7299752177294,2.42039,39.5598988272926,2567.29763687121
ALB,2005,17.1247178955729,37.3109373018231,99.4,36.3587685307636,3.17899814544722,28.1372131604488,6.04389,40.3981318981217,2712.86983830331
ALB,2006,16.0415750334868,37.3109373018231,99.4,37.0819396819245,3.55321913781567,28.4284255205783,9.60999,40.1991972841068,2894.36032580174
ALB,2007,15.5325494481234,37.3109373018231,99.4,37.3181538543968,5.86740351847628,28.5772545670045,15.0361,40.5451705003217,3105.8796756386
ALB,2008,15.422100399492,37.3109373018231,100.0,37.54099828889,9.40665320050491,28.5616497223775,23.86,41.0750286540131,3345.98161761476
ALB,2009,15.2792217271528,37.3109373018231,99.6,36.5546191483091,10.9068201480963,27.5678722962167,41.2,42.0040238601938,3459.24695646692
ALB,2010,16.3586081914252,38.5667222073844,99.6,38.0056894662126,9.01744998049889,27.4749142839601,45.0,41.3131845921318,3579.82413181046
ALB,2011,16.7202229491786,40.8904191085198,99.7,35.7883362998639,8.08329285826067,26.9409865024688,47.0,42.2390195525462,3677.89457937717
ALB,2012,17.5913685516371,41.048928970868,99.9,36.8368428681955,7.49597513325321,25.4077242038709,49.4,43.5059236088597,3771.84781862015
ALB,2013,18.924817420614,39.7219957616212,99.9,38.715793649559,9.80035898039468,25.506803612245,51.8,42.6287844572944,3895.89975621942
ALB,2014,19.2377589164282,39.0603696115194,100.0,39.6694222941355,8.64846635716115,23.8286690584956,54.3,42.6575638095964,4045.11934884933
ALB,2015,18.7471602773412,36.8808802178051,100.0,39.8607872719792,8.62740636982337,24.4814091473313,56.9,42.8778647519282,4199.53912925398
ALB,2016,19.167190753497,36.2098635348358,99.9,40.2112427236091,8.71147225448456,23.8670178864359,59.6,43.4481768975831,4431.55635814168
ALB,2017,18.079078214296,34.1324652358472,99.9,42.2423402549993,7.71411336285186,22.9533327106507,62.4,44.5621307131911,4648.23078660658
ALB,2018,17.9155558179549,32.507358683887,100.0,42.7083957984542,7.83109146132114,23.7535886253159,65.4,44.3970282534603,4893.82375538717
ALB,2019,18.1603973706713,33.725595513728,100.0,43.2158670276158,7.70621465029911,22.9655210859374,68.5504,45.4534114346696,5072.43648354739
ALB,2020,18.8061378649169,37.719333429721,100.0,43.241481433791,7.01865154497786,23.4687164183412,72.2377,45.7213497398907,4980.61699524696
ALB,2021,17.793224984541,36.4341686860283,100.0,44.4269847878612,6.75791457973236,22.4341412350759,79.3237,45.278770333241,5511.75743402862
ALB,2022,16.9844754476574,33.7912381516025,100.0,43.9962497505868,7.57934042905775,23.0250522159549,82.6137,46.2991272417493,5867.65096230557
ALB,2023,16.2742388313006,32.4665672054877,100.0,46.3125447479353,6.90036950940795,23.160711973189,83.1356,47.6649908239316,6198.17195301204
ALB,2024,15.4519031294331,34.0597809059347,100.0,46.7791156790644,6.32349466068578,22.4011031082403,83.1356,48.6899937474805,6549.23387415397
AND,2004,0.414741997881256,32.8688540294339,100.0,49.9543541630426,11.010544401215425,15.7803540103879,26.838,74.7942373593759,40054.3399679173
AND,2005,0.380576808035011,33.7215866396037,100.0,50.3642347768599,11.010544401215425,16.0357828783728,37.6058,74.4198860237398,40528.1938997392
AND,2006,0.353522338328863,34.8081787114827,100.0,50.6231769549281,11.010544401215425,16.1672951911525,48.9368,74.1242699981489,41322.0723316534
AND,2007,0.368796683946436,37.7291069327007,100.0,50.6590283450837,11.010544401215425,15.4735314793076,70.87,74.5592619910865,40789.1781297264
AND,2008,0.406917963904405,39.431944966087855,100.0,50.9593888378512,11.010544401215425,15.4327671138582,70.04,75.3640750593347,37775.1438845998
AND,2009,0.418928933319218,41.32547358889725,100.0,51.6048881399569,11.010544401215425,14.7664887100921,78.53,76.035601397438,35604.4007343193
AND,2010,0.466508601972863,42.195981646899696,100.0,52.5390147086811,11.010544401215425,13.1256460606154,81.0,76.991211654261,36277.2814831059
AND,2011,0.490560827241276,42.449202388170605,100.0,52.6145323962141,11.010544401215425,11.908853107908,81.0,77.375135201479,37637.5045137987
AND,2012,0.601164453935572,43.24887542568235,100.0,53.1341994600021,11.010544401215425,11.0715796683925,82.7,76.8249491306888,36206.9954432018
AND,2013,0.585558984254785,42.30243639204765,100.0,53.5430702246149,11.010544401215425,10.6182471491429,84.4,78.021575852346,35684.1861967511
AND,2014,0.537623493009676,43.742921585242954,100.0,54.1410067239807,11.010544401215425,10.1535313011382,86.1,78.2437091148297,37300.6419409868
AND,2015,0.513420109683398,47.51686846027865,100.0,54.4112830836989,11.010544401215425,9.98126871637019,87.9,78.6674143272447,38654.95287916
AND,2016,0.521999648433619,47.0982594371968,100.0,54.5049047408101,11.010544401215425,10.1407794073814,89.7,78.1008536948862,40085.0394278177
AND,2017,0.559538512516191,45.600325891793204,100.0,54.188247670037,11.010544401215425,10.3955176672591,91.5675,77.8688586318041,39361.0807539996
AND,2018,0.546367882815281,45.86608163933535,100.0,54.7593556383935,11.010544401215425,11.0763337210625,91.1431,77.6557919031876,39242.1633307803
AND,2019,0.522633248415779,46.1406537653286,100.0,55.8657560901886,11.010544401215425,11.6998176283166,90.7187,77.5555098246535,39346.2935180487
AND,2020,0.559442769715814,51.46377338764225,100.0,56.0999877808229,9.43228499707799,12.6601582717327,93.2056,79.8154154929299,34536.666145207
AND,2021,0.531844879169824,47.77472256475425,100.0,55.305223900281,11.010544401215425,12.3626363853047,93.8975,79.3818503932806,36929.0364995869
AND,2022,0.487491862156614,45.7439409376828,100.0,55.997466048887,11.010544401215425,11.1453411041301,94.4855,78.1918257115356,39780.4152991834
AND,2023,0.47849213558896,45.427065277604356,100.0,56.4243401985256,7.28597529959797,12.4282261796617,95.4456,78.3110227448023,40227.2524257376
AND,2024,0.46592379640818,45.49182954994115,100.0,56.8251366111918,6.64266743694098,12.7530228782248,95.4456,77.5890386001388,41034.5266723078
ARB,2004,6.61713230697988,31.7837778326557,82.2795249538868,50.8473643975968,2.16478959100851,49.6159049316719,8.350000000000001,43.0493235909275,5250.08375247516
ARB,2005,5.82687697381646,31.7948372661255,83.07676744851,51.1210845321556,3.16813035855029,51.54601351155545,8.95,39.4980224869918,5412.64941314351
ARB,2006,5.59918260735862,30.929866412169,85.2843937164942,51.3648037059518,3.97121100672377,51.54601351155545,11.3798,38.0802791120103,5614.91183040313
ARB,2007,5.60533067737075,32.7844440539473,83.6267638046023,51.5363947745536,3.80340434197896,51.54601351155545,14.8133,38.922926791695,5727.33322290223
ARB,2008,5.08487649997185,32.3529105907699,83.2755641606337,52.0317762642692,2.58732735207834,51.54601351155545,19.5,36.6979955973631,5894.47746607478
ARB,2009,6.14797951839261,37.8636182409174,84.1597287073639,52.6864244862693,2.2218541513522,47.7183147067532,24.05,44.5197855378122,5787.82712590845
ARB,2010,5.69095013201033,37.1136424740815,86.921502593511,53.0156897412547,2.11194389033051,50.0622317000738,28.33,43.3459618738186,5948.12916468842
ARB,2011,5.12687606147852,34.5539861314178,87.1726942320297,53.8959448971217,1.31663145630821,51.54601351155545,32.0,40.508242339887,6036.42083357432
ARB,2012,4.65022581848911,34.0741128250402,86.8478669651407,54.6481941036209,1.54970201135426,51.54601351155545,35.34,41.2703379755394,6218.04632240872
ARB,2013,4.7640741333166,35.991851999324,88.9616299190749,55.170165912626,1.2495361508121,51.54601351155545,38.5,43.2322172227188,6220.63858713989
ARB,2014,4.97937287519455,39.100508942233,88.4067767085653,55.5721120555936,0.858594694517584,49.4959119090372,43.0074,45.7504688421329,6238.07256611906
ARB,2015,5.61711463955109,47.461304906941,88.6616431398725,56.2550526994313,0.848345430500515,40.4265373349113,46.5,53.5143282767766,6290.55879501691
ARB,2016,5.42373027814235,55.4549292293637,89.1861710572826,56.6270316718039,1.90316892678224,38.155994879331,51.5,55.3712135843075,6366.04865571626
ARB,2017,4.9760123743283,53.3884708037798,90.3510669396465,56.5374267452176,1.20765569076214,40.7677492984881,55.4032,53.3260823345428,6322.52614443499
ARB,2018,4.62238947180673,53.3884708037798,88.6898406472267,57.487301358851,1.51863791071918,44.5307863776535,60.1126,49.5158732360892,6377.12047410411
ARB,2019,4.79134395024651,53.3884708037798,89.9289963083413,57.6937138109799,1.21983791189292,42.4378832257503,64.3,51.1698030253194,6367.60443969474
ARB,2020,5.60548271072935,53.3884708037798,90.2417769685806,58.1157836170687,1.28359953435291,36.2480477287924,70.0528,55.8322177166681,5904.57124162288
ARB,2021,4.87546801574335,53.3884708037798,90.4340947732985,58.4202146160784,2.25750539146834,42.7339657537053,74.3716,48.7012629032197,6073.56224152636
ARB,2022,4.33056895649595,53.3884708037798,90.6545179070033,59.1439779185341,2.07805996103919,48.6378194883718,76.6,43.6170997882152,6351.57184174657
ARB,2023,4.96899737457755,53.3884708037798,91.6454299444509,59.7692426941492,2.45975024296504,44.6115100409235,79.4848,47.7417176178789,6311.42160022415
ARB,2024,5.38212011018352,53.3884708037798,91.6454299444509,59.8753931860817,3.63591508558193,42.7242298538505,79.9923,49.1079024652188,6282.0327428409
ARE,2004,1.66536190905993,81.9398711422571,100.0,58.5160822659664,6.76715211324682,51.54601351155545,30.1313,46.6562900061707,42135.66185499995
ARE,2005,1.39540987408529,81.9398711422571,100.0,60.2126175697903,6.03481604123485,51.54601351155545,40.0,42.9608649080015,42135.66185499995
ARE,2006,1.09424400194674,81.9398711422571,100.0,61.4827573779734,5.76543753223521,51.54601351155545,52.0,41.0026442799823,42135.66185499995
ARE,2007,0.976671167666283,81.9398711422571,100.0,62.948707228317,5.50043971722883,51.54601351155545,61.0,44.1831002420827,42135.66185499995
ARE,2008,0.82730546409323,81.9398711422571,100.0,64.4634223662442,1.60487460715228,51.54601351155545,63.0,41.1547160923483,42135.66185499995
ARE,2009,1.03688688860825,81.9398711422571,100.0,64.7602353202824,0.447367365845778,51.54601351155545,64.0,46.9181571110237,42135.66185499995
ARE,2010,0.732284398165927,81.9398711422571,100.0,65.1301084267921,2.85854032456409,50.2592548678862,68.0,49.0084607339479,42135.66185499995
ARE,2011,0.650173172827368,81.9398711422571,100.0,65.5006038895123,1.938861867408,51.54601351155545,78.0,43.598805948996,42135.66185499995
ARE,2012,0.627714840690063,81.9398711422571,100.0,65.9573189904418,2.43554239157448,51.54601351155545,85.0,44.015877615363,42135.66185499995
ARE,2013,0.631291645173813,81.9398711422571,100.0,66.1774963395383,2.38382217021709,51.54601351155545,88.0,46.3792961334135,42135.66185499995
ARE,2014,0.625601940820607,81.9398711422571,100.0,66.2715274808927,2.60546065371654,50.7402069875437,90.4,48.6341910716357,42135.66185499995
ARE,2015,0.716283764709908,81.9398711422571,100.0,66.1063601094399,2.23861395699196,42.1588028480264,90.5,57.1249133872637,42135.66185499995
ARE,2016,0.740803620343316,81.9398711422571,100.0,66.32728191108,2.51620200951453,39.8749229592768,90.6,59.3842734203798,42135.66185499995
ARE,2017,0.753700320921749,78.1489012109159,100.0,66.8274728416238,2.56696112401594,41.4122717128473,94.8199,57.834027966231,42135.66185499995
ARE,2018,0.705642980623094,73.9842900645691,100.0,67.1539594518014,2.35729150002132,45.7439845434706,98.45,53.5503724759063,42135.66185499995
ARE,2019,0.734628769937638,75.2884988271793,100.0,67.4208924215394,4.11928564301823,43.4669683746299,99.15,55.7984028554324,42135.66185499995
ARE,2020,0.962965730130207,88.835666097675,100.0,68.9988862248103,5.56735507865122,40.3215883178557,100.0,58.7154459520141,39878.474427695
ARE,2021,0.890347914421406,76.1676429790591,100.0,67.4731738749809,4.89230472033291,45.3811872508727,100.0,53.7284648347058,40935.8936567784
ARE,2022,0.740896924545652,65.4574313053044,100.0,67.6880425093453,4.44591399207935,49.3332992568668,100.0,49.9258038185875,41828.5553298104
ARE,2023,0.764068711477443,65.4574313053044,100.0,67.7011452667683,5.87184069440898,45.4007387994769,100.0,53.8351924890457,41926.5823645673
ARE,2024,0.769419245488961,65.4574313053044,100.0,67.9435420294033,8.26261712974626,44.3292859984628,100.0,54.9012947560482,41605.4168670844
ARG,2004,8.36248661002826,9.68251819633223,96.5,68.6984274895615,2.5050175164097,28.816922006834,16.0367,47.8369882937827,10302.4465316428
ARG,2005,7.93875427420938,10.6534929189359,96.7,68.5868647859111,2.64935441452167,28.6263140439084,17.7206,48.4861459282405,11099.7509190602
ARG,2006,6.93557229126392,11.9102616607561,97.0,68.599741686598,2.38106854489628,29.2032796652469,20.9272,48.7491333682456,11870.2791559298
ARG,2007,7.45235394606923,13.0985413493544,97.2,68.6557123530693,2.25129423568361,27.4152361334783,25.9466,49.5083307772744,12811.9021206578
ARG,2008,7.3189545972436,12.313946714342,97.5,68.7482525435358,2.68990096507093,26.2724599395946,28.1126,50.2551922042782,13197.3570267029
ARG,2009,5.2736234689014,12.4162075416805,97.8,69.6003422430472,1.20643922647566,25.2842047993735,34.0,53.3060010032753,12285.3784651865
ARG,2010,7.13216745078964,12.6901062454749,98.8,69.7072619276578,2.67516171886535,25.2587762576722,45.0,51.4951802052167,13387.1553748458
ARG,2011,6.99873377022519,14.0087151168124,99.0,69.0724495417462,2.04465997872008,25.2126976058843,51.0,51.8119007511102,14040.6189124444
ARG,2012,5.7817442068501,15.2128150156924,99.1,69.4875551206921,2.80667189982932,24.4290570649122,55.8,53.6581179163924,13754.4254235596
ARG,2013,6.05291843670451,15.7290920133564,99.3,69.2982197252933,1.77920553648531,24.0058814423072,59.9,53.9190936666216,13946.0950832252
ARG,2014,6.71270351428559,13.8237692455151,100.0,69.0304543657975,0.962406650325519,24.2773944936602,64.7,52.9405434663365,13456.1319159151
ARG,2015,5.1566859021408,14.4142330417064,99.7,69.6529549127388,1.97713461784426,23.153056135905,68.0431,55.8149012843362,13679.6264980954
ARG,2016,6.26456582010254,13.6676334273514,99.9,70.4876907051936,0.584748941173009,22.0541072112108,70.969,56.1222358547004,13265.8860639123
ARG,2017,5.23162237725058,15.9584973420583,100.0,71.0991913444513,1.78936504083806,21.782123219335,74.2949,57.3499373815692,13520.1129846159
ARG,2018,4.53787889681146,15.2180632933953,100.0,71.4909177447964,2.23253157689253,23.7195923321304,77.7,56.3697502721818,13058.3285449954
ARG,2019,5.3185559967348,14.4776292447323,100.0,71.7720330089912,1.48500687570697,23.1578477391434,79.947,55.4388171093669,12706.3978108968
ARG,2020,6.35703367575527,15.746489768328,100.0,71.3067334216532,1.26616924308721,22.4088763711802,85.5144,54.8578674557962,11393.0505957877
ARG,2021,7.29128249622041,13.2644289814535,100.0,71.7661939196741,1.36838083162438,23.4994644263761,87.1507,52.8340319497207,12549.2811699342
ARG,2022,6.54156940484837,12.8891009335255,100.0,71.3171525473111,2.3984601182853,24.1118636272911,88.3754,53.5341356683759,13276.8232110189
ARG,2023,5.8467786039069,15.3570823376105,100.0,71.2232606251736,3.81190879856952,25.1722105252735,89.229,53.1990739500308,12993.0928872416
ARG,2024,5.80601710915959,15.1176778381075,100.0,71.6393298183816,1.82409522925391,23.9965975604249,89.6672,53.6514046050424,12774.3506596628
ARM,2004,17.9126819526397,24.8549219693588,99.1,40.9774280744513,6.90990201303095,27.8270946139077,4.89901,45.6989324054448,1955.22262459229
ARM,2005,17.9126819526397,24.8549219693588,99.8,42.4698331672726,5.96010687349519,27.8270946139077,5.25298,45.6989324054448,2240.09273209788
ARM,2006,17.9126819526397,24.8549219693588,99.1,43.7506626578286,7.30731450469503,27.8270946139077,5.63179,45.6989324054448,2551.43546358452
ARM,2007,17.9126819526397,24.8549219693588,99.2,44.9831959436148,7.25233231640274,27.8270946139077,6.02125,45.6989324054448,2919.3734936373
ARM,2008,17.9126819526397,24.8549219693588,99.2,45.1174546759737,8.09234920917782,27.8270946139077,6.21,45.6989324054448,3141.33193500774
ARM,2009,17.9126819526397,24.8549219693588,99.3,45.0269245086298,8.78869421378729,27.8270946139077,15.3,45.6989324054448,2716.97436280471
ARM,2010,17.9126819526397,28.4451645997959,99.8,45.0884211383162,5.7160373406455,27.8270946139077,25.0,45.6989324054448,2796.08143428043
ARM,2011,17.9126819526397,35.367887872035,99.5,45.8726679463546,6.44066805582743,27.8270946139077,32.0,45.6989324054448,2943.83687119315
ARM,2012,17.9126819526397,40.0600551046667,99.5,46.2879779353927,4.67672759828402,27.8270946139077,37.5,45.6989324054448,3159.75860786889
ARM,2013,18.4347628834968,42.380240486921,99.4,48.2956986839071,3.11193185351156,26.7090481417071,41.9,45.749756861728,3266.29882999873
ARM,2014,18.0720363470662,48.9171731063841,99.7,48.4456433755783,3.50211415457343,25.2705329463993,54.6228,47.4130437470384,3393.09252326884
ARM,2015,17.2231200318056,45.630782609944,100.0,48.7606171356523,1.74473701796819,25.7086994351611,59.1008,48.2126693907876,3512.39350276709
ARM,2016,16.39047353385,48.8756443742773,99.8,50.6167926443804,3.16536727816995,25.5771330395605,64.346,49.9105094267778,3533.88503607007
ARM,2017,14.9942601242776,51.5425858055791,99.7,51.9477761630882,2.19257337687685,25.8095323791656,64.7449,50.7652583569469,3815.3747426037
ARM,2018,13.9423116554146,55.5020027333594,99.9,48.307898790338,2.14204783415544,24.7565578476257,68.2451,52.6163051198371,4027.83393010979
ARM,2019,11.5256107379588,60.1552379151791,100.0,50.3592783648986,0.736345856475298,24.9716084573435,66.5439,53.9731853016919,4343.45839583019
ARM,2020,11.3498051554549,72.1929140858516,100.0,52.2190976997733,0.463408850763634,26.8172956979296,76.5077,53.2412027973394,4032.09043454955
ARM,2021,11.3435484176857,61.6738125458808,100.0,52.9376715822725,2.64014282794454,26.3643404113901,78.6123,53.0783701392799,4264.79961505187
ARM,2022,10.1467039255683,52.5538426755394,100.0,49.5448558242117,4.99991586140552,25.4370966437794,77.0277,55.6162023383919,4791.00481712183
ARM,2023,8.10223799188799,55.404960257376,100.0,51.464636561186,2.39959276465582,22.8800961616671,79.9966,60.3450320849135,5197.23509013575
ARM,2024,7.80588621754673,64.3799433173924,100.0,51.6221413408052,0.506878336560983,22.8570663651858,79.9966,61.9893697453885,5378.31799981682
ATG,2004,1.24102789876908,54.42291661404,97.9,49.9543541630426,10.1893673033827,12.1583925458935,24.2665,76.071148898087,16433.4130541483
ATG,2005,1.32911556344139,53.9303290896611,92.2,50.3642347768599,10.8186629996336,13.5142398300804,27.0,75.4202660173805,17301.2134317518
ATG,2006,1.23269847041978,56.9746755608082,100.0,50.6231769549281,11.010544401215425,17.1234005318303,30.0,71.5729334757608,19259.6486517907
ATG,2007,1.17905441578912,56.8669025605526,100.0,50.6590283450837,11.010544401215425,16.3197565694621,34.0,71.1680731486854,20770.2689732844
ATG,2008,1.13038950169178,58.6556354220414,100.0,50.9593888378512,9.85935759677714,17.6099656888504,38.0,70.9330112254288,20464.786306605
ATG,2009,1.11203119991452,65.7920450902874,98.5,51.6048881399569,6.05699272043589,18.0457313815579,42.0,71.4897424938562,17746.700856041
ATG,2010,1.21464881302167,69.9672803619414,98.7,52.5390147086811,7.21860114712015,14.8379422285868,47.0,73.6585518921479,16135.397384487
ATG,2011,1.41518526297013,67.7158524340669,94.6,52.6145323962141,5.4088284644018,13.2274797388855,52.0,75.0560291380288,15633.9091131821
ATG,2012,1.37701946118754,61.878190497643,100.0,53.1341994600021,9.14709758740785,13.0746288099393,58.0,72.675906501627,15989.3900199779
ATG,2013,1.48400040236501,61.2782354058857,100.0,53.5430702246149,7.00759321793992,14.7598104413721,63.4,74.1365917448112,15748.1952024226
ATG,2014,1.44123185699971,56.0332947393022,100.0,54.1410067239807,3.35554163274444,15.3667820905787,67.78,73.9444622042654,15967.284996712
ATG,2015,1.44568317612291,48.6317411322758,100.0,54.4112830836989,7.93223201859466,15.9280224466081,70.0,73.0844247026056,16077.6340769406
ATG,2016,1.45850375317323,47.0134239034493,100.0,54.5049047408101,6.54079848427652,17.7641082763748,70.9743,71.1511637447693,16635.895232831
ATG,2017,1.66091151055353,44.2266252584994,100.0,54.188247670037,9.85575663347108,18.8045201502856,71.9621,70.2893986887414,16992.9327495236
ATG,2018,1.62679191195975,41.6541874622447,100.0,54.7593556383935,11.010544401215425,20.6520988023085,72.9637,67.9048534037132,18042.1596435727
ATG,2019,1.64671204635507,41.9491312714393,100.0,55.8657560901886,7.75630247071163,21.0807459545502,73.9792,68.4305821629078,18525.2588907167
ATG,2020,2.27894065728784,53.7704057805228,100.0,56.0999877808229,6.82766026835143,21.1209995224877,75.0089,67.8301000676913,14950.8942397208
ATG,2021,2.08080004808426,45.4347464248891,100.0,55.305223900281,11.010544401215425,20.4832005622159,76.0528,68.4400819281788,16084.7214406048
ATG,2022,1.95566032307286,38.1699416436992,100.0,55.997466048887,11.010544401215425,19.6581959747844,77.1648,68.4082282185752,17456.8722243104
ATG,2023,1.94326780682544,38.0118435193016,100.0,56.4243401985256,11.010544401215425,18.9871150486925,77.5756,69.0617140789051,17789.4058123944
ATG,2024,1.94326780682544,38.5522100446786,100.0,56.8251366111918,11.010544401215425,18.9871150486925,77.5756,69.0617140789051,18350.185036972
AUS,2004,3.05821916621123,102.447693760099,100.0,74.1660788856522,6.96956991636737,23.8819093880673,63.0,64.3168864121386,42135.66185499995
AUS,2005,2.88921493532413,108.259010705054,100.0,74.5100348841569,-3.60113772652235,24.5233189129708,63.0,64.4367967376177,42135.66185499995
AUS,2006,2.74011319183189,113.405916759874,100.0,74.4937733136985,4.0750646338694,25.4872372064967,66.0,63.8069766675422,42135.66185499995
AUS,2007,2.21281034154067,120.28724964726,100.0,74.6830226329965,5.18803286061474,25.5716480180669,69.45,64.3888123066094,42135.66185499995
AUS,2008,2.35417910776003,121.444819283971,100.0,74.3024667592351,4.26757732505596,25.5090768525458,71.67,64.5204265131048,42135.66185499995
AUS,2009,2.31423570641201,122.113074120131,100.0,74.5701086200883,3.10519028312049,26.9775545923991,74.25,64.0980944516659,42135.66185499995
AUS,2010,2.21824837320556,124.791339290254,100.0,74.7664029539042,3.08482804330762,25.108230070574,76.0,65.7221133234751,42135.66185499995
AUS,2011,2.30485962261499,121.790806241678,100.0,75.3840330275644,4.67434620832808,26.461435749675,79.4877,64.6277803155417,42135.66185499995
AUS,2012,2.27317856495351,120.774756172135,100.0,75.5497269797666,3.70774989384992,26.3333149596521,79.0,65.156327929036,42135.66185499995
AUS,2013,2.29076813252161,124.183275636084,100.0,76.0131963183861,3.43950309398958,25.1836151421438,83.4535,66.2010159886715,42135.66185499995
AUS,2014,2.22695769265967,127.88384873162,100.0,76.2214635366506,4.28599049307814,25.5698594984676,84.0,65.630632060795,42135.66185499995
AUS,2015,2.37664391487055,135.800292705604,100.0,77.2978546767242,3.456117831131,23.6861098353126,84.5605,67.1766453865526,42135.66185499995
AUS,2016,2.41300232330254,141.48987381863367,100.0,77.3912811084173,3.54660341826144,22.3130168026382,86.54,68.1551944466641,42135.66185499995
AUS,2017,2.72098319651067,140.108067004121,100.0,77.9738375060236,3.62158795648508,23.4479311698975,86.545,66.9319819368015,42135.66185499995
AUS,2018,2.47191752630847,139.498062822532,100.0,77.4955134119303,4.23450805251819,24.1083351497002,90.0,66.5920108343803,42135.66185499995
AUS,2019,2.12424911197662,135.666714386567,100.0,78.3832443026644,2.77077560426989,25.2555129054284,93.6099,66.0475607167608,42135.66185499995
AUS,2020,2.01512715396535,141.48987381863367,100.0,78.0429082421948,1.34826011276187,25.402839408227,94.6935,66.2547020974296,42135.66185499995
AUS,2021,2.30537875480088,138.339567139855,100.0,78.0006057330855,2.01542405903096,25.4357795203592,96.9722,65.7262019595193,42135.66185499995
AUS,2022,2.67242699950618,133.643883130747,100.0,78.5533115520414,4.05215286724898,27.4019620848457,97.0424,63.3627768729711,42135.66185499995
AUS,2023,2.57169831894523,126.962120898014,100.0,78.170023265328,2.03614704389564,27.5167800860919,97.0631,63.6365823532904,42135.66185499995
AUS,2024,2.03565265249391,129.317349644696,100.0,78.4103732027917,3.03883928325354,25.5307319894404,97.0631,66.1399054113301,42135.66185499995
AUT,2004,1.4931762753994,88.4249908125088,100.0,67.3322929050045,1.0640170021225,27.6147888470095,54.28,59.9626359213759,40333.3307183894
AUT,2005,1.28239498294254,94.9670359723065,100.0,67.1522434843168,11.010544401215425,27.4182050564472,58.0,60.1404134231844,40989.0131778975
AUT,2006,1.32751796800624,95.1090616207875,100.0,66.5940783803328,3.14473468828869,27.5909068762418,63.6,60.2518374028565,42120.1557002022
AUT,2007,1.46196340335606,93.5025894904191,100.0,67.1489446991614,11.010544401215425,27.7667298480281,69.37,59.9241173078912,42135.66185499995
AUT,2008,1.38504114785417,96.4418920331131,100.0,68.537152585893,1.46799597032563,27.4122024469169,72.87,60.4339457519,42135.66185499995
AUT,2009,1.17655306368833,98.3438510262014,100.0,69.6953389821025,3.58137196898673,26.2777017438174,73.45,61.5565047607551,42135.66185499995
AUT,2010,1.29288595990855,99.1468795000545,100.0,69.8497793264219,-4.3599322772924545,26.0396419655738,75.17,61.6368683831245,42135.66185499995
AUT,2011,1.46130648071081,96.672569255418,100.0,69.0368826223907,5.35812778038962,25.8570853999006,78.74,61.6607142402264,42135.66185499995
AUT,2012,1.41768134316306,94.8379795773965,100.0,69.2446899797033,1.2830027920872,26.009804939464,80.03,61.3539590600962,42135.66185499995
AUT,2013,1.27784992108872,93.3411391388064,100.0,69.5168069455145,-0.302633479129545,25.9697730865151,80.6188,61.5862394505333,42135.66185499995
AUT,2014,1.27555801772568,88.3599171258328,100.0,69.4117562170567,0.389557041234778,25.7857017006482,80.9958,61.8415922139115,42135.66185499995
AUT,2015,1.14362854172989,86.4399964991008,100.0,69.7047640668257,-1.80409511056007,25.5152402246539,83.9401,62.1631640037401,42135.66185499995
AUT,2016,1.14928264077268,83.5897539711459,100.0,70.0892354860486,-4.3599322772924545,25.9124691845374,84.3237,61.764351964317,42135.66185499995
AUT,2017,1.19990203076681,84.7370865911526,100.0,71.1478477781726,3.38180275607348,25.8023213025638,87.9356,61.8559536613009,42135.66185499995
AUT,2018,1.10911414021412,84.8629638770058,100.0,70.8704419022623,-4.3599322772924545,25.7190926354333,87.4791,62.2430323743685,42135.66185499995
AUT,2019,1.04463413653499,86.3027943646251,100.0,70.9879750350163,-2.85255617561831,25.5363771006496,87.7522,62.5614077818279,42135.66185499995
AUT,2020,1.07138113272871,93.0516337886918,100.0,71.2713342578913,-2.76332070661681,25.6544867826211,87.5294,62.8123620241372,42135.66185499995
AUT,2021,1.2152388657488,93.0624546800894,100.0,70.6387120416155,3.95409878611296,25.7253456572227,92.5292,62.30330605534,42135.66185499995
AUT,2022,1.34649596457301,89.1835529946886,100.0,70.0972792146589,3.0221599256451,25.8444683875386,93.6141,62.4358937094137,42135.66185499995
AUT,2023,1.24176172038934,84.1024713084051,100.0,71.1617792722691,0.566112370322707,26.0904948643547,95.3347,62.579986897047,42135.66185499995
AUT,2024,1.21663375792448,81.7652651021229,100.0,72.3416687261318,2.55351579610657,24.5834201904085,94.9197,63.9706809373681,42135.66185499995
AZE,2004,10.9880190382406,32.8688540294339,99.0,48.5573966294768,11.010544401215425,50.7690323790767,8.03038,31.7987854915477,2111.4533834475
AZE,2005,9.14753443801158,32.8688540294339,99.1,48.6052617068306,11.010544401215425,51.54601351155545,8.03038,25.0852465561988,2674.3688564996
AZE,2006,7.09103711685568,32.8688540294339,99.5,48.0995480562203,11.010544401215425,51.54601351155545,11.9922,23.562871722763802,3556.83212858133
AZE,2007,6.54008215652051,32.8688540294339,99.5,48.8253876337599,11.010544401215425,51.54601351155545,14.54,23.562871722763802,4412.20326117932
AZE,2008,5.57089184098542,32.8688540294339,99.7,48.2766273881707,8.1611083168233,51.54601351155545,17.08,23.6588501440061,4778.12452736673
AZE,2009,6.12193306461806,32.8688540294339,99.9,49.206106042527,6.54746236391725,51.54601351155545,27.4,31.3211521986433,5118.43395494687
AZE,2010,5.54456611326975,32.8688540294339,99.9,48.0532593089863,6.337255132933,51.54601351155545,46.0,28.216178028965,5300.11048729062
AZE,2011,5.07622595138436,32.8688540294339,99.9,48.042689263385,6.80050011965746,51.54601351155545,50.0,27.7128374486387,5149.20665913206
AZE,2012,5.13976950772418,32.8688540294339,100.0,48.0596829037314,7.59651867931835,51.54601351155545,54.2,29.522301196302,5193.17501119552
AZE,2013,5.3662644804235,32.8688540294339,100.0,48.5244431349249,3.53211598676051,51.54601351155545,73.0,31.4925578357568,5425.99559780578
AZE,2014,5.31940671805552,32.8688540294339,100.0,48.9423100194364,5.88846176710651,51.54601351155545,75.0,34.1869146526,5508.60265612676
AZE,2015,6.17763883780802,32.8688540294339,100.0,49.5804455785965,7.62606837682972,44.8913203383597,77.0,40.6504229496138,5500.50364628486
AZE,2016,5.60511177455763,32.8688540294339,100.0,49.3350831297579,11.010544401215425,47.5578070076723,78.2,39.322666701972,5272.71817141861
AZE,2017,5.60736901068842,22.099603808676,100.0,49.276016100813,7.01669598350389,49.7017251037138,79.0,38.1231713246647,5229.25259993413
AZE,2018,5.21238076212356,20.766485823452,100.0,49.0193195209717,2.97797589143235,51.54601351155545,79.8,35.2831743494981,5261.92938234432
AZE,2019,5.69538024963307,23.0018690122863,100.0,48.9199519064652,3.12183056112494,48.8232665251868,81.1,36.972533524144,5346.95318604114
AZE,2020,6.7389474235341,26.0320151044626,100.0,48.9942961491657,1.18790387182911,41.9563201571824,84.6,42.3542363329985,5087.50022783627
AZE,2021,5.72598365721349,22.9250440750459,100.0,48.8282152761729,-3.11473447263613,48.8181736249399,86.0,37.7011733502712,5349.58226071425
AZE,2022,4.61220830811053,18.2984687873762,100.0,48.7899579240212,-4.3599322772924545,51.54601351155545,88.0,32.0714593346256,5599.58524971025
AZE,2023,5.51058894617326,23.1277980537513,100.0,49.4568024717014,0.349083720733803,45.8408458162374,89.0,39.7647496434616,5668.61021317029
AZE,2024,5.65717090005303,26.394691931299,100.0,49.8776478507312,0.311206693209432,42.6119822379825,89.0,42.3163443805061,5871.14373251952
BDI,2004,37.39843224498363,17.3507477479317,22.250000000000014,6.64303347062412,0.0048828571441574,16.3230191571129,0.34906,33.9799370317603,258.050009115333
BDI,2005,37.39843224498363,14.5436683318932,22.250000000000014,6.80888072027702,0.0523404213217611,16.9330035986109,0.542143,37.1551607125713,250.878933475935
BDI,2006,37.39843224498363,15.8308802198641,22.250000000000014,7.22412912389116,0.0024811054278952,15.3152912436064,0.657593,38.410794717154,255.105582251925
BDI,2007,34.9341719197591,14.7745242569166,22.250000000000014,7.60142590794398,0.036885807330262,17.1561942189062,0.7,43.0883071581775,254.311725516331
BDI,2008,37.39843224498363,13.6629151516452,22.250000000000014,7.96018394492752,0.237816296916251,15.415205278109,0.81,41.2312238931862,256.012461554496
BDI,2009,36.8532403738342,14.6793826690786,22.250000000000014,8.1917776774012,0.0196229518082158,16.9763256366128,0.9,40.2616179915822,252.582019875886
BDI,2010,37.39843224498363,18.3619180287296,22.250000000000014,8.57724078722435,0.0384119130803942,15.3861562777509,1.0,40.5940392163762,253.308577749924
BDI,2011,36.7043515146528,21.5599867211629,22.250000000000014,9.00760385467366,0.150057243665302,14.8097338415988,1.11,41.7536789897869,254.242110648215
BDI,2012,35.5104159871754,20.2564835755971,22.250000000000014,9.45930242445199,0.0259911934949934,15.791005307553,1.22,42.0859556112354,256.180393931874
BDI,2013,37.39843224498363,19.3896785284403,22.250000000000014,9.91501358075243,4.7612156740524,15.5846860549996,1.26422,38.7863445996969,259.311117203355
BDI,2014,34.9578238431604,19.2931031434152,22.250000000000014,10.3182774141645,3.38973967159169,15.4515364871187,1.04239,42.3702517475232,261.296721752002
BDI,2015,35.2477391830275,18.0993066345064,22.250000000000014,10.1046758165545,0.264702987630016,15.4180338407269,2.0,43.4303438397491,254.402585226788
BDI,2016,35.5553158342758,17.3430079433227,22.250000000000014,10.2045392934042,0.0021047272647444,16.9063592990669,2.2,40.2511188119853,258.061970808946
BDI,2017,37.39843224498363,14.8751095645513,22.250000000000014,10.2181261572166,2.30701019619549,16.9790944347346,2.66075,39.5777148070243,261.725839288764
BDI,2018,35.3539025487206,16.5086011287819,22.250000000000014,10.9452231908443,0.228727114717487,17.9191253800086,4.0,40.9310421788399,267.508692172687
BDI,2019,34.2483545998177,18.5772261218263,22.250000000000014,11.7288004575192,1.05451097508345,17.5450876204546,6.1,41.989857353193,270.411005710809
BDI,2020,30.5448278523738,19.4037543177132,22.250000000000014,11.5972521220322,0.656677740998658,16.3339922370636,9.17302,47.1778946347437,263.463876356897
BDI,2021,33.162974332658,28.3775482102837,22.250000000000014,11.2800365399661,0.650589004531073,17.1450267497716,10.9847,43.6185071398906,264.682651664249
BDI,2022,34.6837209386611,34.9352492275533,22.250000000000014,11.2488405893982,0.625576918322977,16.933802359546,11.0009,43.4813280068521,263.587550051638
BDI,2023,33.4272042033939,37.3761834505836,22.250000000000014,11.3346329919803,0.990959506801914,18.155774589029,11.0784,43.6322546713513,264.843307950214
BDI,2024,34.9089728751407,37.3761834505836,22.250000000000014,11.5127687848366,1.08105925624791,17.6555373481347,11.0784,43.22195252649,268.700857391724
BEL,2004,1.02291054131515,61.8425933319116,100.0,72.8426885134364,11.010544401215425,22.9599989488568,53.86,65.24479338804,37976.6972967442
BEL,2005,0.840639973990251,63.5977700769197,100.0,73.2749847776115,8.72717720186463,22.5737781481988,55.82,65.8743326615868,38645.2605193362
BEL,2006,0.907269380581052,65.8336190975591,100.0,73.3527130192424,11.010544401215425,22.139925542401,61.9819,66.148949028376,39371.0858277448
BEL,2007,0.887523940039387,68.4438486940037,100.0,73.7134141206963,11.010544401215425,22.2819524770029,66.7604,66.0540499955037,40520.0843207009
BEL,2008,0.712338067185966,62.7583028636525,100.0,73.7747189063997,11.010544401215425,21.59544849636,68.8573,66.9573617790939,40380.9075004042
BEL,2009,0.718679660856589,58.4658025409586,100.0,75.0385215318654,11.010544401215425,20.4890564622648,74.5441,68.2494049346212,39293.637546825
BEL,2010,0.847918635049212,56.7854964068071,100.0,75.2729333494976,11.010544401215425,20.6595926026257,77.6398,67.916796056848,39991.5646206286
BEL,2011,0.726239843441003,55.0145295494018,100.0,75.4657785287695,11.010544401215425,20.7514599517248,81.61,68.1083915474617,40236.9596308558
BEL,2012,0.84457469539348,54.4903281452635,100.0,77.0718753340351,2.36956900950954,19.9956487544689,80.72,68.6739965906651,40074.492800399
BEL,2013,0.764565477908541,56.159869726618,100.0,76.9365903031326,-4.3599322772924545,19.9151935690442,82.1702,68.8013394276922,40007.8997891411
BEL,2014,0.716518219283319,57.6106231184791,100.0,77.3887650837691,-2.82643623555084,19.6190570732838,85.0012,69.2884674792442,40533.9135027898
BEL,2015,0.750617272066574,60.8026221428606,100.0,77.3893771818411,-4.23261410354123,19.4767746872729,85.0529,69.4272004004447,40893.804537772
BEL,2016,0.673190543684684,63.6160862759358,100.0,77.4842567842084,11.010544401215425,19.0981057822176,86.5165,69.5878866778803,41172.8862831209
BEL,2017,0.729532583142538,65.3372340367951,100.0,77.647329015663,-4.3599322772924545,19.1545604130921,87.6797,69.4180202757195,41619.328629169
BEL,2018,0.664625571120094,68.168572322727,100.0,78.2148315465941,-4.3599322772924545,18.9641251486969,88.6473,69.6766949921631,42135.66185499995
BEL,2019,0.718789583537128,69.360003620854,100.0,77.7955318791623,-1.97252997818915,19.2417105698694,90.2754,69.5353313801023,42135.66185499995
BEL,2020,0.712818023641571,76.125350915761,100.0,78.295927666863,-4.3599322772924545,19.0811705163268,91.5264,70.3395076969123,40769.0218072962
BEL,2021,0.654899384879513,74.7536988644538,100.0,79.1522132042397,5.6774240968721,17.9965228539946,92.7887,70.7487167204956,42135.66185499995
BEL,2022,0.671430411514796,72.6022435766675,100.0,78.467809392514,2.22243107053374,20.0021164809193,94.0078,69.470724775351,42135.66185499995
BEL,2023,0.774565666013089,69.2782899991251,100.0,78.7661117864497,-0.652181403274143,19.4660546903987,94.6263,70.2566485434437,42135.66185499995
BEL,2024,0.791636827597192,68.0983723586982,100.0,79.4676830825322,-4.3599322772924545,18.7357058631394,95.7758,70.9861225353144,42135.66185499995
BEN,2004,26.5208492800284,7.80447197593826,25.2,35.6639495807221,-0.658688596039682,20.4994246078487,1.18254,36.8973075406702,907.624431209378
BEN,2005,26.6894285026991,9.03431033571312,26.1,35.6755836423712,-0.133820369489742,21.6135923867357,1.27103,38.0187915766517,893.91536869992
BEN,2006,26.631803428758,10.3350666644978,27.9,35.9437384748438,-0.175764667500161,21.1570137776206,1.53785,39.2378743115272,900.62053578735
BEN,2007,26.9710869666408,12.3091832074478,28.0,36.5199188864345,1.70386973478894,19.5111771844474,1.79,41.0098695799623,926.740113754071
BEN,2008,26.8261561852139,12.78056590883,29.0,37.0752438948798,0.492562990177947,17.6606220766815,1.85,43.8028111047733,943.203380303862
BEN,2009,26.9789553760994,15.1297116490958,30.0,37.3103950010002,-0.193121764606275,17.9195079292369,2.24,44.0902785058205,936.565651071554
BEN,2010,25.8411354962681,15.8348376803157,34.2,37.5046271484103,0.561144747750256,18.0090531395068,3.13,44.5474397323122,928.246655329144
BEN,2011,25.7970008253273,16.5743404440371,36.9,37.9133571825979,1.50844050539908,18.1374491115974,4.14832,46.9792375495936,927.716412836707
BEN,2012,25.7689758312295,15.6475924079483,38.4,39.3766539694419,2.52705777310103,16.9566846878966,4.5,48.8721211959796,943.918771531001
BEN,2013,25.2754046390823,16.4539498482643,34.7,40.9861914579717,2.87863747120321,17.2437092893088,4.9,49.4207609001386,982.399206290516
BEN,2014,25.6184529738008,16.7371091356356,34.1,41.0568064161057,3.054209933397,16.4115774866134,6.0,49.528551651517,1014.4330062135
BEN,2015,26.3920850925037,16.7357064364676,29.6,40.4905279874369,1.31501182124746,16.3850954444902,11.255,49.2408968968993,1002.41886879614
BEN,2016,27.7536354980493,17.4823722798533,37.0,40.0441701308582,1.11488130998834,15.7020683118185,14.5,48.2031996094347,1006.03926633023
BEN,2017,28.4890165273264,16.5779195095066,34.5,40.0637303642676,1.58170495191393,15.1075858507501,18.7,48.4009792238265,1032.90471194182
BEN,2018,28.0647739127077,16.7464154376754,39.0,40.3000747297787,1.36073573251591,14.6419567509163,19.0,48.8000788401919,1071.50452156932
BEN,2019,26.8758016258337,17.6107025365193,40.0,40.2452411061624,1.51620780888962,16.3125612015902,20.5,48.0268213377537,1114.17304526443
BEN,2020,27.1091750361118,15.5371207615124,41.0,38.7655592695647,1.10934414138144,16.2905490528658,22.1206,47.8973320949726,1126.65404122154
BEN,2021,28.5289506098592,15.5860792794621,42.0,38.5233559858054,1.95608661099463,16.4674003775761,28.2047,45.8849731676344,1176.37727637273
BEN,2022,26.8966787968124,17.1000410708093,56.5,39.0160692262279,2.15770537478617,17.017826707817,30.0134,46.8939149661431,1218.49668929091
BEN,2023,25.4019723667563,18.6083305389739,57.0,39.8398666470266,2.25158090881957,17.3021977561605,32.2083,47.7222264116164,1263.62158336368
BEN,2024,24.2317229519649,18.9801611697157,57.0,40.6672321336634,2.5276563137227,17.3838276050023,32.2083,48.8795399933978,1324.78312597434
BFA,2004,23.3814384513092,12.9534294603704,22.250000000000014,19.6311850530109,0.263190384062024,22.6591757180332,0.400295,46.4776363991653,474.086412333459
BFA,2005,26.7709190270281,13.2962037127745,22.250000000000014,20.6832556002212,0.848145874654018,20.1658324331189,0.469914,44.5494891325644,499.192797571217
BFA,2006,25.2289761645165,14.6778844337033,22.250000000000014,21.668624477294,1.28064578676022,20.5038527918156,0.632708,47.138528226651,514.113131757062
BFA,2007,21.8394874058463,12.7845581771528,22.250000000000014,22.2957174672465,0.284717939080865,22.5483344043863,0.75,48.1789341308636,519.26101218434
BFA,2008,27.314280245881,15.090956904862,22.250000000000014,22.7714061589215,0.351169723487995,20.5479237002055,0.92,45.0673520982897,533.471299938288
BFA,2009,23.2048471286094,16.0831017980888,22.250000000000014,23.2732681524489,0.599468939611006,22.9558804915607,1.13,45.889730891061,533.470084831931
BFA,2010,24.1433866229434,15.6345262986983,22.250000000000014,24.1341128663153,0.384492219825665,26.0555520336446,2.4,42.120724852489,561.847221302489
BFA,2011,23.043650452489,15.3703421373421,22.250000000000014,24.9342454148463,1.19074493368624,28.3722709055706,3.0,40.5626068793802,581.603658737407
BFA,2012,23.7560050181575,16.6424591713295,22.250000000000014,25.7504156379259,2.62145990530181,26.8675103794383,3.72503,40.3188210511278,600.731343697818
BFA,2013,23.6410927919708,20.8210379838202,22.250000000000014,26.6211791013326,3.64766773141753,24.0957515828697,5.0,41.5589270375237,616.741331164082
BFA,2014,23.6937727725999,23.4056081561129,22.250000000000014,27.2527939907872,2.56255154786841,24.9295392471244,6.0,42.4959291277041,624.576885187665
BFA,2015,22.6464984902029,25.0377705622704,22.250000000000014,27.8861036956258,1.95992715697747,24.3613757844362,6.55,44.0578267356519,630.124750752312
BFA,2016,21.7147178290213,25.8099456026526,22.250000000000014,28.7449132991202,3.04380349897538,24.8815173666488,7.14,43.8058266776224,648.420480176012
BFA,2017,20.5855872188282,27.4216018903543,22.250000000000014,29.6802742681287,0.0182370342122821,25.1402372200063,7.79,43.9679835884394,669.276310328333
BFA,2018,20.9974732840091,27.1497137139349,22.250000000000014,30.6327246191108,1.68919942943091,25.5894433780973,8.5,43.5508126426667,694.492813126351
BFA,2019,18.2205245524421,28.3478578876958,22.250000000000014,31.4286234443131,1.0164787373679,27.4259133812459,9.27181,45.3162521473929,717.021595096634
BFA,2020,17.9151635677562,28.6738905255504,22.250000000000014,30.3902504374231,-0.557279533533573,29.4694767840377,10.7927,44.9534162457844,713.8421779224
BFA,2021,17.2902157538449,29.4819696538483,22.250000000000014,30.1740154768281,-0.405926078113797,28.5306243008568,12.5631,45.3590661191773,745.472563435144
BFA,2022,20.6297606481805,31.6493056662127,22.250000000000014,30.4030795798118,3.59640793567206,26.0439488959765,14.6238,46.6196992594799,740.306319930259
BFA,2023,19.00655933992,31.910243336278,22.250000000000014,30.7417979494269,0.544129932348491,25.7539427182556,17.0226,47.5753324078222,745.405334618409
BFA,2024,20.9326147949123,27.1571923411989,22.250000000000014,31.1555829082131,0.358681465803854,26.5145073963928,17.0226,43.9471331300685,763.833733522408
BGD,2004,19.2669595662859,27.9134032883374,40.6,29.2028328870851,0.689472335587339,22.7797200060528,0.199036,52.8058618188649,702.656357081873
BGD,2005,18.5710395455964,29.3438304968623,44.2,30.4395142362302,1.17065167448603,23.2998442190711,0.241637,52.8799568974096,739.203718353409
BGD,2006,18.0340165108542,31.1657016961389,50.5,30.877011938852,0.635863899506714,24.0953205119221,1.0,52.7445971888149,779.419570444998
BGD,2007,17.8065367823955,32.0428330535648,46.5,31.3752643173313,0.817756922700044,24.5005410079343,1.8,52.8840217973928,825.508229964537
BGD,2008,17.5956955421992,34.0421917464818,54.3,31.8272281233023,1.4496579161576,24.7270013036793,2.5,52.932121684056,866.45815762135
BGD,2009,17.1046290519632,36.1910375652522,57.1,32.2859108313342,0.879517142536145,25.2955721814431,3.1,53.3233235281853,901.729626251937
BGD,2010,17.0011812592919,40.9613226292342,55.3,32.7415073670905,1.06896766308322,24.9564767264585,3.7,53.4982962820487,943.66422864236
BGD,2011,16.8099867573503,42.4702411629772,59.6,33.1927100053692,0.983399364184761,25.0452996007551,4.5,53.045792114203,995.579947155662
BGD,2012,16.1775631732753,43.0006693750914,65.5,33.6489046386861,1.18850391920183,25.3099593902625,5.0,53.1515772385279,1050.39140404066
BGD,2013,15.4932779975908,41.7947548053392,61.5,34.1119221655313,1.73532012481503,26.3070701636507,6.63,53.3901814188466,1103.15695907123
BGD,2014,15.3516208986344,43.7361238704853,62.4,35.0586926571988,1.46870305074204,26.3110467833576,11.9,53.6357543166708,1159.40753475981
BGD,2015,14.7829964369364,44.4069718062837,74.0,35.9780592358065,1.4507824552936,26.8313948329541,12.9,53.7138319423318,1224.38647668165
BGD,2016,13.4647923176039,37.7986426672318,75.9,36.8757190279881,0.879528340271998,31.0691513830358,18.1,51.2078039865767,1299.83091360792
BGD,2017,12.9572760433733,40.4489561448676,88.0,38.9833714183869,0.616341784631384,31.2482919641603,21.5,51.383900544644,1373.75363740186
BGD,2018,12.4800771856196,40.0247365906979,86.9,39.180939785584,0.75354913412869,31.9828135899766,25.6,50.890160724185,1462.25050255713
BGD,2019,11.9753231358984,39.0344709350066,92.2,39.355073841414,0.543244141585063,32.8525491977868,30.4,50.8492887427224,1564.20802445636
BGD,2020,11.9996868602485,39.161059242521,96.2,38.482235139488,0.407859894856915,32.9115650824449,36.1091,51.5113093348259,1604.6659234742
BGD,2021,11.6328584271282,39.0820163295701,99.0,38.2385272243361,0.414118154040593,33.3160943869001,38.9174,51.3015069352743,1702.08028414189
BGD,2022,11.2176010351595,38.9555684288032,99.4,38.3624693337989,0.347960024540439,33.9200804971876,41.6165,51.0380826788136,1804.3493461776
BGD,2023,11.0036900209598,37.6413802339103,99.5,37.0078031657165,0.339361232770537,34.5942721606063,44.5027,51.1119129405073,1885.37733613545
BGD,2024,11.1648014276903,35.8111715787963,99.5,37.3715657723132,0.292042784584373,34.0971743458877,44.5027,51.4166555046575,1941.27874360025
BGR,2004,8.45218537659142,33.1446390021309,90.1,56.3376360771197,11.010544401215425,23.1334052420728,18.13,54.0545337686821,4849.87141310477
BGR,2005,7.28368572889434,39.0634456637608,90.6,56.8193021031483,11.010544401215425,24.2323985840088,19.97,53.5290714639992,5231.33811895255
BGR,2006,6.09628492053004,42.4504456723938,91.2,57.4194436407278,11.010544401215425,25.370402523961,27.09,52.9401118883602,5629.80127993005
BGR,2007,4.65178489194212,58.4585074534344,91.7,56.9553473478946,11.010544401215425,26.2601834036365,33.64,53.9231720397525,6048.74231752797
BGR,2008,5.86962692201849,66.9202948770101,92.3,56.1055933877593,11.010544401215425,24.9905785476636,39.67,53.2162517660805,6464.72198023576
BGR,2009,4.23578565966123,68.9585675826522,92.9,57.5097936147253,7.4901573261348,26.5673405144322,45.0,56.0934493454046,6288.72543188686
BGR,2010,4.03250076157469,68.2016658058432,93.5,59.9086943604236,3.63569636783254,23.7541772436849,46.23,59.500569647052,6428.71742590538
BGR,2011,4.66136906796064,65.2789533793202,94.1,62.0116274069216,3.64730034700454,25.0301012066171,47.98,57.5905061435305,6605.30851691027
BGR,2012,4.43014002376589,65.7832885389643,94.7,62.002428693972,3.29319904868212,25.3837646988557,51.9,57.1818718497871,6693.4277325127
BGR,2013,4.51541694501881,66.1868503636621,95.3,62.9813335995548,3.56335772880844,23.5074812631202,53.0615,58.1902311834487,6792.73549964735
BGR,2014,4.55871704995626,59.2265470205194,95.9,63.095148897052,1.91587739023798,23.4443018802846,55.4904,58.7280722436486,6941.01853946718
BGR,2015,4.06197577427238,54.7945970156139,96.6,62.8967613770407,4.37575066215901,24.0301394911987,56.6563,58.2751717161103,7268.65445473873
BGR,2016,4.0548985296075,52.019750215835,97.3,62.9277595504621,2.75996039584459,24.4597736962039,59.8255,57.5930646010408,7586.50411050819
BGR,2017,4.04317689807308,49.8038881171013,98.1,63.4922505111163,3.39254658352441,23.9892951281784,63.4101,57.9586661145076,7898.70693013652
BGR,2018,3.40461542057457,50.5406119539966,98.7,62.9891363575308,2.73817844158842,22.2389603260891,64.782,60.9475532175592,8194.37434587757
BGR,2019,3.20205597512235,49.8324848400669,99.2,63.7254654087624,3.24233477901203,21.5624567722623,67.947,61.496655695838,8626.13418680372
BGR,2020,3.43599846300539,51.3032043573463,99.7,62.476625791912,3.97434259753147,21.843324087593,70.1625,61.5163725088911,8440.08304721192
BGR,2021,4.32894729732106,48.1534647397881,99.8,63.5827724879782,2.52884122158723,20.7501971561216,75.2714,62.4283877983405,9161.47737990726
BGR,2022,3.71136413583789,44.7288137825196,100.0,63.2162693784399,5.24661564677497,25.3037212349858,79.1269,59.8938030075942,9597.86796406548
BGR,2023,2.52244655399312,45.3249402189437,100.0,64.1643182242296,5.05888344751487,22.7029866666098,80.3896,62.4320967681537,9787.26510772747
BGR,2024,2.35105625712058,47.067902488525,100.0,67.0251149129062,3.1312025090285,21.1316956323365,82.439,63.7625806598714,10126.8980075708
BHR,2004,0.268763501054214,43.9429196313401,100.0,68.3944022413867,6.58021002500264,45.2834880040933,21.4587,53.4635279305642,23688.1121059225
BHR,2005,0.268763501054214,43.6843509050045,100.0,67.3783296355403,6.56659445840223,45.2834880040933,21.3037,53.4635279305642,23439.6704353038
BHR,2006,0.268763501054214,44.8777557241595,100.0,66.2349672577557,11.010544401215425,45.2834880040933,28.244,53.4635279305642,23095.0181330228
BHR,2007,0.29227169028013,53.1180542636418,100.0,65.2310309224479,8.08243218951671,45.9178652906561,32.91,52.8099940272787,23112.4888058398
BHR,2008,0.264810236570707,64.2133791234367,100.0,64.1274183317475,6.97757782740497,50.4076629462208,51.95,48.3070764329234,23127.2148040048
BHR,2009,0.337284356568349,71.4372673126356,100.0,64.3087447567656,1.12105291032725,43.0997000499723,53.0,55.5964970660087,22206.9371985225
BHR,2010,0.285542784290186,64.9376677365426,100.0,63.1930285946127,0.581105356633959,43.9268581860394,55.0,54.7856196764576,22224.0736166249
BHR,2011,0.279873967809159,66.9065925077703,100.0,63.6565170742536,2.61026038592024,48.2947958378082,77.0,50.6068677586612,23288.0449398313
BHR,2012,0.265180259339138,66.5172271480683,100.0,63.9105412584633,4.83265436536461,46.3397302766462,88.0,52.4449503421466,23894.8804447088
BHR,2013,0.264280047210277,66.9876399343585,100.0,63.8451831807411,11.010544401215425,46.6971284608616,90.0,52.1331512230717,24271.6278814506
BHR,2014,0.287965783699072,61.3347998045045,100.0,63.710128935467,4.36728984042946,45.3135767644884,90.5031,53.7209538895267,24135.4991304849
BHR,2015,0.301911232209971,70.5500803025,100.0,63.7681669010783,0.199529633421541,39.0907990671172,93.4783,59.7147216888712,23734.0551143019
BHR,2016,0.315996684624948,70.5500803025,100.0,63.6403021318337,0.718174283238518,38.2033398636175,98.0,60.7104509663565,23715.2791328712
BHR,2017,0.27707464645461,70.5500803025,100.0,63.6675665887466,3.83300891199591,39.9934662996166,95.8781,58.8266074582833,23606.8867501313
BHR,2018,0.275112316804637,70.5500803025,100.0,63.7994483449178,4.18079308703845,41.4758871750475,98.6447,57.2061547726912,24059.7838641562
BHR,2019,0.268674381904261,70.5500803025,100.0,63.9398372333248,2.32837980010521,40.6177669647554,99.7015,56.3995265649658,24873.6640060134
BHR,2020,0.303155113748103,70.5500803025,100.0,64.501191970353,2.84973228101032,39.1001079781372,99.671,57.8230716997095,23586.9309581516
BHR,2021,0.268626041292218,70.5500803025,100.0,63.9100093233803,4.3566259787756,44.2164324898801,100.0,52.8740707167008,24086.7847803428
BHR,2022,0.246160469147506,70.5500803025,100.0,63.8685245593234,4.20018456310523,46.3896273702963,100.0,49.2411387955769,25234.40256182
BHR,2023,0.251492806718451,70.5500803025,100.0,63.9777911177961,11.010544401215425,43.4381277604186,100.0,51.944952554339,25342.6226641572
BHR,2024,0.245503085002405,70.5500803025,100.0,64.104099493321,5.73694505846498,42.2903517348565,100.0,53.1861438651827,25812.4504577306
BHS,2004,1.16175185996252,47.9211598965908,100.0,79.496624798596,3.02143829739302,10.3431253996283,22.0,82.3264633159181,32444.0739567569
BHS,2005,1.06443545271548,50.3639616925235,100.0,78.6804271803506,5.72797116772737,10.8090522762856,25.0,82.1953599967467,33144.7878790275
BHS,2006,1.17042464776611,56.6101944970371,100.0,79.1907384637842,6.94760136713467,11.7337529813863,26.0,78.9505520175072,33541.850748701
BHS,2007,1.09339124571261,58.5628262044726,100.0,79.7395039643102,6.71809341196458,9.25945110064285,27.0,82.0796847718193,33549.3360007274
BHS,2008,1.04313129393882,62.1014630438913,100.0,80.8082562880363,8.17172902365571,10.3895116853506,31.54,81.2017860535816,32331.8246135092
BHS,2009,0.9096409923502,66.0792068892282,100.0,81.0555568236288,6.65159948547179,10.0100581448934,33.88,82.3926363159139,30581.3342198488
BHS,2010,1.09749043162674,65.148141397973,100.0,82.1225191225528,8.63699216304667,11.4998771761611,43.0,81.1380222984698,30657.4319059659
BHS,2011,1.09230471329484,66.0139318501159,100.0,83.1302003337053,6.61957509346653,12.0451419747876,65.0,79.8623696061248,30492.6738528071
BHS,2012,1.07272116712063,61.8419088839969,100.0,83.4160691303549,4.90812842804373,13.0340285810231,71.7482,76.9411589119809,31553.4919490645
BHS,2013,0.927897053067693,62.191058967285,100.0,83.9316071125979,3.64907926264642,12.939963533264,72.0,79.0402184185656,30368.2631244189
BHS,2014,0.838487849108097,58.0675278972269,100.0,84.152541484533,2.25581446274834,13.1841890278389,76.92,78.3941251986247,30658.5344563722
BHS,2015,0.815199026829763,54.083598026627,100.0,84.5565772475112,0.642663417838075,11.1534432655268,78.0,76.8373656822329,30719.405417469
BHS,2016,0.877037934836586,51.9421929315119,100.0,84.6758944104077,3.28594665732394,13.1841863831865,80.0,76.489996549083,30152.1619246021
BHS,2017,0.770472969173047,51.9421929315119,100.0,84.5698173229865,2.4470958481014,12.9253067028738,80.6,74.960030208325,30974.7477261317
BHS,2018,0.677109335996006,51.9421929315119,100.0,84.6430668047594,3.83334911094036,12.2620756365452,83.0,75.138854218672,31537.2423841956
BHS,2019,0.53475935828877,51.9421929315119,100.0,84.6218735501286,3.63206527371394,12.9893801310537,90.6933,74.3692099118777,31117.6299132391
BHS,2020,0.775822139879574,51.9421929315119,100.0,84.7222367718078,4.19368341635396,12.1169136946117,92.4437,76.4657634707426,24791.6704945106
BHS,2021,0.454432167483592,51.9421929315119,100.0,84.1842542688762,3.18239411083404,11.850128769627,94.3479,77.1770374678076,29114.0597726386
BHS,2022,0.414483909964884,51.9421929315119,100.0,84.195391722031,3.82040434055862,9.50434632433366,94.7326,80.3098555063036,32186.4575039237
BHS,2023,0.454447231080524,51.9421929315119,100.0,84.2827333668283,2.11151935376225,9.77716369922666,94.8186,78.5584724286734,33009.645615121
BHS,2024,0.514754181193472,51.9421929315119,100.0,84.3569572748268,1.51932088638775,9.62558738820676,94.8186,77.1859683694609,33968.2032187918
BIH,2004,8.58349407590767,47.7751637938284,99.1,46.8439037182432,8.75886067110945,20.2334932914418,15.469,55.6072712671036,3063.83543448936
BIH,2005,8.29736825390212,47.7751637938284,99.1,47.0906216367156,5.55844401745043,21.4328425323645,21.3267,54.6379129823724,3217.81341615345
BIH,2006,8.05428927250657,47.7751637938284,99.4,47.4561984965749,6.57577358932059,21.0300824020691,25.1224,52.5945352093452,3419.75887457192
BIH,2007,7.70495340963332,60.223763080251,99.7,46.4686438067465,11.010544401215425,21.7724374056523,27.92,52.540030120643,3665.08966529499
BIH,2008,7.20727201234942,65.6137184813918,99.3,45.8534515060909,5.25748627826678,23.2014104320358,34.66,53.6513192729013,3929.03297717336
BIH,2009,7.07660163466849,64.0683205924254,99.4,46.1636889841831,0.786371182353609,22.9076469417103,37.74,55.6401320620725,3877.53540078456
BIH,2010,6.79676215913764,61.84531111917,99.5,48.2833783822185,2.5840244914247,22.4540096321725,42.75,55.5086584313191,3981.20985692032
BIH,2011,6.75774539555131,60.5488434520337,99.7,50.3160478253716,2.52952738058176,22.1932597066813,43.8877,55.814728624189,4094.25329541877
BIH,2012,6.13767155368512,61.7159271649019,99.7,47.9531402194638,2.27539881306156,21.6232008180939,45.0645,56.7861594532843,4139.91732773657
BIH,2013,6.84139087123356,60.8344455049437,99.5,50.1740616156762,1.72337931811156,22.3236748683798,48.5213,56.157123436097,4306.73175072214
BIH,2014,5.951057525171,60.2166706701922,99.9,51.8282717250207,2.93590253684149,22.1563691753674,49.9177,56.7834638990021,4412.67617817734
BIH,2015,6.0375681759839,57.9682738840571,99.7,51.511888384548,2.33529310215055,21.7264522311122,52.6,54.9288452772086,4662.25869219448
BIH,2016,6.16559062107215,57.1711781131322,100.0,49.669090708183,1.82975695066219,22.3443510624615,60.2565,54.1749753827059,4876.53471495633
BIH,2017,5.4310487956715,57.5236535627643,100.0,50.484617170996,2.77975922538248,23.1210747823113,64.892,54.4500637250392,5099.81602856447
BIH,2018,5.71878250722931,56.6595114683875,100.0,51.0790118878029,2.93781298692857,23.7113564316664,70.1201,53.7328144420159,5360.25201017633
BIH,2019,5.45004156140876,57.1691026496549,100.0,49.2186375463072,2.18661375097898,23.2037923257609,69.9463,54.5707623650675,5583.29721276458
BIH,2020,5.91443908988891,57.6585618063259,100.0,53.6660084343876,2.38939027026416,23.7775660166922,73.2118,54.6561575085516,5490.75366635139
BIH,2021,5.01931841754809,53.2893802522596,100.0,50.8578260453864,3.24230818475028,24.7993812228801,75.6762,53.8615361275146,5995.54197590494
BIH,2022,4.82624927062683,48.0992917361806,100.0,51.305113715052,3.7882728069108,24.6632482599279,78.8455,54.5016857184557,6327.16206849174
BIH,2023,4.65322230628352,47.3447518824995,100.0,51.7978219491351,4.0920266922729,23.721885700131,83.3772,55.9111157268349,6493.32400514463
BIH,2024,4.53391375315725,48.2673852259527,100.0,52.2463210016924,3.39024835333872,22.4260971974355,86.1009,56.5588566046908,6730.26828824205
BLR,2004,8.85025144123636,24.8038771042749,91.0,50.0306995389715,0.707817258030317,35.0189431066695,16.2,41.8164578990954,3520.40452642524
BLR,2005,8.51859080856531,24.8038771042749,91.5,50.8168926603464,1.01489264466989,37.8387848851416,16.2,39.6283221474447,3877.71738911289
BLR,2006,8.57872759155765,24.8038771042749,92.1,51.5201737628808,0.966130137383779,37.2070344531772,16.2,40.8328812746793,4291.68647163264
BLR,2007,8.30316995882275,24.8038771042749,92.6,52.2490486304584,3.99176494489288,37.0472792241675,19.7,40.4715469411405,4682.20676719042
BLR,2008,8.66625369440669,28.6341928703729,93.2,52.7923319844509,3.60135661387402,38.8242464026726,23.0,37.9914446940769,5177.64534775676
BLR,2009,8.13089893610657,35.9356304010168,93.8,53.6767470455474,3.68858496262614,36.1139633461021,27.43,42.1690842437222,5200.77418555423
BLR,2010,8.89193022882009,42.8113733077251,94.4,54.4045918446498,2.43465600372626,35.3917911979998,31.8,43.4739988900999,5616.0941173307
BLR,2011,8.00188774430829,37.9586183664502,95.0,55.2481544799847,6.48031997656593,36.0880730361763,39.6489,44.138000618399,5941.68999156239
BLR,2012,8.13094268308472,21.7775564368289,95.6,55.9534485412778,2.22818019245943,36.2806503161792,46.91,43.2927264636013,6052.6373706236
BLR,2013,6.80909244753712,22.926202521737,96.2,56.5939404205095,2.97388136295762,35.9037019421087,54.17,45.4217867161879,6115.43288098707
BLR,2014,7.30305697730942,23.6326621102425,96.8,57.373589387499,2.36255232890544,35.3790497233345,59.0163,45.6522130319622,6212.91667418659
BLR,2015,6.2832075832437,27.8828200949374,97.4,58.0722558990166,2.92676775504253,32.6923057673017,62.2304,47.7416980416264,5967.05595058777
BLR,2016,6.89528062433517,25.7170291419604,98.0,58.7157155369539,2.61275643208459,30.9584092512823,71.113,48.5229965560459,5811.20159182547
BLR,2017,7.56580253848292,26.2361143981647,98.7,58.5312028924271,2.33218919527708,31.5544850881623,74.4364,47.6337185881178,5964.89668834561
BLR,2018,6.59010772590188,27.6140940559861,99.3,58.0564023144736,2.37627120733619,31.2656097096379,79.1299,47.8104508104582,6165.91320019277
BLR,2019,6.79466882799274,28.7688813037131,100.0,58.5557774664484,1.976861708457,31.737128716913,82.7892,48.426692673832,6267.73508743505
BLR,2020,7.07723976895662,32.5082968438587,100.0,58.5259318106754,2.27010267778425,31.3515556956682,85.0879,49.0118941389573,6251.98898968645
BLR,2021,6.70661864890688,29.1729868961267,100.0,58.6417627910081,1.76640687852003,32.144290729821,86.8884,48.6965100435891,6457.73053706343
BLR,2022,8.04181871674039,29.1729868961267,100.0,58.9618880205372,2.17745011943276,33.0290955450834,89.5073,48.2025487635555,6206.61909685419
BLR,2023,7.2485995714987,29.1729868961267,100.0,58.907725554821,2.74854001098901,31.6950575540559,91.5125,48.8055640939767,6497.78450683592
BLR,2024,6.86597984969187,29.1729868961267,100.0,59.2133534681989,2.28598440253164,30.7081725380272,94.2618,49.6802343028905,6792.13183495565
BLZ,2004,10.3458143896381,40.1698826312204,82.6,61.4722721706803,7.9628629551609,17.5296122470878,9.8,61.4908384647358,6383.07432412662
BLZ,2005,9.74017200317114,40.1065008277836,83.5,62.5631911112057,8.6080583090955,17.1067830923414,17.0,62.4890490283378,6337.12389222378
BLZ,2006,9.51992221636579,42.2243890062586,91.0,62.8385993157577,6.84256959940517,19.0207043326734,24.0,60.4547379942358,6435.58767337678
BLZ,2007,8.69270778065837,45.5500218829615,85.2,63.2138508882093,8.22731936335606,20.1544257967177,24.6,60.0995656727536,6465.82885846045
BLZ,2008,8.33436394275924,49.4066264782678,86.1,63.3729268561762,9.75973413898317,20.2437331550786,26.3,60.3511764708589,6187.95885023655
BLZ,2009,8.54570263168925,52.875376389189,86.9,63.8457446808511,6.44782371601601,19.3850622805813,27.2,61.6208911929131,5997.68447156383
BLZ,2010,8.74676184244561,49.834593380951,89.9,64.3314713268078,5.51460930694585,18.2141330384501,28.2,61.6120895941906,5937.75398343789
BLZ,2011,8.86425886505326,47.621805118508,91.7,64.5842585738959,5.20581667105349,18.8728848459132,30.7,60.9175526201005,5802.24344531492
BLZ,2012,10.3744672571643,46.4799548634684,90.9,64.9364952341713,10.1300443506209,16.1069146883141,31.0,61.8058316187062,5902.74234696881
BLZ,2013,10.079376070492,44.870328091001,91.1,65.186996218054,4.53263160783493,15.8082252818975,33.6,62.1685345621907,6013.07879895362
BLZ,2014,10.1795484159839,44.6944711868936,91.5,65.4405437335006,6.5987393918196,15.8379694223947,38.7,61.9065487529897,6116.49578852783
BLZ,2015,9.6138851978219,45.8912140120779,91.8,66.4967219974892,2.69569808214426,14.5536010059023,41.59,62.1638668983423,6154.62264230369
BLZ,2016,7.70348583128466,44.7352890566705,93.3,65.7324399568408,1.46157075571746,15.4437196063941,44.5757,61.8503566890223,6012.21296983668
BLZ,2017,8.56166290071626,44.3763660186055,94.2,66.8864365092651,1.40473162686238,14.0908583022047,48.8771,62.5535670175339,5767.61921963762
BLZ,2018,7.16456851710216,45.3308497476754,91.7,65.0920539656381,5.33885311944147,13.6672354461825,53.5936,63.7964017954211,5707.61059954436
BLZ,2019,6.5560913222365,45.9626481720037,92.7,67.4348848251821,3.94384011758557,14.0497462353602,58.7652,64.0698800810696,5864.14611827109
BLZ,2020,8.3571697847969,55.0782426439392,96.8,66.6012758582544,3.72214070775569,16.2275294669346,64.4359,61.4327094532924,5006.48453276935
BLZ,2021,7.89550385123154,47.6178389837793,97.7,66.6442904905596,5.16738739330779,16.9358302169145,70.6537,61.0977613188634,5839.40157956017
BLZ,2022,7.74858121747759,42.4867905443199,98.6,67.1741958753591,4.95003696669658,15.4868338744118,71.8096,61.6054370183197,6262.56088273674
BLZ,2023,8.13711634166406,42.0392582524557,99.6,67.7810419608634,0.525413666914349,14.4095485383145,72.3595,62.1308414974872,6165.69414825936
BLZ,2024,7.94787809260727,41.2775860732497,99.6,68.1965459750228,4.00992513639046,14.5714201512027,72.3595,62.4409630969452,6290.49294452749
BMU,2004,0.844158464897229,32.8688540294339,100.0,49.9543541630426,11.010544401215425,9.61836268756259,60.9909,87.7410494702222,42135.66185499995
BMU,2005,0.80164153178958,33.7215866396037,100.0,50.3642347768599,0.897674181658031,9.95111886767338,65.4471,87.7410494702222,42135.66185499995
BMU,2006,0.6985320832671748,34.8081787114827,100.0,50.6231769549281,-1.43505859375,9.280401566794021,69.8997,87.7410494702222,42135.66185499995
BMU,2007,0.5954226347447695,37.7291069327007,100.0,50.6590283450837,9.12004716705005,8.609684265914664,74.3506,87.7410494702222,42135.66185499995
BMU,2008,0.4923131862223644,39.431944966087855,100.0,50.9593888378512,2.45744472252847,7.938966965035306,82.3,87.7410494702222,42135.66185499995
BMU,2009,0.3892037376999592,41.32547358889725,100.0,51.6048881399569,-1.06291792617825,7.268249664155948,83.25,87.7410494702222,42135.66185499995
BMU,2010,0.286094289177554,42.195981646899696,100.0,52.5390147086811,3.35684080299419,6.59753236327659,84.21,87.7410494702222,42135.66185499995
BMU,2011,0.312941026259641,42.449202388170605,100.0,52.6145323962141,-4.08488216132165,5.66742455792625,88.336,87.7410494702222,42135.66185499995
BMU,2012,0.281396534564362,43.24887542568235,100.0,53.1341994600021,0.746514450097399,5.11874218822023,91.2993,87.7410494702222,42135.66185499995
BMU,2013,0.328283343819346,42.30243639204765,100.0,53.5430702246149,0.849151218045336,5.29900911819128,95.3,87.7410494702222,42135.66185499995
BMU,2014,0.211116703055883,43.742921585242954,100.0,54.1410067239807,-0.0534057831746824,5.00463985900816,96.8,87.7410494702222,42135.66185499995
BMU,2015,0.227889496811275,47.51686846027865,100.0,54.4112830836989,-2.15032691390736,5.12438047943502,98.3236,87.7410494702222,42135.66185499995
BMU,2016,0.307018452846711,47.0982594371968,100.0,54.5049047408101,-1.06108315938513,5.34979364226582,98.0,87.7410494702222,42135.66185499995
BMU,2017,0.274700811333467,45.600325891793204,100.0,54.188247670037,-4.03383539732898,5.50930538497597,98.37,87.7410494702222,42135.66185499995
BMU,2018,0.234985525140753,45.86608163933535,100.0,54.7593556383935,1.32046326053902,5.7012359712742,98.37,87.7410494702222,42135.66185499995
BMU,2019,0.220961505173123,46.1406537653286,100.0,55.8657560901886,0.0591344675296509,6.37065036340846,98.37,87.7410494702222,42135.66185499995
BMU,2020,0.255482358707918,51.46377338764225,100.0,56.0999877808229,6.9187294841684,5.63399872578246,98.37,87.7410494702222,42135.66185499995
BMU,2021,0.290986177436411,47.77472256475425,100.0,55.305223900281,0.681418926611757,5.29810754046927,98.37,87.7410494702222,42135.66185499995
BMU,2022,0.218544162391939,45.7439409376828,100.0,55.997466048887,0.0748475167550859,5.32590434727504,98.37,87.7410494702222,42135.66185499995
BMU,2023,0.192522835933524,45.427065277604356,100.0,56.4243401985256,1.75782259401686,4.63917441657433,98.37,87.7410494702222,42135.66185499995
BMU,2024,0.192522835933524,45.49182954994115,100.0,56.8251366111918,1.27620852105354,4.63917441657433,98.37,87.7410494702222,42135.66185499995
BOL,2004,13.3223836388477,42.6507012903778,75.9,43.1186990152962,0.745772608696722,26.8396494762825,4.43992,49.2849694922866,2099.990810637
BOL,2005,11.7927215329112,39.7951588996808,68.3,40.8156257443951,-2.49886824544741,26.2692194219914,5.22758,46.8201969433938,2156.18670325307
BOL,2006,10.9375480546288,35.1778876648113,76.2,41.8213109628708,2.45168756123775,27.652247464959,6.20067,43.1317849879713,2221.42722587103
BOL,2007,10.011155665672,34.3464279647996,80.2,42.9747796572637,2.79185385749299,28.2897904061027,10.4992,42.5095719427825,2283.4273357151
BOL,2008,10.4424041155226,31.4948343659664,84.7,47.3315571226322,3.07261074755318,29.7366397824222,12.5,40.496023654551,2383.2503257823
BOL,2009,11.1524074497311,34.0214297799199,86.8,47.7718934263867,2.43967814560444,29.2286844945559,16.8,43.5085261772037,2422.57579390007
BOL,2010,10.3899057010594,36.029022193555,88.0,48.4243475289778,3.16542867647895,30.1439417460822,22.4,43.5524305510023,2481.40700850945
BOL,2011,9.7695858816954,36.7535059221777,88.3,48.6540655064659,3.58442251378885,30.3691066361261,30.0,41.013191725216,2568.5205166368
BOL,2012,9.8121619148328,38.9658038429773,90.4,50.8255638751554,3.9135501461408,29.3342196293346,35.34,40.4434919386356,2657.23884915853
BOL,2013,9.9669794768463,40.9310950343345,89.5,50.0396042122938,5.7066221190291,28.5181929044884,36.99,40.2117817540524,2793.51457098676
BOL,2014,9.74021753770169,43.7497193000006,90.0,47.529979359748,1.98982485629696,27.6254998805738,34.6016,41.4653506578459,2900.90241586338
BOL,2015,10.2394941144455,51.4488724591572,91.5,48.7215690311953,1.68072787961335,25.2024162838659,37.4868,45.97640028474,2996.01289811344
BOL,2016,11.1718754150532,57.4086457676424,91.8,49.1261691680575,0.988080149462259,25.3263589797711,39.6975,49.8023324477813,3077.57057564766
BOL,2017,7.67713722474752,47.873300738401,91.8,49.2010397628996,1.55130384811576,30.1846229804293,43.8323,51.5106326361384,3160.16421228968
BOL,2018,7.45035399971013,52.1161124499522,92.8,49.0912589777537,0.624547731622922,30.385489117214,44.2861,52.3312287295658,3204.53670819124
BOL,2019,7.63288264501605,54.8862654855189,95.1,51.4065992469317,-0.44160551411852,30.4627271604529,47.4748,53.345193618041,3207.3869521223
BOL,2020,9.12405586834666,69.3991245633785,97.2,51.9314869678021,-2.66931283946252,27.2757447830119,59.9401,55.7778796225764,2765.0927177231
BOL,2021,8.81001912255763,62.8488382346261,98.6,51.9209885918095,1.21888494970059,30.8437936181153,65.9774,52.5597373914027,3011.55110807557
BOL,2022,8.66028481306177,62.9475276019569,99.9,54.6787270415604,0.0122391923945909,32.0192722610323,67.3612,52.8583667608579,3088.24126155241
BOL,2023,9.31098009756551,60.2219708371781,99.8,54.807564526608,0.458812480265399,29.7722060416097,70.2368,53.7978016916653,3122.77049447823
BOL,2024,8.82625884280481,59.2427794669511,99.8,55.1239312239933,0.705218407730592,31.2590732889611,70.2368,53.36246116287,3045.61476602385
BRA,2004,5.66531157678895,29.3727702559767,96.8,61.9524397646298,2.71353208011572,24.3066232905778,19.0737,54.9204711079064,7258.78101654079
BRA,2005,4.65116882266178,31.8397841553463,97.1,62.0771418496592,1.73389357182998,24.1725782850314,21.0227,56.0758916063079,7409.56827992249
BRA,2006,4.37004377895807,35.4251666759672,97.6,63.0885307990768,1.753125434984,23.5440216718081,28.1784,57.1381272137718,7622.03919432148
BRA,2007,4.41691543617235,40.6909379439314,98.1,63.4103270792605,3.19082655934052,23.125380408552,30.88,57.7262362197187,8003.2532101272
BRA,2008,4.56785118104723,45.7822559944444,98.5,63.4621127884553,2.99060892561747,23.0852937521799,33.83,56.8048617741342,8330.76364001877
BRA,2009,4.47677399214453,47.4942898468856,98.9,64.4202600185269,1.88848240446291,21.8785926263801,39.22,59.14505921907,8246.09612122851
BRA,2010,4.11575648647055,52.7646576299427,98.6,65.3018033710638,3.73001226987179,23.2679773548596,40.65,57.6129219702781,8792.63334959864
BRA,2011,4.34203412828906,58.0784911068154,99.3,66.1773107789778,3.91517954138648,23.1020509677218,45.69,57.5681693213714,9067.99212019529
BRA,2012,4.16832822424109,62.5192932013758,99.5,66.3315395090719,3.75496210868766,22.1336473645034,48.56,58.7336025082152,9167.49818450433
BRA,2013,4.50688618165956,64.2305738280513,99.6,66.3183950467743,3.04150922966082,21.2248099504522,51.04,59.6787579929242,9366.73824670239
BRA,2014,4.32561053877362,66.0285103939577,99.7,67.1198625659528,3.57135261310663,20.4724627475115,54.551,61.250974009102,9338.34170840985
BRA,2015,4.31914942931221,66.8297006472797,99.7,67.8477936325247,3.59214973121732,19.3600439809564,58.328,62.3078671737793,8936.1955889444
BRA,2016,4.89135358721066,62.1940069637572,99.7,68.8324502760797,4.13737853830264,18.3547582770536,60.8725,63.2036958322425,8577.84277969667
BRA,2017,4.6005916952048,59.4843092970149,99.8,69.8641049402985,3.33826028420938,18.1885023085758,67.4713,63.3386728622309,8628.25209645723
BRA,2018,4.4203993034602,60.2183479382347,99.7,70.4130119931623,4.07858861807831,18.7490514527988,70.4343,62.6533503532505,8722.33529970988
BRA,2019,4.2050140951087,62.7905050793429,99.8,70.7201052429598,3.69267330426814,18.7546275724707,73.9124,63.0678492508986,8771.43950372603
BRA,2020,5.7114851151592,68.6961548472792,99.7,70.4294550707763,2.59263784624068,19.5061183897524,81.3427,61.4484446411949,8435.01046209185
BRA,2021,6.55876261207381,68.8052246831437,99.5,69.7709244507317,2.77979074096507,22.123475195366,80.6899,56.9133841883894,8799.22844579944
BRA,2022,5.76747490842218,70.6060973784652,100.0,70.7768561313763,3.86803201499441,22.8194568521446,80.5278,58.0872310746862,9032.08377657776
BRA,2023,6.02306023514157,71.0755405508788,99.8,71.6256113357859,2.86383330702497,22.1441739229749,84.1506,59.1789358564203,9288.02594608687
BRA,2024,5.7522764094249,75.6163785183391,99.8,71.9821226349216,3.38960802616211,20.9406935313888,84.4635,59.1707527174248,9566.74408628371
BRB,2004,1.64319930323704,67.2683263173175,99.9,74.8280615532148,6.62895921033532,15.0878211641748,49.8,72.8538249383074,21516.1662922098
BRB,2005,1.58659510407121,72.7644717895012,99.9,76.2200361492192,10.2123680027307,14.9456735174761,52.5,71.9348082209713,22250.0263806215
BRB,2006,1.45016267901105,73.6824583951755,100.0,75.4098601157511,8.11575176366603,16.2232839435553,55.3,72.5253202066505,23487.4418767503
BRB,2007,1.34702257839806,71.2823043246832,100.0,75.3760533808853,10.1887985471991,14.723406023603,58.2,72.0320701543797,23862.135352962
BRB,2008,1.29586496388702,75.5321427392734,100.0,75.8770220933085,11.010544401215425,15.1245152189883,61.4,72.4635784858851,23887.7289633459
BRB,2009,1.43755847574072,82.7716199646163,100.0,75.8261547055538,7.970079027098,15.4080285848763,64.7,73.8293915639476,22572.5926053677
BRB,2010,1.60499920675492,78.00396359932758,100.0,76.2961922158213,7.49770509942005,13.2789225969081,65.1,76.3903823441273,21982.1839041348
BRB,2011,1.56186540940474,73.23630723403883,100.0,76.7795187257153,8.11486529224277,14.1706839010436,66.5,75.9027740989917,21842.8635599786
BRB,2012,1.64889047028092,68.4686508687501,100.0,77.0698330554696,9.16515225346744,13.4540784004027,71.2,75.175520051376,21036.3003366556
BRB,2013,1.81835827216262,68.774259678509,100.0,77.1755589204596,1.83669980165651,13.7863495200452,71.8,75.5390669113495,20609.6076272963
BRB,2014,1.75248194142974,68.5146222791106,100.0,77.4784911668351,11.010544401215425,13.7076112870512,71.9,75.4625840657581,20713.7670210437
BRB,2015,1.63035371129226,68.6678574028507,100.0,77.7495547355843,11.010544401215425,13.6105578126234,72.0,74.7409246860823,20424.2087530019
BRB,2016,1.69703591442569,69.9902145429115,100.0,77.8773811429486,9.82448659013076,13.317238219434,72.2,75.0264335812216,20684.7801825176
BRB,2017,1.80357724149459,72.1398108078642,100.0,77.5836042731073,1.60970470892023,13.6200874515014,72.3,73.4610207367393,20788.7046543161
BRB,2018,2.16846191654379,68.5529277484488,100.0,78.6662993359047,4.02530011079732,12.7833454127409,72.4,74.1217437666092,20483.9550976366
BRB,2019,2.26149614158086,67.3743205679477,100.0,80.2603861907548,3.49521864375147,12.5530481916957,74.1791,74.411905515389,20494.3871602646
BRB,2020,3.09133446149009,75.8841847266212,100.0,80.6207145434861,4.84737518609963,13.14764982754,76.002,73.5706161400394,17519.837062872
BRB,2021,1.98064749350573,68.5058128222344,100.0,80.2746586207969,4.01400677589932,12.595942867231,77.8697,74.8619179325941,17475.0281776857
BRB,2022,1.44882278609711,61.0737155039852,100.0,80.9720021881061,2.90490784179872,12.8135484901741,79.4451,75.7026245842351,20472.9494048647
BRB,2023,1.65230332606514,59.7307730097207,100.0,82.3987736995281,3.11355691690029,12.2874052538677,79.9923,75.4999480843111,21068.2610447067
BRB,2024,1.57507618647515,59.7307730097207,100.0,82.5047854971287,4.04185101459713,12.3572128753476,79.9923,75.5343055861191,21581.2171257633
BRN,2004,1.17049480864283,31.7045594567715,100.0,78.9242670860842,1.31341824941979,51.54601351155545,29.7156,30.528204400637,37948.6590825194
BRN,2005,0.974611267785546,31.7045594567715,100.0,79.0838220569303,1.65985733716788,51.54601351155545,36.4664,27.7621281199365,37312.2778797122
BRN,2006,0.754742504053329,31.7045594567715,100.0,79.0835375102088,0.694676100917879,51.54601351155545,42.1863,26.2087407606151,38229.3565684183
BRN,2007,0.726342513402553,34.2003517323403,100.0,79.6100511972817,1.91806992225192,51.54601351155545,44.68,27.7682953911214,36174.516515486
BRN,2008,0.69216612734937,31.7685275176143,100.0,79.7217139069396,1.39506580939608,51.54601351155545,46.0,24.7654962427286,34126.6941563969
BRN,2009,0.979917546380161,40.1017864313274,100.0,80.1784697171065,2.73305999823298,51.54601351155545,49.0,33.6143461570051,32855.6021602466
BRN,2010,0.733349877488411,36.9082710710888,100.0,80.2977525932671,3.50710078835613,51.54601351155545,53.0,32.5030436816898,33121.3178241724
BRN,2011,0.572775314042004,28.1209484005362,100.0,80.1145477838664,3.73105568458092,51.54601351155545,56.0,27.3573206532471,33754.3640783713
BRN,2012,0.655156683935105,27.9921423332786,100.0,80.1688187976291,4.54055753809902,51.54601351155545,60.2731,28.2803646984425,33544.5389457877
BRN,2013,0.684937439812632,31.1924155479326,100.0,80.4935413048807,4.28670084809197,51.54601351155545,64.5,31.2458789469641,32381.0739795231
BRN,2014,0.862827317122997,33.2079784899882,100.0,80.7191676909389,3.35660901155102,51.54601351155545,68.77,32.8360352519913,31148.7297405401
BRN,2015,1.10321250063154,41.4362678166928,100.0,81.3408381004964,1.32471179544033,51.54601351155545,71.2,39.4304335816622,30625.1287744656
BRN,2016,1.20365462606268,44.3021638754597,100.0,82.0371735869206,-1.32059047324395,51.54601351155545,90.0,42.9760421304837,29492.4145927789
BRN,2017,1.08645090330462,39.4618611204976,100.0,82.5140481404865,3.85818821585897,51.54601351155545,94.8667,40.8510759470592,29524.65912789
BRN,2018,1.01764195887903,35.0404687970572,100.0,79.5353504991201,3.80486552830842,51.54601351155545,95.0,37.3375698653062,29200.1952024222
BRN,2019,0.986055130118515,35.7055507452154,100.0,77.2834440443227,2.77118007919323,51.54601351155545,95.0,38.1775985820028,29996.2407223175
BRN,2020,1.21750283610591,39.6898831720749,100.0,74.948364763826,4.7105756528403,51.54601351155545,96.3055,41.4503545662141,30015.9588506697
BRN,2021,1.25629022275081,36.2693770865454,100.0,75.0269799584069,1.47404982867232,51.54601351155545,97.6288,37.6286451425038,29256.1833678343
BRN,2022,1.09616028876241,31.5556345664422,100.0,77.0126064485951,-1.73946797718401,51.54601351155545,98.9704,32.5201826668198,28549.1756060465
BRN,2023,1.17312222164113,37.0838497885739,100.0,78.2786165927859,-0.370504516227009,51.54601351155545,99.0336,38.8386100018623,28645.9645396284
BRN,2024,1.17447674380916,37.7096482475039,100.0,78.3168444962091,0.189449066349964,51.54601351155545,99.0336,38.9532912607223,29563.8682753082
BTN,2004,19.3785149554207,15.1137476839245,51.9,31.416034688272,1.20485866433723,34.5745128686706,3.15698,40.8895511836735,1552.73915195801
BTN,2005,18.0339346830792,17.1978616159467,59.8,31.7688499299209,0.721867150911614,34.0427943524964,3.84711,42.9950210131867,1632.02169500573
BTN,2006,17.3412992346729,20.3845618384093,59.7,32.128623129127,0.649361841531609,35.6000595350092,4.51832,42.6160321828383,1701.11878173586
BTN,2007,14.9062410213406,22.3078367126537,71.8,32.6683331833897,5.88132297381915,41.6218746913227,5.92,39.530074582945,1952.25734603779
BTN,2008,14.4876928759977,28.6154679169836,67.6,32.9382619794647,0.23863062320184,40.8156244643724,6.55,40.7035555813489,2017.76018913403
BTN,2009,14.005454995288,30.8009857742806,71.5,33.2704185628337,1.37452904839501,39.4589101877082,7.17,42.7819265616631,2148.56480375034
BTN,2010,12.4128589573486,38.4589220348196,73.3,33.6171438729411,4.40487201345335,39.32493053906,13.6,43.0053074381572,2378.72810760985
BTN,2011,11.7996340560809,43.0834159551713,81.8,30.6454795784846,1.57461513860453,37.4178826768856,14.4,44.7529435650107,2552.48871073094
BTN,2012,11.5729895457402,42.2500390351052,91.5,31.7470054066051,1.2354733641673,38.2126912443455,15.6,42.3928113368956,2654.74798946027
BTN,2013,11.8526302443834,42.2246322971743,87.4,32.6974992467611,1.05127659163372,38.8444853647316,22.4,42.4570483572225,2671.07460201171
BTN,2014,12.0637822394106,41.0852999502378,91.4,32.5268112837048,1.12656942719562,37.6449550742574,30.3,43.0401099714327,2797.81883971908
BTN,2015,11.9950705393551,42.5291421509687,95.4,32.3531706731491,0.294858179551153,38.4680946453953,39.8,43.7448391110349,2954.04081911097
BTN,2016,12.0023717482714,44.1289341391622,99.3,32.6472456558005,0.504099187674602,38.448996403302,46.5,43.4015603426375,3173.36773217431
BTN,2017,12.9297924115136,48.3130245523484,97.7,32.8176918831969,-0.638806366922729,39.0388793784971,54.3,43.2393187922464,3211.80903275593
BTN,2018,13.5509200361014,54.8478285365288,100.0,32.9435003176095,0.10255942689779,35.2652134391702,63.5,45.6144367238745,3300.55006461736
BTN,2019,12.9339527848851,59.3734191159054,100.0,33.4270698136487,0.475617042344246,33.0939030506784,74.1794,49.6273581830858,3467.38598979356
BTN,2020,15.703075564462,67.5524988399457,100.0,35.225631270276,-0.113401528947433,31.7909765311756,76.8508,49.9816378154438,3092.12428399363
BTN,2021,15.7947840049801,65.0244986784361,100.0,34.5323905167321,0.244983575408047,31.6232724038612,85.6369,50.1791654417428,3206.20366997254
BTN,2022,14.6710119560904,67.8714365442651,100.0,40.8044243060034,0.289904655137253,31.8248447380802,86.2903,51.196794354919,3349.73309632799
BTN,2023,14.9931086936318,71.4436682892915,100.0,40.9314872628336,0.338339566584512,29.4044714570934,88.426,52.7907800936768,3480.51388574877
BTN,2024,14.9931086936318,51.8977716142503,100.0,41.2757792300332,0.338339566584512,29.4044714570934,88.426,52.7907800936768,3480.51388574877
BWA,2004,2.25958534959102,21.935704704551,35.3,64.4735497844343,4.36383657370126,38.8219550208892,3.30489,47.9542918751357,5369.42516766112
BWA,2005,1.82838052405033,19.763428572926,37.5,64.4168947793032,4.24294905100869,42.8549522076655,3.26255,45.2838110727775,5514.21742664705
BWA,2006,1.73893509424301,20.936231035363,39.7,64.1066170825015,4.90881469396689,46.6243434434334,4.28993,47.8447641984648,5865.00026521361
BWA,2007,1.92668435755015,23.461755821797,41.9,64.7664848250065,4.6808134501234,45.484421235941,5.28,48.3122262132745,6085.6354476126
BWA,2008,2.14007027610337,26.3022588108671,44.5,65.1993600619959,4.85440497340622,41.10966210137,6.25,51.7687267100204,6158.61629368051
BWA,2009,2.37598419625963,29.3564386244731,43.4,65.3217939454559,2.06256005196384,32.9148698460083,6.15,58.2732243529614,5179.4138607146
BWA,2010,2.0910409188325,27.5149277438416,52.0,65.7872176423908,1.7280613479871,37.2789379627304,6.0,54.7364972019634,5584.5034321846
BWA,2011,2.11892300680962,27.8535285319926,53.2,66.100778881115,1.94040749024403,41.4322152540452,9.0,51.7079246698274,5850.07858575461
BWA,2012,2.3148110827158,32.9104608560684,56.0,66.2129726736287,1.05040106491218,37.5753342991212,16.0,55.5813284118705,5742.91924452636
BWA,2013,1.99354322327234,33.1944622770528,58.0,66.8901326676419,0.470417841005353,39.106229887551,30.0,55.1237948788188,6284.97678002618
BWA,2014,1.81959835253259,32.5836928214003,60.0,67.3092462195544,3.33019730942426,41.7777034040156,36.7447,53.0342439684547,6547.12254115892
BWA,2015,1.94776486758829,35.9943679768934,62.1,67.2309126554339,2.79773267452093,37.5439994873569,37.3121,56.8759086148366,6141.20394726616
BWA,2016,1.97588757367029,32.6906447797128,64.2,67.6788747825923,0.944944816734731,40.3451621913098,42.2576,54.1248911898208,6490.83463593483
BWA,2017,1.8419939490754,33.9522213058753,67.4,68.016466203356,1.61796092921322,37.1010050249191,47.8587,56.9680635291786,6662.57644805467
BWA,2018,2.11731083204729,34.7396633171423,68.3,68.3031692047968,1.67893386448584,34.8003276690785,54.2022,58.4362759257556,6843.84612027739
BWA,2019,2.08342949351655,35.9371549010473,70.1,68.6022957461175,0.559653498041763,31.947105419301,61.3865,61.2229282385628,6951.73189051146
BWA,2020,2.20806905804054,39.7285319568677,71.8,65.5169543548605,0.212513875084985,26.690568101143,69.523,65.9173322923721,6254.24806241091
BWA,2021,1.78859292903854,34.5320284610526,73.7,66.4550264550265,-1.70161470195308,33.0400332471158,78.738,60.2496232733043,6895.91184943107
BWA,2022,1.57978982179367,29.8892158357415,75.9,66.6614241533238,3.49204705165089,37.4571297119178,80.3696,56.4282614493451,7159.5860618268
BWA,2023,1.66461568857115,30.0596034463188,76.0,66.2106578590955,3.82011318135645,34.0710602022733,81.36,59.1937353860275,7269.05170664457
BWA,2024,1.71216219230959,32.9279208188928,76.0,66.1442567348372,2.40833479893043,29.3592759128261,81.36,63.4944869983258,6937.33180990267
CAF,2004,37.39843224498363,7.16059184539562,22.250000000000014,17.9724857962307,1.1867705571186,24.5736807244034,0.223401,29.3114300877529,433.825227770233
CAF,2005,37.39843224498363,6.89890787847171,22.250000000000014,17.935145368962,0.754917589946925,24.5736807244034,0.268196,29.3114300877529,427.968043155237
CAF,2006,37.39843224498363,6.70566037241739,22.250000000000014,18.3187125705738,2.37163652036171,24.5736807244034,0.311159,29.3114300877529,439.294330902768
CAF,2007,37.39843224498363,6.78526082643897,22.250000000000014,18.7103724755882,3.33860588929027,24.5736807244034,0.375816,29.3114300877529,450.762785401893
CAF,2008,37.39843224498363,7.02011112860774,22.250000000000014,18.7987935276444,5.87486387887319,24.5736807244034,1.0,29.3114300877529,450.313616886022
CAF,2009,37.39843224498363,6.96252915838712,22.250000000000014,20.0114792559785,2.04509891475672,24.5736807244034,1.8,29.3114300877529,492.215398914836
CAF,2010,37.3635795959409,8.30898124968165,22.250000000000014,20.8796523538243,2.8712892233531,24.5099241422375,2.0,29.3293728575983,519.141456408484
CAF,2011,37.39843224498363,9.18046542071693,22.250000000000014,21.2931193178107,1.5138934301082,26.6383554299084,2.2,28.5700359301451,532.38295493852
CAF,2012,36.8141664735428,10.7719414058324,22.250000000000014,22.0244309257511,2.79010478789883,27.5230753744847,2.4,30.8711017267223,553.729578314912
CAF,2013,32.2589062460725,13.5768259854235,22.250000000000014,19.3856325725825,0.109532467338194,24.1910676004515,2.5,40.8557991891824,349.821171688973
CAF,2014,33.9856217226143,12.7910233032414,22.250000000000014,19.6252378132826,0.18339589636816,19.4826086120024,2.7,42.740209795442,351.561554911625
CAF,2015,31.5273810283745,11.7154335961189,22.250000000000014,20.3543388568916,0.176904971713319,22.1252513485047,2.9,43.231643579841,366.322853938121
CAF,2016,31.9189914897237,12.3148432385651,22.250000000000014,20.8239563424142,0.397590019652539,21.6382374370791,3.1,42.7610872146136,376.858254120398
CAF,2017,32.7901712257048,11.2150177342096,22.250000000000014,21.2975119242248,0.332412482969051,20.7372245546503,4.0,42.9438787890876,387.35795131742
CAF,2018,31.2413315121572,12.3443319944716,22.250000000000014,21.5872679761071,0.810612744001372,20.5557559569889,5.1,43.0085884398546,395.020015455909
CAF,2019,28.3418324649438,11.7050145625006,22.250000000000014,21.9631752463416,1.1525297989583,20.5119712162628,7.50916,40.1295759610892,401.82582161435
CAF,2020,29.4959372264099,11.7039071336529,22.250000000000014,20.4826074480022,0.0746698927110639,20.4481887695507,7.50916,39.0027421513241,398.834274122139
CAF,2021,35.7553299980455,11.7946888020579,22.250000000000014,20.1922113475683,0.214980465443776,21.5873200020514,7.50916,42.4647199982968,396.020622931961
CAF,2022,36.2171100024119,13.0385826544527,22.250000000000014,20.393364920929,1.00929791484186,21.157300000739,7.50916,42.4276300000596,398.91539795642
CAF,2023,28.6110555239693,13.0385826544527,22.250000000000014,20.6175990511266,1.51604656547544,20.7068173193684,7.50916,40.5107724497781,397.467795750451
CAF,2024,27.8986367879887,13.0385826544527,22.250000000000014,20.4990663415875,1.46851186564355,20.0334561668613,7.50916,42.0803155255449,389.938307964229
CAN,2004,2.16781311109181,115.443313139541,100.0,74.9280471196124,0.14146589604803,28.3911197223378,65.956,62.4043589843411,40108.7587456658
CAN,2005,1.88031145780062,121.661092958293,100.0,75.1874406360474,2.17816380917594,29.2129915241778,71.66,62.0334657453398,41006.2229523971
CAN,2006,1.70101845949482,134.12080712347,100.0,75.7118962243516,4.87410128955104,28.8475544811015,72.4,62.7231931063883,41663.5123057295
CAN,2007,1.58716073171659,123.533648061052,100.0,76.2892891075175,8.20055904886214,28.6859019053535,73.2,63.0964212821521,42106.8724378248
CAN,2008,1.76827354801333,124.097771689277,100.0,76.5524339598407,4.5151371416977,29.3420195046589,76.7,62.7344542075025,42067.5687072607
CAN,2009,1.5498932753953,124.097771689277,100.0,77.6690348422886,1.52413118076926,25.0760182112778,80.3,66.8690424823749,40376.4153847836
CAN,2010,1.49323608111661,124.097771689277,100.0,77.9615959998479,1.83725638740881,26.3511331619895,80.3,65.7334191252823,41164.3399119626
CAN,2011,1.76566446625627,124.097771689277,100.0,77.7526091165046,2.13783310760835,27.1393405983891,83.0,64.7982061516417,42043.6419795513
CAN,2012,1.81134574390941,124.097771689277,100.0,77.5997476199315,2.70016900895675,26.6346687974256,83.0,65.1632411251064,42135.66185499995
CAN,2013,1.89423151227836,124.097771689277,100.0,77.7977383182095,3.62980398357006,26.6132351758366,85.8,65.1674412760895,42135.66185499995
CAN,2014,1.58654807741954,124.097771689277,100.0,78.0368050611121,3.55390337011002,27.1379424601872,87.12,64.9019974464847,42135.66185499995
CAN,2015,1.86983594598587,124.097771689277,100.0,78.3133144603838,3.85389453706152,24.4156825468916,90.0,67.0009977683349,42135.66185499995
CAN,2016,1.86222589313529,124.097771689277,100.0,78.5399933210567,2.23835012140903,23.2953005455848,91.16,67.9588532993538,42135.66185499995
CAN,2017,1.88999463244888,124.097771689277,100.0,78.7310240516079,1.53752071953934,24.0278028870792,92.7014,67.1166720622468,42135.66185499995
CAN,2018,1.69989157622406,124.097771689277,100.0,78.7757868020961,2.46931207254863,24.6223059554353,94.64,66.8658461527451,42135.66185499995
CAN,2019,1.69707935336103,124.097771689277,100.0,79.1588096981356,2.80676687017653,24.0774078769413,91.9129,67.6711634824727,42135.66185499995
CAN,2020,1.83978931118122,124.097771689277,100.0,78.9575271510748,1.75897085668576,22.4516173195,92.3,69.5597799800588,42135.66185499995
CAN,2021,1.59798786504057,124.097771689277,100.0,79.298968483162,2.97618288160973,25.3317475177596,93.9371,66.3883076597889,42135.66185499995
CAN,2022,1.59798786504057,124.097771689277,100.0,79.3228912549238,2.31755804932899,25.3317475177596,94.0,66.3883076597889,42135.66185499995
CAN,2023,1.59798786504057,124.097771689277,100.0,79.5145677542417,2.01979850018061,25.3317475177596,93.9564,66.3883076597889,42135.66185499995
CAN,2024,1.59798786504057,124.097771689277,100.0,79.9376491637297,2.81029565355294,25.3317475177596,93.9564,66.3883076597889,42135.66185499995
CEB,2004,4.35141305815547,28.5205275448289,98.26792983008,52.6670333568619,5.63778072352798,29.4176847395587,8.350000000000001,54.4754589397834,8923.85904704259
CEB,2005,3.69662884714467,31.3078569144072,98.3206998410279,53.1992168616567,8.43686308902709,29.5104721825403,8.95,54.8039914937253,9387.59188976247
CEB,2006,3.49533703657685,35.7302283181162,98.4242817808159,54.039515507063,8.15209179254913,30.038049615431,11.3798,54.6558298248897,10036.4787965852
CEB,2007,3.33089582518213,42.0840032900127,98.5276446395055,54.2671315250499,11.010544401215425,30.1613466826005,14.8133,54.4600498476696,10712.5543317673
CEB,2008,3.29172453328814,48.3762170853299,98.668856546125,54.3978013066686,9.03146896170313,30.0921617074469,19.5,54.7108954392182,11176.9879548804
CEB,2009,3.05124085605314,49.9120811539992,98.8586601186684,56.0996649883164,2.36140759120575,29.7823364097417,24.05,55.9653560783211,10792.8296963649
CEB,2010,2.9606019608525,51.8652269295091,98.9644271545097,56.8584850529502,1.61300869025255,29.8123679649624,28.33,55.5056470161605,10998.6534832885
CEB,2011,3.39882401312078,51.9652892347402,99.0682987223746,57.0608552762527,3.43951780224961,30.5763563689949,32.0,54.1251959280689,11421.7332703753
CEB,2012,3.15471936779231,50.9770542101872,99.2028356897417,57.5210539099781,2.89121901660299,29.6263424045918,35.34,55.4127377843231,11544.5427262519
CEB,2013,3.40491043717543,50.2581517139476,99.3084773841306,58.0862184263358,1.10764880919044,28.4226806345975,38.5,56.2267473948282,11661.9769238564
CEB,2014,3.27916971979306,48.79026792526,99.410769462163,58.305651555669,3.66873207560602,29.3029778023147,43.0074,55.6112462807955,12076.1572564969
CEB,2015,2.93244364442644,47.8463114419706,99.5384709863299,59.0329793760065,1.80880990392683,29.5197045389204,46.5,55.5740400644473,12596.8862547468
CEB,2016,2.93959576881542,47.8822121580133,99.6459138297945,59.2680782765984,8.80263719364417,29.0047542211158,51.5,56.1847462933641,12991.54601565
CEB,2017,3.0765215602674,46.3322094283207,99.8736866830469,59.3118536977702,2.10815672055366,28.0127633407988,55.4032,56.9602052846419,13696.463585633
CEB,2018,2.8086324477749,45.8614558057992,99.8763758983526,59.5767005413875,-1.1357787238551,27.8141950960378,60.1126,57.3904271394383,14411.9811999448
CEB,2019,2.71589688065228,44.7509549728803,99.9480349626799,59.9457238675866,9.12473767717775,27.5220760553456,64.3,57.9300503914166,15024.0127296269
CEB,2020,2.80601417152088,45.9179005490282,99.98058396497,60.0883936894179,11.010544401215425,27.0580601426803,70.0528,58.6562085669456,14621.1363727276
CEB,2021,2.7955608567157,44.2669499549253,99.9870121182289,60.8644786608161,6.3130466434292,26.598984680488,74.3716,58.667680947341,15739.1352320017
CEB,2022,2.93065631646351,40.7277309078356,100.0,61.2005404695716,4.17185107299096,27.3806317184565,76.6,58.9068071954799,16397.2583916271
CEB,2023,2.68285388574743,37.5909553476819,100.0,61.8094023462855,0.294316334110165,27.6367264096285,79.4848,59.6027691817906,16494.8126887526
CEB,2024,2.44194375643594,36.9814657073985,100.0,62.955468023037,-0.147680272642613,26.0454530207636,79.9923,60.5064509895957,16856.766201271
CHE,2004,0.934999580301804,141.48987381863367,100.0,73.7305423470444,1.75837273590171,25.5515101091518,67.8,69.7032556554531,42135.66185499995
CHE,2005,0.818619332578622,141.48987381863367,100.0,73.7691611760446,0.637104289050494,25.8270742413749,70.1,69.6331213051923,42135.66185499995
CHE,2006,0.753298112550259,141.48987381863367,100.0,73.5426839526992,11.010544401215425,26.0027931872877,75.7,69.478997451051,42135.66185499995
CHE,2007,0.773162582920631,141.48987381863367,100.0,73.4053180057081,9.92138923782949,25.9309450770322,77.2,69.5055766597955,42135.66185499995
CHE,2008,0.783533938641809,141.48987381863367,100.0,73.6425841517895,0.527253063961103,25.9463011401392,79.2,69.5719138580679,42135.66185499995
CHE,2009,0.722507576681507,141.48987381863367,100.0,74.4574110822242,8.59932509165806,24.7427872310642,81.3,71.0151374038492,42135.66185499995
CHE,2010,0.662940574514361,141.48987381863367,100.0,74.3377474062364,2.95077318898271,24.6945258729978,83.9,71.039676798755,42135.66185499995
CHE,2011,0.676699830016967,141.48987381863367,100.0,74.4470281718481,2.90052077420682,25.031526472453,85.193,70.7790766642343,42135.66185499995
CHE,2012,0.634586963665186,141.48987381863367,100.0,74.9352892781099,5.81910221569192,24.603891133013,85.2,71.4871665189024,42135.66185499995
CHE,2013,0.662533713556518,141.48987381863367,100.0,74.7989134026679,-3.52948637026792,24.7022127251447,86.34,71.3873520943911,42135.66185499995
CHE,2014,0.708877666889646,141.48987381863367,100.0,75.354148402406,2.89084632358213,24.323915072693,83.6173,71.7487842365361,42135.66185499995
CHE,2015,0.62644626050893,141.48987381863367,100.0,75.8992903921193,11.010544401215425,24.2011258209806,87.4791,72.031712565285,42135.66185499995
CHE,2016,0.658010471667002,141.48987381863367,100.0,76.1612648377604,11.010544401215425,24.0899792080479,89.1347,72.2578917141274,42135.66185499995
CHE,2017,0.631333510334041,141.48987381863367,100.0,76.3844891778296,11.010544401215425,24.2176943229599,89.6861,72.0901165918966,42135.66185499995
CHE,2018,0.643750702339479,141.48987381863367,100.0,76.5605229370481,-4.3599322772924545,24.4239571771375,91.8,72.0635152908589,42135.66185499995
CHE,2019,0.647745526895984,141.48987381863367,100.0,77.0475212635368,3.09898460757035,24.7211591296094,93.1461,71.8618845905274,42135.66185499995
CHE,2020,0.705477633321729,141.48987381863367,100.0,77.0655294048787,-4.3599322772924545,24.8279156756116,94.3499,71.7504068814658,42135.66185499995
CHE,2021,0.627567424184859,141.48987381863367,100.0,77.470222217738,-4.3599322772924545,25.6355937154031,95.5694,70.9325395130386,42135.66185499995
CHE,2022,0.616379798814859,141.48987381863367,100.0,77.6956653377362,-1.49836009615472,24.5433816560689,96.4528,72.1713503788615,42135.66185499995
CHE,2023,0.624912461460987,141.48987381863367,100.0,77.8440260748926,-4.3599322772924545,24.6708306418124,97.3444,72.163278047058,42135.66185499995
CHE,2024,0.628699475474558,141.48987381863367,100.0,77.8521387229358,-4.3599322772924545,24.7247192539882,97.3444,72.0298166155219,42135.66185499995
CHL,2004,3.75826582540335,76.7499857822204,97.5,65.5676129836472,5.01507138064187,32.7525021838824,28.1779,53.64534841734,9642.37478651228
CHL,2005,3.92221193789503,77.634565408211,97.7,65.9922459962552,4.89870698303569,34.0353024141328,31.1753,52.1481091980374,10104.4208391373
CHL,2006,3.71204514365714,78.1133233692663,99.4,66.4431518194484,3.0910197191962,38.684729192628,34.4978,48.4126070132585,10611.6144012877
CHL,2007,3.55057108879902,84.0752473162029,98.0,66.877218335155,6.11348994449279,37.4665970166252,35.9,49.5481523450583,11051.3450717678
CHL,2008,3.42443226132978,100.172568090545,98.2,67.1780114212644,10.4571112913238,31.9839914243068,37.3,54.4485312368393,11356.0922105983
CHL,2009,3.69712695588486,102.687075908392,99.6,67.6914744145076,7.42256247898025,31.8892011542261,41.56,55.5112499818484,11116.4093443103
CHL,2010,3.47828463189786,99.4755906592451,99.5,68.1071485006111,6.84144686828522,33.4669030156191,45.0,53.8127811770917,11649.2897090856
CHL,2011,3.62618323583881,101.863485350982,99.6,68.1244779335096,10.4897738058645,32.4417542348483,52.2496,54.3697640865635,12252.8441074615
CHL,2012,3.27493353961752,104.266686517932,100.0,67.9049015738483,11.010544401215425,30.5583003272184,55.05,56.2982132532287,12882.834417927
CHL,2013,3.47337532789926,106.039690607085,99.6,68.4109590555563,7.61396398974862,29.4304373078105,58.0,57.2209852364053,13182.7329619856
CHL,2014,3.94662062999462,109.059262772581,100.0,69.0473355832274,9.83500371419039,28.9028670653185,61.11,57.1528758804213,13285.9540361192
CHL,2015,3.7094042753649,110.121398406265,99.7,68.9807459327921,7.32780348711267,27.8806404106495,76.6296,58.3447093583013,13433.9202987032
CHL,2016,4.19908937129196,111.31220923273,100.0,69.7621136246386,4.55707488153847,26.7795650481896,83.5586,58.9826363326027,13505.097711133
CHL,2017,4.28097161377037,113.584914657417,99.7,70.2091058767264,1.89647029836548,27.3811560671383,82.3275,58.2768071532191,13473.3458532934
CHL,2018,3.92743592461123,118.194230900802,100.0,70.6993922270154,2.68461345207245,27.8615227739821,84.9,58.0012686596891,13763.0068844795
CHL,2019,3.987812171379,124.875809607498,100.0,71.1057760203361,4.87956164130548,27.1184422429165,85.0176,58.8831754600692,13630.5935435578
CHL,2020,4.04542684409947,124.137775199712,100.0,70.8823756313542,4.50610139661101,29.8295676046618,87.4593,56.3446145785556,12679.024004022
CHL,2021,3.50586436813615,109.321889639942,100.0,70.4492116182373,4.81308998117864,30.860053303873,90.2328,54.9981243742139,14051.4713630677
CHL,2022,3.23467925849162,112.621993376229,100.0,70.8321861175298,6.2318507042491,31.0330474006021,93.5377,55.3720887582081,14283.1489501524
CHL,2023,3.49022733362425,109.494972608125,100.0,71.6855465108541,5.47730938390937,28.8030257311404,94.4574,57.6027444991353,14280.3475638842
CHL,2024,3.91236351235161,103.388713916332,100.0,72.1008199315877,3.79129110936144,30.0858422756464,94.4574,56.0774691835569,14579.4001071307
CHN,2004,12.7288429360401,116.911160094503,97.7,30.6002920912406,3.43299015092913,45.2328326582556,7.3,42.0383247680055,3127.86276523632
CHN,2005,11.4828123533826,110.318412911549,97.9,31.3997915890731,4.49218509012467,46.3816216984585,8.52326,42.1355659992365,3465.81734409951
CHN,2006,10.4758623658001,107.618484093695,98.2,32.2001132949176,4.44499743873593,46.8865028592172,10.5232,42.6376503739806,3883.35412942474
CHN,2007,10.0934194559262,104.210464888538,98.5,32.4000001442606,4.33537500236917,46.1852362301075,16.0,43.7213258311976,4409.75700836878
CHN,2008,10.0099770734138,100.407960956815,98.8,33.2001114321863,3.67520717506325,46.2364191302482,22.6,43.7535960098397,4811.47471804961
CHN,2009,9.47299581661597,122.30114770831,99.1,34.0999915084727,2.52538984334254,45.1788587231356,28.9,45.3481536809041,5237.76666540352
CHN,2010,9.16649906130733,124.425608463989,99.7,34.5995667971914,3.93541996731512,45.7066207106778,34.3,45.126871988843,5764.86534987407
CHN,2011,9.0338458593332,121.167093127879,99.9,35.7000783844491,3.65069190228423,45.8002054108107,38.3,45.1659405665759,6275.90956436258
CHN,2012,8.96505673533992,126.819734509975,99.9,36.0998140108212,2.78099138181613,44.6820698165478,42.3001,46.3528742639869,6723.19443752823
CHN,2013,8.78442131602471,131.939045697462,100.0,38.4998131034926,2.98598708261986,43.3938707801605,45.8,47.8217057140074,7198.06876478162
CHN,2014,8.48242940933654,137.623726308462,100.0,40.5990776614307,2.51155883670463,42.2827157791092,47.9,49.2348611102851,7686.57792954381
CHN,2015,8.22401359479525,141.48987381863367,100.0,42.3997107404935,2.14957284731563,40.0475902161032,50.3,51.72839163487,8175.33285077393
CHN,2016,7.90065017505416,141.48987381863367,100.0,42.9334259446319,1.52539470315394,38.811156093921,53.2,53.2881936644189,8679.37704460133
CHN,2017,7.32839239286042,141.48987381863367,100.0,43.3458036346466,1.32468971748482,39.129944350895,54.3,53.541663396795,9221.51403820573
CHN,2018,6.91714289236836,141.48987381863367,100.0,43.8847198791517,1.66361992284408,38.9777001747097,59.2,54.1051640361573,9798.6528523316
CHN,2019,7.00621575788341,141.48987381863367,100.0,44.5192735154599,1.28549226847992,37.7642333162735,64.0809,55.2295599322538,10356.4804194995
CHN,2020,7.54018198521241,141.48987381863367,100.0,45.2678537038915,1.68770756292082,36.9115624066306,70.0528,55.5482556415912,10573.6420059282
CHN,2021,7.08935251618004,141.48987381863367,100.0,45.5969845625275,1.8903454142588,38.0924722040717,73.0532,54.8181795722183,11469.5707134928
CHN,2022,7.14788692830171,141.48987381863367,100.0,44.9886051327682,1.03841365474349,37.8945266620066,75.6113,54.9575804271762,11830.5983703496
CHN,2023,6.88951941080068,141.48987381863367,100.0,45.7723935112505,0.280991103634816,36.7725030223561,90.6,56.3379775668432,12484.1578844175
CHN,2024,6.77599881291286,141.48987381863367,100.0,46.1510599840955,0.0989988051182737,36.4756594453045,92.0,56.7483417417827,13121.6769905565
CIV,2004,16.640018984398,9.48303011983717,52.4,39.2462430523195,1.20362782194335,15.5260750475447,0.849282,38.3730686607013,1451.86547141894
CIV,2005,16.0651853584803,8.85463546639546,58.9,39.5789275208954,1.45218108383072,16.2241764456125,1.03924,38.8167783655946,1431.73320203111
CIV,2006,15.9447949066292,10.149368807964,60.2,39.8148249132764,1.38823180058485,16.5839543942617,1.5249,37.9448192296392,1437.77453798586
CIV,2007,15.5787463255399,12.1552083745954,55.3,40.1033535159388,1.54311664780089,16.483170824856,1.8,38.7672870732728,1420.1738958245
CIV,2008,16.1854841829726,12.0323122094594,60.3,40.3897111763003,1.37441880759786,17.4088361491375,1.9,37.7795452078374,1454.62731800082
CIV,2009,15.2495816385759,12.699282868801,57.3,40.8158099906984,1.17339078576713,18.0163071461274,2.0,38.6653601228599,1473.9183699329
CIV,2010,17.4889170707842,13.0878719593805,58.4,41.1990861614655,1.02606239201511,15.9765793754723,2.7,37.8322011028794,1540.52927270246
CIV,2011,18.4866714886447,13.168148828706,55.8,41.3485787408863,0.822954277239134,16.7624007263304,2.9,34.0131352473082,1426.46463864534
CIV,2012,16.3751498758861,13.6834555407143,55.8,42.2155540618304,0.909737108884904,17.7324551897287,4.4,39.6867369938255,1503.43433046682
CIV,2013,15.3429019354945,14.3175686042922,61.5,42.9677946792186,0.953203642314205,18.9795295741683,6.6,38.8134449737706,1632.32712787006
CIV,2014,15.2417555256185,14.6906998099912,61.9,42.0353639238876,0.899528920528967,19.8455486242141,10.0,37.3151438010014,1742.53693001178
CIV,2015,18.3620416868752,16.7417116291801,62.6,40.9006893908487,1.07914154751206,20.1215578301808,38.44,54.1326121734967,1814.71855088017
CIV,2016,17.4349684074971,17.6694307998743,64.3,39.7358564128979,1.19375800859004,20.820713814142,41.2078,54.493573696894,1889.27777949938
CIV,2017,16.9409871496938,19.2505134817876,65.6,41.1702694397522,1.85673486381973,19.8085626532407,43.8399,55.7500354113374,1972.81431788947
CIV,2018,17.8526014022659,19.2748278273806,67.1,42.3286252164879,1.05998699614336,19.1116818893978,37.5465,55.6186479812729,2013.32307598499
CIV,2019,15.6882063635315,19.0476721988887,68.6,43.6094921264082,1.40583048179048,21.6420400540965,36.289,54.9974768932861,2093.09994335779
CIV,2020,16.9334154768944,20.5738024943085,69.9,40.9517099605746,1.13111245703154,20.7022034045474,36.0166,55.5728121351951,2055.08483996432
CIV,2021,16.1805529630135,20.9963038205128,71.1,39.3822650725461,1.91282655892028,22.1030350664638,35.9507,54.1000329007516,2146.47635317946
CIV,2022,16.5843332097616,20.8539472820397,72.0,38.4469601227279,2.2547265327193,23.0445423474416,38.4133,52.9655573840158,2227.09845246984
CIV,2023,15.9442578438607,21.9036293631015,72.4,39.1304040051151,3.07641433618414,23.9006374307143,40.6528,52.2715206592214,2315.38147441648
CIV,2024,15.8594343780948,22.5184329531641,72.4,39.7449654370679,3.58346670744132,24.0438599104554,40.6528,51.8581209074307,2395.67689089222
CMR,2004,17.5609527218813,7.79541952361572,47.1,26.6968746366006,0.361118040793554,27.6768854698155,0.976075,48.1104019430089,1271.74326874167
CMR,2005,16.734176851979,8.40286242580155,47.2,28.0614711846286,1.24860831295214,27.9657412557505,1.40265,48.1626860371302,1264.74345218659
CMR,2006,15.6250817945247,8.12353298418805,49.0,28.52916352155,0.282739555044298,28.704565046287,2.02874,47.9296207330584,1277.32990712342
CMR,2007,15.8575319059376,8.28508670414223,48.2,29.0037514872805,0.792290665611713,27.1251768898711,2.93,49.1015543996337,1295.73067471287
CMR,2008,16.0011918854665,9.23971527903247,50.6,30.2501637658255,0.0757546676819469,27.6000470998579,3.4,49.5994999231808,1295.02211276052
CMR,2009,16.3871903453991,9.64395738517045,51.7,31.5241009388467,2.671669501987,26.5112531811637,3.84,50.6233092722091,1290.89961351149
CMR,2010,17.2697108767217,10.7779374242217,52.8,32.7668629923684,1.94952386693621,25.8445117305141,4.3,50.6327279323192,1290.9013745759
CMR,2011,16.6973907363193,12.3263650704915,53.7,34.1736198723182,2.13270391251932,25.7767597299444,5.0,51.7703818821919,1297.3064962694
CMR,2012,16.6572401682217,12.4120200108143,55.2,35.5282393406984,1.7488404761216,26.624872181086,7.5,50.7616920668838,1319.66961634054
CMR,2013,16.7236611922507,12.9611374928781,56.3,36.9144662515343,1.62296806273401,26.7419459294765,10.0,50.3174153036428,1347.2130636706
CMR,2014,16.8258381780095,13.7278364272632,56.8,38.3091909184014,1.99484327731063,25.7078027839026,16.2149,50.4278201457651,1381.81938454907
CMR,2015,17.2094159041593,14.1903930856487,58.6,39.0855856738243,2.15564021048479,25.0914880063978,18.3,49.5603216890022,1415.00009710569
CMR,2016,17.1926623891151,14.3706640485152,59.8,39.9253164421287,1.96334943457327,24.1821445706245,20.6,50.4664605241712,1435.61830727839
CMR,2017,16.6929418227731,14.0633461453046,60.9,40.7578786402276,2.25620975874553,24.2621952863109,23.203,50.3626877993823,1444.90682916573
CMR,2018,16.4988006978593,14.6820776289898,62.2,41.5741654218695,1.91485781286221,24.6822312095632,29.7,50.4464488185533,1461.01969999317
CMR,2019,16.8022835644401,14.0910928751244,63.2,42.3834220797635,2.58340602489154,23.826878053897,36.5392,51.0268734763051,1470.31785276187
CMR,2020,17.4968650540914,14.0910928751244,64.3,41.44128347734,1.65595614712353,23.0380654380784,41.2264,51.7619207732303,1434.51913723409
CMR,2021,16.9592035415957,14.0910928751244,65.4,41.6360032192384,2.14061326900656,24.4925542356924,42.0405,50.9412872338294,1443.57600237663
CMR,2022,16.5461644132745,14.0910928751244,71.0,42.0747363830357,2.08735032157122,27.1303593377196,41.775,49.4045983659894,1458.66180431693
CMR,2023,17.0996372773511,14.0910928751244,72.0,42.5256687572639,1.68299656289954,25.1308706019034,41.9088,50.8743844860078,1468.17837007337
CMR,2024,18.4619478775351,14.0910928751244,72.0,43.0390465410173,1.66655391243674,23.2350957105105,41.9088,50.7191439587575,1480.73097431993
COD,2004,23.8793594908244,1.09523594047334,22.250000000000014,25.5005206430936,3.97216281770058,31.7824234941503,0.196208,40.173975662304,341.714925751419
COD,2005,19.8446510872333,1.13960704796909,22.250000000000014,26.0922507790786,1.42746926673699,31.706002446974,0.238038,44.6160533240911,351.708486411683
COD,2006,20.3859027537723,1.94439729755036,22.250000000000014,26.5808246272535,1.65396062655392,29.2943469787201,0.296054,44.9515505509654,358.454382275579
COD,2007,18.2652590798129,2.41095421355526,22.250000000000014,27.0918038078896,9.83955871746128,34.3633671355341,0.37,43.5982480710875,377.437143095814
COD,2008,18.2329625593996,4.34458641170506,22.250000000000014,27.4131354501398,7.59918523525185,32.9518891770136,0.44,44.4684392267681,393.331182464822
COD,2009,17.2150539616489,5.31192894200943,22.250000000000014,27.5001532345387,-1.30701676006767,35.9314571550511,0.56,42.0586123920764,383.515898271062
COD,2010,28.8558506334207,3.32382163504594,22.250000000000014,27.9593764048267,11.010544401215425,29.1029769216412,0.72,37.5993158688842,400.619567973092
COD,2011,15.741544467002,3.93873705237114,22.250000000000014,28.4610800849007,6.04729215599495,38.636424619178,1.2,40.2616539649032,417.130434045991
COD,2012,15.3232580698254,4.6954741955691,22.250000000000014,28.9027782322458,9.62926566877035,39.1726260796598,1.67996,39.5487534325728,438.406058243633
COD,2013,13.6738761208634,4.91397198759442,22.250000000000014,29.6801478127292,4.86537109127196,39.9816041724909,2.2,40.9779095596647,464.526715460494
COD,2014,12.488689362081,5.3536176326424,22.250000000000014,30.5801613394941,3.90992337722209,41.6198309477347,3.0,41.408347283971,481.830241883776
COD,2015,12.456053797914,5.93167471593023,22.250000000000014,31.3231534747114,2.90127515060918,40.537636098592,3.8,42.3570507639146,495.826633014883
COD,2016,12.2895509013421,7.1121281512558,22.250000000000014,31.3115741626453,2.41546438746157,38.655052456977,10.1,44.4535955216769,480.461377880475
COD,2017,12.2591059827241,5.53598634132898,22.250000000000014,31.3904154924109,2.79181852942997,39.2934247373311,8.6199,45.173960243307,482.854682128541
COD,2018,12.3021936655493,5.91738564865962,22.250000000000014,31.8331477015387,3.01664160584951,38.2165467089592,11.7,46.4519161839569,495.312105711027
COD,2019,13.1512157041087,6.63540522970596,22.250000000000014,32.3254485638777,2.88391132652101,34.4712510908167,16.4812,49.4130479383798,482.524295129472
COD,2020,13.7461066368954,7.77351785936604,22.250000000000014,30.9139070121373,3.20844071096691,35.1616850161085,21.6422,48.5387767038177,470.852950000929
COD,2021,11.3157062519,6.76403632346416,22.250000000000014,30.7374927318798,2.84027556004194,42.3529383597517,28.4193,42.7733743352095,485.160805929784
COD,2022,10.3370074738162,8.5404631141188,22.250000000000014,31.5861275252675,2.00131622839817,41.9573891532378,29.4996,43.7585675954837,513.512704372167
COD,2023,10.3773951595278,11.2863136949009,22.250000000000014,32.4982023432569,3.40082269757578,39.5009688150508,30.548,45.9224027196,539.45912637913
COD,2024,9.63547904603754,11.2863136949009,22.250000000000014,33.0949645555117,4.10789956662809,39.869084235537,30.548,46.5724593741029,554.244129980766
COG,2004,5.50940630344491,2.93264923853734,33.0,35.6860765638177,1.90162065209621,51.54601351155545,1.0775,28.6261096180471,2058.88402946896
COG,2005,6.10423786651851,2.21035522374353,33.8,36.6196006420242,11.010544401215425,51.54601351155545,1.46342,29.4011383610328,2140.03686200251
COG,2006,4.81314641849445,2.01041976164635,34.9,37.4079125553857,11.010544401215425,51.54601351155545,2.00799,30.4641799648533,2226.0233547376
COG,2007,4.91981108062473,2.17001792231507,35.8,38.116992347279,11.010544401215425,51.54601351155545,2.7597,35.7365110433718,2004.10103961966
COG,2008,4.24815097163364,3.2133016767847,36.8,38.3351505468252,11.010544401215425,51.54601351155545,4.28751,29.2296120913724,2061.55829880574
COG,2009,5.27993327507586,4.87224031469532,37.1,39.1569728133422,11.010544401215425,51.54601351155545,4.5,33.8304898548024,2211.31572382028
COG,2010,4.03853452122591,5.97974007920069,40.0,39.4662135517424,11.010544401215425,51.54601351155545,5.0,25.4331744328979,2332.28508055953
COG,2011,3.98393619152519,7.16938539992393,40.8,40.0030245807409,1.90783479461617,51.54601351155545,5.6,25.5372291556931,2307.49384399715
COG,2012,3.79877492298434,7.41275433322396,41.6,40.6099183658791,-0.391399397519283,51.54601351155545,6.1067,26.9856799806227,2467.06102906839
COG,2013,4.26008218811564,8.87867280525648,42.5,41.0390157547272,10.4621010083708,51.54601351155545,6.6,28.5856778748643,2390.65754938662
COG,2014,4.55765474287642,11.1598525258918,43.4,41.7020665014709,11.010544401215425,51.54601351155545,7.11,31.9010854029803,2488.68118548992
COG,2015,5.81058893116428,15.2272521698246,44.3,42.2744254984407,11.010544401215425,48.6789561936062,7.61597,39.1611584474461,2439.35189403696
COG,2016,6.76365035154121,17.9395649927598,45.3,42.8760373617535,0.46296936341342,38.4474514101503,8.12195,47.2058789987295,2174.19310251224
COG,2017,7.30993971951451,15.7845144454442,46.2,42.877307378474,11.010544401215425,45.9671895089887,8.65,41.6484311025105,2003.27121075187
COG,2018,6.78839255400222,13.0035781117488,47.0,42.9891705765463,11.010544401215425,51.54601351155545,14.0402,34.7072948885714,1909.9560382117
COG,2019,7.3469917082119,12.6399762805673,47.7,43.5145905716188,-4.3599322772924545,50.1286715725578,19.4304,39.0356482656264,1885.51080877731
COG,2020,10.6904243097029,15.5564368746607,48.7,42.5044477671263,-4.3599322772924545,33.9517597969829,24.8206,49.9693238336694,1725.51040049963
COG,2021,9.09674868938002,13.902630970771,49.7,42.5344544419936,-2.15982873741865,42.893702942357,33.3461,42.6029216790532,1701.79060456872
COG,2022,8.0419106943363,12.7664269281269,50.6,42.7869212041324,3.36508336137956,49.2455523632312,37.4939,37.3148215907803,1686.00234391385
COG,2023,8.95211587630601,13.7900478506587,51.3,43.2654143570793,4.0889721782705,45.2236339577947,38.3791,40.4265379027812,1677.08549205924
COG,2024,9.44033974046224,13.7900478506587,51.3,43.7175483624836,3.83980276481754,40.121557238814,38.3791,45.0183730208308,1679.58061097707
COL,2004,7.91098316231374,22.1991386566001,95.3,60.1807466760093,2.66083488771203,29.7258920854426,9.11869,54.1525594452856,4311.91591255233
COL,2005,7.52726670177951,22.7527186089507,96.8,59.9142988102611,7.02979401438219,30.3481497700898,11.0073,53.1705123121808,4457.27537460443
COL,2006,7.18676953071771,27.3293271996088,95.7,60.5700293016635,4.17238510059526,30.9134600266245,15.3417,52.510717917003,4694.03442939175
COL,2007,6.93455867595786,30.5665682234071,96.0,61.7640301647786,4.30867680626701,30.5790350660201,21.8,52.954917784115,4947.25260813108
COL,2008,6.6873848504052,31.3428821283831,96.8,62.1660742523728,4.35627834630067,32.1310911250351,25.6,52.0115244022713,5048.57187245249
COL,2009,6.68974069628809,30.058849809334,96.1,61.8400831915881,3.45627065154005,31.2470343359106,30.0,53.4800448189101,5046.97121757727
COL,2010,6.32485387641069,32.3529586377969,96.8,62.1818262591324,2.24433595561184,31.3713561004301,36.5,53.3990736315847,5214.24547620131
COL,2011,6.09169610822215,34.9599738877775,96.7,61.9676099164799,4.37269536127322,33.3021551703249,40.3509,51.4400918867312,5517.1011086899
COL,2012,5.58268705354932,37.7448515262878,97.0,62.4296968051682,4.05728041313345,33.4055006173979,48.98,51.9873009585796,5675.75617978305
COL,2013,5.39271495449472,39.4836916913458,97.8,64.0616670279718,4.24252457969381,32.7475552904174,51.7,53.3511741467848,5910.80592301166
COL,2014,5.44695721474421,42.3846056970013,97.8,64.4364987701002,4.24107256687862,30.9858527230854,52.5681,54.6340753673796,6121.83982019825
COL,2015,5.98042480849816,46.9053935998568,98.2,64.7711854821781,3.95939854860993,28.5894478881361,55.905,56.2155458237437,6248.51490534512
COL,2016,6.60641226605787,47.0541978052352,98.4,65.2477738663245,4.90164572903473,27.689162311787,58.1365,56.8986156229234,6316.07067782542
COL,2017,6.38966355268118,49.8054213986163,98.5,64.4222392466619,4.3931823276543,26.8148589146209,62.2599,57.6083331251066,6309.67745292518
COL,2018,6.22570968960033,45.8707074728715,98.5,63.8669669659889,3.38083573220188,26.8954667535946,64.1264,57.6526815895265,6353.5464285392
COL,2019,6.41072082168314,46.0415781067709,99.4,64.3961978439053,4.33058240931506,25.993426836769,65.0069,58.1364591705438,6439.96359812647
COL,2020,7.50848046663348,51.9987790610817,99.7,64.3699637015735,2.7588942895314,23.439238595813,69.7953,60.1218262723705,5891.95523215403
COL,2021,7.77187301385002,47.9124060650503,100.0,64.878264132084,3.00175693787234,24.5553120236384,73.0284,58.19295777246,6457.16921807086
COL,2022,8.83154473689041,44.1883129591759,100.0,65.0280217235331,4.97124137726565,26.1230022316952,72.7964,54.908743854001,6856.72590505374
COL,2023,8.80792294653033,41.6579211967186,98.7,65.6109008206861,4.58478761240549,24.6925648854384,77.3369,56.7402222191369,6828.59753791113
COL,2024,9.28279635992211,39.5325760607283,98.7,65.7241823694145,3.26725610813097,23.0607806747001,77.3369,58.1429719176746,6863.59563194342
COM,2004,29.376019929184,4.16416657395075,48.7,30.0812681366205,0.108010654825932,12.2062936509226,1.32733,54.5343190862136,1231.14746798849
COM,2005,29.3762739037829,5.16315796175395,51.0,31.1624104340046,0.0852741893191707,12.2064983176676,2.0,54.5345549922057,1274.6143662974
COM,2006,29.3763406198683,4.98534469634907,53.2,32.3033520669969,0.11306053010776,12.206432106225,2.2,54.5342926673759,1227.24636392125
COM,2007,28.956646255431,5.35040930549283,55.5,33.4614071038251,0.966721983950354,12.4102413287259,2.5,54.2987882798195,1212.69629084896
COM,2008,29.138915008097,6.35343539152693,57.8,34.8826557468946,0.507893616352291,12.1356370474847,3.0,55.7844251162305,1235.97247187374
COM,2009,30.0330064008618,8.78333732412975,60.1,36.1336424597884,1.52866108214525,12.073328072351,3.5,53.5201608357446,1250.90035344227
COM,2010,30.4159781805447,10.4775984667333,69.7,37.4846850488184,0.91966985988271,11.775324962086,5.1,53.1898732144818,1272.60650664705
COM,2011,30.5642731114282,10.6281935875176,69.3,38.9152736139911,2.25967654324554,11.6973185544088,5.5,53.6020289217801,1299.11099021922
COM,2012,30.1730899214364,12.0894196952257,69.3,40.235708003518,1.02133818400059,11.2226651481809,5.9753,54.0415867747774,1313.5812493744
COM,2013,30.7898620479495,12.8050752158186,69.4,41.6516659307815,0.379103082802071,11.648240313246,6.5,53.0564434539285,1343.5451171047
COM,2014,30.0114514473366,13.6288653351441,71.8,42.9623455740833,0.407499039358216,11.6109251303108,6.98,53.780159708536,1342.32802421364
COM,2015,30.5986282117727,15.8220261992571,74.1,43.9154341467448,0.511029838634196,10.4084081560234,7.45916,54.8995438267195,1329.37048235986
COM,2016,31.3684720287721,16.1429576955409,76.4,45.3000546618772,0.352458395658835,9.85451807028183,7.93832,54.1737474981062,1345.62555739306
COM,2017,31.8988868689753,16.4592204557401,78.7,46.9492173288324,0.363776536091142,9.13735009601101,8.47817,54.1994429016851,1369.41038262485
COM,2018,33.7201530680832,15.9122728670131,81.0,48.5979479194304,0.48130680430061,8.87679585626469,12.430985,52.6503579124895,1391.84620461012
COM,2019,35.6200979800592,15.5802237466904,83.3,49.9802426856776,0.362046315267837,8.5310006225517,16.3838,51.8874948328209,1389.36430643805
COM,2020,35.7974035855048,15.062938071211,85.6,49.2326728759152,0.318014572633564,8.08945324004138,22.4204,51.4464133331555,1359.70624686714
COM,2021,35.2409487995918,16.3887427830441,87.9,50.0919048971113,0.316353618234776,9.3792276382052,30.6812,51.1018001492833,1359.76242021159
COM,2022,35.164324124624,17.0621990774365,89.9,50.348731426261,0.337727307705265,9.63879809359056,32.7685,51.1982629052083,1368.3741885336
COM,2023,35.9427703872294,18.3346696474684,89.8,50.633018468913,0.403422329791574,9.52779062082263,35.6678,50.5781728477271,1382.51308503106
COM,2024,36.6265029276374,18.3346696474684,89.8,51.1591217542869,0.492716315085539,9.55716190941501,35.6678,50.070252624186,1401.88898411553
CPV,2004,9.86346771915503,37.8395090284701,65.4,61.5904877667846,7.312720061603,18.2180833159781,5.31883,71.9184489648669,2379.79636224135
CPV,2005,9.00118732269349,39.1008095002529,67.0,61.8416426178392,8.2812271109681,19.2110778495222,6.07409,71.7877348277842,2514.16779255327
CPV,2006,8.3187121345924,44.8559642439518,68.8,62.0343709468223,11.010544401215425,19.0922781266815,6.80891,72.5890097387261,2683.83943856892
CPV,2007,6.09468707137093,41.7784504486587,70.5,62.2015974015264,11.010544401215425,14.0115441145192,8.28322,67.317461028727,3056.97102851154
CPV,2008,5.31578241870627,47.7156988322521,72.3,62.3543094548033,10.7624753520891,15.4815103318879,14.0,66.4825423782969,3238.44159287498
CPV,2009,6.02632246585572,53.1262342898702,74.1,62.6074507332652,6.80241863090143,15.9694598343425,21.0,66.710352533179,3159.58698693977
CPV,2010,5.82909277007133,56.4707434059343,81.1,62.8832154770577,6.36802137795552,14.9414577543955,30.0,67.4390099531524,3194.61667734233
CPV,2011,5.39925327001121,59.9314092638016,82.3,63.0619191700886,4.99538224029443,14.5699784845003,32.0,67.2515707697687,3309.20121643898
CPV,2012,5.79088758494564,58.5656233941807,83.2,63.2714795732946,6.69129799994045,14.00680796227,34.74,68.6678487003577,3341.7421054836
CPV,2013,5.82359125603063,58.5403296940705,84.3,63.4769188340617,4.40125011545419,14.5782787253826,37.5,68.0412785531692,3361.09387702205
CPV,2014,5.73506923863287,57.6507481205977,85.3,63.7097582726069,8.84407322092194,15.4556956659682,40.26,67.549886141101,3383.8422809791
CPV,2015,6.4082863760272,56.4111670298392,86.4,63.9890842552476,5.49024513305668,14.6158909934146,42.683,67.1524928863825,3415.06266730931
CPV,2016,6.31352277353712,55.104237005768,87.5,64.2908861954982,6.82845117866997,12.6668493291087,50.3228,69.284837494372,3560.1400729534
CPV,2017,5.37533502619645,55.4240595425911,88.6,64.5703768182819,5.59469673480566,12.5188038438799,57.1621,69.6071007918803,3719.71306047915
CPV,2018,4.52276867410321,53.6607055362922,90.2,66.2812275354,4.69595735976167,14.6286899740782,59.5,67.4290612920901,3853.67940035241
CPV,2019,4.437360866953,51.6385591168305,91.4,67.5992143568219,5.45788755667341,13.2851974278212,61.9434,69.8257387373996,4115.90283469406
CPV,2020,6.19132745485182,68.4560324470729,93.7,67.3290431655961,3.71218491455203,14.6866327211119,69.3734,65.9834164849906,3255.93628984058
CPV,2021,5.97147405923183,67.5616449738555,95.5,67.2463083147933,4.45730498164251,12.5191470013199,70.2825,68.5396766166644,3471.6553421786
CPV,2022,4.95404868851136,57.9177809708987,97.1,67.198429448886,5.43014452079405,11.0789238411144,72.7601,69.0054495299915,3997.76763250653
CPV,2023,4.85483833304009,56.3288782962359,98.6,67.3841957630139,6.33796269296642,10.9776694022766,73.539,68.8870203755182,4168.67748407593
CPV,2024,4.91558593625836,56.3288782962359,98.6,67.5499251504628,4.03361601888808,10.6673986664263,73.539,68.7245545404623,4448.96609078891
CRI,2004,8.85240876800238,35.860219133817,99.0,63.4199673726668,5.8231265333186,24.6690619237543,20.7923,57.2988154289491,8445.52914945791
CRI,2005,8.62223694626727,35.860219133817,99.1,63.4914380226854,7.62843539507747,24.2695341122995,22.07,57.7916436421547,8655.33965418585
CRI,2006,8.42982819706634,37.8629840925686,99.1,64.6284513341516,7.92850433097117,23.7198679368366,25.1,58.1777820197184,9160.29437453236
CRI,2007,7.91531104342903,43.7723776439847,99.2,64.9488056775981,8.33742597856098,23.8937947565006,28.4,57.9758953727124,9779.51149389818
CRI,2008,6.97696046934205,49.3806062420387,99.3,66.4471512068889,7.90900698278232,23.5536024382425,32.29,59.4254091302356,10104.9092039691
CRI,2009,7.04962970066208,47.6533510789576,99.4,66.9466848929579,5.25151067245965,23.5227381446589,34.33,61.0597628286368,9883.67567046297
CRI,2010,6.48518940835947,44.3141331651118,99.0,66.7062706200481,5.06371170213526,23.3229652114345,36.5,61.907753060789,10285.0856660419
CRI,2011,5.59987212230861,46.0200427541641,99.2,67.2070159151332,6.39172539644787,22.5898706745828,39.2122,63.1820860244227,10612.4694861141
CRI,2012,5.13084191429059,47.4513205823866,99.5,68.8554790323389,5.70866124854743,22.2048773810709,47.5,64.286092711917,11001.5192856576
CRI,2013,4.78335093294853,49.7299243611404,99.6,70.9553732637655,6.29127735209415,21.3449724793135,45.96,65.5704372632595,11151.1437869768
CRI,2014,4.88788378983139,53.0984453119684,99.4,68.2564210266688,6.23293662208767,20.6164054191975,53.0,66.3984214219483,11422.6735793176
CRI,2015,4.74911042904841,55.1272484302097,99.4,65.7464505083211,5.23639457671538,19.9678784677773,59.763,67.2979590735582,11714.7105980732
CRI,2016,4.9143557868633,58.6380537725523,99.5,66.3131121501664,4.45296211770326,19.6500112824728,65.8804,67.455208004105,12084.4351325634
CRI,2017,4.69977633159901,59.6859060134447,99.6,66.7624976799882,4.83327522078441,19.3145397059632,71.5817,68.3430015552082,12468.5654531709
CRI,2018,4.48382833722173,60.3044594653273,99.7,65.2996449042766,4.829438721344,19.5581432647296,73.4797,68.6706106301098,12679.5253643016
CRI,2019,4.20205116302465,56.1781065050747,99.7,66.5996504656771,4.22094016659811,19.2336569312753,81.2026,69.2049940233732,12877.650101079
CRI,2020,4.34422556035497,60.1355330868079,99.9,65.3791822223277,3.37043523313038,20.3678511278951,80.5302,68.2324072882969,12242.2098908533
CRI,2021,4.36671325937127,56.5895695811113,100.0,67.2139018940829,5.53072986406838,20.6057923603832,82.749,67.0794161390985,13146.6927918465
CRI,2022,4.14007362090085,52.6621990605343,100.0,67.6246053359613,5.4175310653788,20.6464381116167,82.598,67.2830902367432,13686.1614090822
CRI,2023,3.80047657288839,51.1196932765605,100.0,66.3827288508814,5.4191807109794,20.459253835237,85.3951,67.9930784438128,14318.8389652137
CRI,2024,3.56242614167823,51.9611237199592,100.0,69.6192467571493,5.55680052586902,19.7069225452506,85.3951,68.7833462139086,14866.5823676109
CSS,2004,2.62836993207813,45.1788022704682,91.2894647290611,65.2595532372455,6.28508218802429,30.1818106798697,8.350000000000001,61.0578492016315,12014.5670017555
CSS,2005,2.25496480906197,44.3467229410636,90.8157874812198,65.2707380516865,6.69401138022517,33.7894934258021,8.95,58.2033263332558,12638.9654635453
CSS,2006,3.79274592838599,43.8482529110468,91.9463978625701,65.4860502867425,6.55647307070313,35.476159469903,11.3798,55.315957949264,13550.3562471238
CSS,2007,3.45494604460921,44.0900689619018,93.0816054727479,65.6979271478435,6.09318576846857,35.3463513086064,14.8133,55.7733097424101,13982.598007093
CSS,2008,3.32890136727533,41.4070400526303,93.4441294061575,65.767124427705,9.16134161582968,40.3637318877745,19.5,51.5437717541151,14130.2413806317
CSS,2009,4.07201041944932,49.3400822879548,92.9152943922676,66.5053397375339,5.29267167797249,31.7624006992937,24.05,59.2916267165611,13578.6986655384
CSS,2010,3.90580730598485,42.5577712878868,94.1815124594599,67.1941036450272,4.68462421397548,32.7784870940704,28.33,58.5939485919982,13743.4073853565
CSS,2011,3.5670037936334,40.528421222807,94.1276818467132,68.0097093239212,3.74989721701898,35.5628234850052,32.0,56.4041313152418,13773.5645177114
CSS,2012,3.71438952670355,41.8749918559598,95.2543113839721,68.2525931559282,0.640356613895504,31.1426320241695,35.34,58.3329097956002,14236.6654344554
CSS,2013,3.79409223745019,41.5203792341039,95.5637395418446,68.4531106544339,0.839851234339379,30.4030380275484,38.5,59.5023670907867,14333.3457750583
CSS,2014,3.69104107664632,41.2317622075085,95.8432196458407,68.7738130219027,3.86459317212514,29.5321625482472,43.0074,60.5483273853871,14605.7774648313
CSS,2015,4.06153294296815,43.311498565714,96.2001948453372,69.155304386917,3.20051424087611,24.7502642396391,46.5,63.3528179510647,14497.5393236017
CSS,2016,3.70327661919124,45.1565453490022,96.6656867832991,69.5192298941602,3.18454919035672,24.180767605956,51.5,64.6752758816535,13963.1395387692
CSS,2017,3.9772467122839,42.9356571145538,97.0542900594117,69.9276426473679,1.50095759823363,25.2121785186899,55.4032,63.2255346129644,13780.3075342487
CSS,2018,3.59492168752629,42.9257126600679,97.0878277080481,69.9458225398757,3.44440050917286,25.4666364934236,60.1126,62.810956344546,13815.7947601283
CSS,2019,3.31592639180767,43.8809623017712,97.3685903913769,70.7521223810337,7.01505209394828,24.3964525899627,64.3,64.165295996713,13825.4223050228
CSS,2020,3.86692217059211,50.1972369038925,97.9333626877032,70.6749933544128,6.64034388356222,24.3719958619709,70.0528,63.8414295678783,12531.5018423504
CSS,2021,3.55437206436495,43.3837221468963,98.174699090255,70.4851292884347,4.21254201462852,29.2764972873304,74.3716,59.3873457155976,13290.8289489771
CSS,2022,3.32157532858077,36.4037461998168,98.3064221501297,70.7987016059043,-0.397301239631366,36.151204786258,76.6,54.5114758117754,15207.5837552377
CSS,2023,3.50923107144464,38.8578362662228,99.168477538461,70.7403430891539,-1.57808665663235,32.4926117797987,79.4848,56.8541372209082,16468.9430284866
CSS,2024,3.41414928376689,33.5291891726463,99.168477538461,70.7990987470259,10.6792439839521,37.1434993408655,79.9923,52.0757212447216,18582.6849984925
CUB,2004,5.4744391801691,32.8688540294339,96.6,59.4463589319156,2.60618528064118,22.0396303955187,8.40798,71.4519802109782,4670.18802138025
CUB,2005,4.36365221842694,33.7215866396037,96.8,60.6373695336996,2.97971035930976,21.5268299936084,9.73806,72.9508509202811,5182.35283601732
CUB,2006,3.40501452330934,34.8081787114827,96.9,61.8453634987458,3.75983551599556,22.2047369498775,11.1596,73.2716124286159,5799.41163668615
CUB,2007,3.90810167923978,37.7291069327007,97.1,63.2269793781474,4.49541724323026,22.5269990563768,11.69,72.4383530788906,6215.76603727772
CUB,2008,3.81703869500364,39.431944966087855,97.3,63.342212892016,3.819961834919515,22.3864961360912,12.94,72.3230981000324,6469.08507847668
CUB,2009,3.93041237113402,41.32547358889725,97.6,63.7017121800293,2.7273246675590848,22.6047036082474,14.33,72.4532860824742,6561.25305093006
CUB,2010,3.61428926750404,42.195981646899696,97.8,64.3168336838309,2.9581243237533696,22.8936077602288,15.9,72.469220246238,6716.49048497058
CUB,2011,3.60487027105378,42.449202388170605,98.0,63.1703890364241,3.22345791309207,22.258298304102,16.0173,73.0062327873605,6902.16397571139
CUB,2012,3.85009775638835,43.24887542568235,98.3,61.5519585989856,2.79564240848119,23.3671948701822,21.2,71.6574834907918,7109.24834185635
CUB,2013,3.92492352361694,42.30243639204765,98.5,64.1803060368762,2.835264086128305,23.150308497952,27.93,71.7698449732981,7307.82004410741
CUB,2014,3.93770588957314,43.742921585242954,98.7,64.2131538850803,2.5372461391931553,22.1520752925073,29.0702,72.8847539119794,7392.48324633027
CUB,2015,3.83575415916853,47.51686846027865,99.0,64.5962004764721,2.67805945213605,22.3538093576701,37.3051,72.7584790113482,7727.91997207998
CUB,2016,3.9383388809409,47.0982594371968,99.2,64.8844346857518,2.72369103810558,22.9428012655288,42.9787,72.0484914241036,7774.0698462623
CUB,2017,3.80018101210528,45.600325891793204,99.4,65.1360073981865,2.59566397203178,24.3566251471414,57.1484,70.8170778538412,7927.27769431767
CUB,2018,3.78237294808932,45.86608163933535,99.6,65.4555324987582,2.31853378102074,24.8779064658428,62.6789,70.2144147452237,8120.43123558256
CUB,2019,3.56732632295441,46.1406537653286,99.8,65.9474165383222,2.353976227536025,24.5495399680549,67.9708,70.4057717669171,8124.75282059108
CUB,2020,2.7619420225054,51.46377338764225,99.9,66.3211077968211,1.6951678239901,23.0186675609211,71.1191,73.5095759743647,7252.28811179844
CUB,2021,0.882032508097678,47.77472256475425,100.0,66.4435064508519,2.7126492262053548,23.347541717258,67.6435,74.9617584158997,7379.04275283674
CUB,2022,0.800672255103121,45.7439409376828,100.0,66.7936745437058,2.260714655017715,23.7832356383659,68.25,74.5950436981612,7552.33152218842
CUB,2023,1.40578740133741,45.427065277604356,100.0,66.7834604681456,1.98648740838048,24.497265486032,71.275,73.2022454972474,7433.42885399674
CUB,2024,1.23974637193497,45.49182954994115,100.0,67.1960389295396,2.27442939976329,23.8481550383595,71.275,73.391823647738,7381.39774048869
CUW,2004,0.559760348644267,32.8688540294339,99.8,49.9543541630426,2.40614386605524,15.02736671908,61.8555,77.9883008621289,21512.1115522523
CUW,2005,0.588865493053005,33.7215866396037,99.7,50.3642347768599,2.40614386605524,15.4098404091381,61.8555,77.9973255026024,21112.3218717015
CUW,2006,0.557540406312578,34.8081787114827,99.7,50.6231769549281,2.40614386605524,16.0921965506674,61.8555,76.0630112996805,20913.6629896021
CUW,2007,0.637151950359926,37.7291069327007,99.7,50.6590283450837,2.40614386605524,16.3959922621749,61.8555,74.9990954043439,21011.1570121301
CUW,2008,0.643381307320106,39.431944966087855,99.7,50.9593888378512,2.40614386605524,15.2140225018826,61.8555,76.0626774586038,21202.4304610307
CUW,2009,0.45835259199559,41.32547358889725,99.7,51.6048881399569,2.40614386605524,16.9450402530542,61.8555,74.4789705143764,20952.8997952543
CUW,2010,0.441001800600715,42.195981646899696,100.0,52.5390147086811,2.40614386605524,15.0197289233141,61.8555,77.0303910145171,20706.437408421
CUW,2011,0.309494637952041,42.449202388170605,100.0,52.6145323962141,2.40614386605524,13.6386620146608,61.8555,75.4545740814872,20518.0985782641
CUW,2012,0.188964645340471,43.24887542568235,100.0,53.1341994600021,2.31350889001072,13.7863246725506,61.8555,75.3963705315805,20277.5112566223
CUW,2013,0.227822359865052,42.30243639204765,100.0,53.5430702246149,-0.0497229528681824,15.3389624484324,61.8555,72.8966336690468,19921.4771792975
CUW,2014,0.207327469043548,43.742921585242954,100.0,54.1410067239807,2.26501702747432,16.3585494364432,61.8555,72.0611331116034,19529.5285930905
CUW,2015,0.205941926250781,47.51686846027865,100.0,54.4112830836989,4.78739209486991,16.5035976098599,61.8555,71.640456982806,19361.8129630226
CUW,2016,0.169566818227653,47.0982594371968,100.0,54.5049047408101,4.39991505278562,17.1537622222003,61.8555,70.6734742771469,18953.0538552203
CUW,2017,0.166281799037794,45.600325891793204,100.0,54.188247670037,5.69261131262937,15.4098974290629,68.1272,72.2757014993673,18651.4796966993
CUW,2018,0.214779231020139,45.86608163933535,100.0,54.7593556383935,4.16644113125828,14.4127503636018,68.1272,73.5237770159802,18355.1765793615
CUW,2019,0.231767415923432,46.1406537653286,100.0,55.8657560901886,6.71586643004897,13.2746383749834,68.1272,73.9043563248068,17980.5297947929
CUW,2020,0.268419094008961,51.46377338764225,100.0,56.0999877808229,6.14534824657672,11.9846938667569,68.1272,75.0892644588555,14849.9696941839
CUW,2021,0.259155789090013,47.77472256475425,100.0,55.305223900281,6.23861045205909,11.436769306643,68.1272,74.5606008288844,15625.4114231051
CUW,2022,0.266174394247715,45.7439409376828,100.0,55.997466048887,5.71077944316966,11.1890586123849,68.1272,73.3790874308202,16772.8147195764
CUW,2023,0.268253397737773,45.427065277604356,100.0,56.4243401985256,4.16291089883125,11.6877248208857,68.1272,73.3089482693586,17326.9646862721
CUW,2024,0.278843714536945,45.49182954994115,100.0,56.8251366111918,4.347105970852,12.1862862941161,68.1272,72.2960491757024,18044.7751865648
CYM,2004,0.233902314810638,32.8688540294339,100.0,49.9543541630426,11.010544401215425,9.82859311015743,38.0344,83.5483444755669,42135.66185499995
CYM,2005,0.233902314810638,33.7215866396037,100.0,50.3642347768599,11.010544401215425,9.82859311015743,38.0344,83.5483444755669,42135.66185499995
CYM,2006,0.233902314810638,34.8081787114827,100.0,50.6231769549281,11.010544401215425,9.82859311015743,44.5,83.5483444755669,42135.66185499995
CYM,2007,0.249992681417999,37.7291069327007,100.0,50.6590283450837,11.010544401215425,9.65080208027573,52.0,84.4321029664262,42135.66185499995
CYM,2008,0.262355093309578,39.431944966087855,100.0,50.9593888378512,11.010544401215425,9.08453134393436,61.0,85.0079469959404,42135.66185499995
CYM,2009,0.314234469058315,41.32547358889725,100.0,51.6048881399569,11.010544401215425,7.90355933394894,64.5,86.9002468526232,42135.66185499995
CYM,2010,0.312849105478957,42.195981646899696,100.0,52.5390147086811,11.010544401215425,7.06530749303623,66.0,87.6099796702155,42135.66185499995
CYM,2011,0.329023791194155,42.449202388170605,100.0,52.6145323962141,11.010544401215425,6.81332422400659,69.4659,87.3133587201445,42135.66185499995
CYM,2012,0.330633489890753,43.24887542568235,100.0,53.1341994600021,11.010544401215425,6.85794611515241,69.7,87.1902467935886,42135.66185499995
CYM,2013,0.34097532455926,42.30243639204765,100.0,53.5430702246149,11.010544401215425,6.92395107976706,71.4,87.1980776190893,42135.66185499995
CYM,2014,0.357975839277623,43.742921585242954,100.0,54.1410067239807,11.010544401215425,6.89618179181609,74.1,87.3154936804664,42135.66185499995
CYM,2015,0.378695338763108,47.51686846027865,100.0,54.4112830836989,11.010544401215425,7.00603914795633,77.0,87.4373687362951,42135.66185499995
CYM,2016,0.39945773256778,47.0982594371968,100.0,54.5049047408101,11.010544401215425,7.28391318982217,79.0,86.8623821329188,42135.66185499995
CYM,2017,0.418316555239566,45.600325891793204,100.0,54.188247670037,11.010544401215425,7.19381923258219,81.0677,87.1042606022093,42135.66185499995
CYM,2018,0.408587438369759,45.86608163933535,100.0,54.7593556383935,3.13994473836616,7.41439057356221,81.0677,86.1171403825961,42135.66185499995
CYM,2019,0.414317120759666,46.1406537653286,100.0,55.8657560901886,11.010544401215425,7.70795298167285,81.0677,86.1669954169957,42135.66185499995
CYM,2020,0.435397889334994,51.46377338764225,100.0,56.0999877808229,11.010544401215425,8.13491587686282,81.0677,86.7889872062751,42135.66185499995
CYM,2021,0.454181072913047,47.77472256475425,100.0,55.305223900281,-4.3599322772924545,8.36764213758581,81.0677,85.2433991012583,42135.66185499995
CYM,2022,0.46893990167683,45.7439409376828,100.0,55.997466048887,-4.3599322772924545,8.08055165134334,81.0677,85.571568444444,42135.66185499995
CYM,2023,0.415554016813388,45.427065277604356,100.0,56.4243401985256,11.010544401215425,7.84424780332668,81.0677,85.9839412268875,42135.66185499995
CYP,2004,3.08333142687938,141.48987381863367,100.0,71.183160329101,6.459620091748,18.067453251524,33.83,66.8237969620049,24799.6484375
CYP,2005,2.73852781486715,141.48987381863367,100.0,71.21440428035,6.30362669067508,17.8911353003281,32.81,66.7369863544184,25631.3671875
CYP,2006,2.2759759957395,141.48987381863367,100.0,73.0942271243038,9.32556556614527,17.830157800694,35.83,66.9928855593874,26395.50390625
CYP,2007,2.02353280851406,141.48987381863367,100.0,73.0954891491303,9.57345612845137,18.1971192501955,40.77,66.0995381791403,27156.818359375
CYP,2008,2.09331209487447,141.48987381863367,100.0,72.7230256002219,11.010544401215425,17.8966297974596,42.31,66.3692756373905,27449.2265625
CYP,2009,1.98881944002316,141.48987381863367,100.0,74.2486416967755,11.010544401215425,15.9545009113836,49.81,69.9768267979178,26183.685546875
CYP,2010,2.05766089497283,141.48987381863367,100.0,75.8020378353597,11.010544401215425,14.4791152125979,52.99,71.6413288911788,26090.048828125
CYP,2011,2.14531860991971,141.48987381863367,100.0,75.2738615141119,11.010544401215425,12.7453636495298,56.8599,73.9856217691986,25538.78125
CYP,2012,2.00128009868188,141.48987381863367,100.0,76.9169195087085,11.010544401215425,11.7579854336711,60.6899,74.948228738595,24285.49609375
CYP,2013,2.03633566673278,141.48987381863367,100.0,79.331990531558,11.010544401215425,10.7492783120679,65.4548,76.1139226487119,22711.71875
CYP,2014,1.84487621232733,141.48987381863367,100.0,79.0522045971705,11.010544401215425,9.97287676875997,69.3287,75.8273775269052,22373.578125
CYP,2015,1.86798451841109,141.48987381863367,100.0,79.7796335579961,11.010544401215425,10.1909463210663,71.7157,75.5176128959667,23088.44140625
CYP,2016,2.14376219902412,141.48987381863367,100.0,79.306219888317,11.010544401215425,10.836514879496,75.9002,74.5691185819827,24477.986328125
CYP,2017,1.85263298228741,141.48987381863367,100.0,80.4250104876378,11.010544401215425,11.3472324007128,80.7432,74.1380086156061,25666.00390625
CYP,2018,1.71813809861456,135.318599181494,100.0,81.1733098836172,11.010544401215425,12.0224270287232,84.4336,73.4972493548522,26962.40625
CYP,2019,1.74820542874204,106.684140672815,100.0,79.1544989721153,11.010544401215425,12.7890118881986,86.0636,73.2857142735047,28167.16015625
CYP,2020,1.82533569194245,106.473520309929,100.0,77.7572194414896,-4.3599322772924545,12.8234844954585,90.8019,74.5571998617301,26895.68359375
CYP,2021,1.50250271739903,87.3952443793853,100.0,79.2312542345978,11.010544401215425,11.4804477138081,90.7595,75.7895819401386,29517.072265625
CYP,2022,1.186076126012,70.8069403957086,100.0,80.4699653664907,0.17262361266281,10.375046731535,89.601,77.1560605407942,31370.55078125
CYP,2023,1.15495918435607,60.571861381716,100.0,81.4093273142822,-4.3599322772924545,11.3336799309353,91.2211,76.2218713773525,31884.84375
CYP,2024,1.15512812146527,56.6577631532363,100.0,81.4578073582287,-4.3599322772924545,11.1357928688814,91.2211,76.4769046707826,32617.216796875
CZE,2004,2.40804306787699,25.6084231471379,100.0,54.9835192232101,5.34629831368761,33.4524157670713,35.5,54.7067356224235,14259.63342798
CZE,2005,2.28125770679761,29.198511293775,100.0,55.2289746054439,10.0027291342114,33.5317423512837,35.27,54.6370936474549,15147.7214417611
CZE,2006,2.16293341098596,33.8468188673217,100.0,55.5382534866669,4.56488300562003,34.2768164992188,47.93,54.4482943427268,16107.3042502688
CZE,2007,2.08871530033094,38.7111386653992,100.0,55.8696793895606,7.26984053281639,34.147619592136,51.93,54.3201070157384,16892.542854974
CZE,2008,1.92036584435566,43.2837473288349,100.0,56.300183765374,3.72734017480649,33.6216094655094,62.97,55.1728220283319,17190.6470333289
CZE,2009,1.75886230026321,45.0769166431167,100.0,58.3117469682179,2.54701925348654,32.9918730301951,64.43,55.7128174973799,16272.8084766719
CZE,2010,1.52258196973334,45.8702955056247,100.0,58.9166519100802,4.81502985527419,32.7825374564339,68.82,56.2888177196257,16665.9317825137
CZE,2011,1.96393230867654,47.9331340018142,100.0,58.5582623455175,1.80994155301699,33.3153047782183,70.49,55.1142697031149,16926.2846674435
CZE,2012,2.23162666151254,49.0549453111,100.0,58.8258013965952,4.48424380759869,32.6118775656289,73.43,55.1671455759611,16772.3539223328
CZE,2013,2.34758315581321,50.2898649104068,100.0,59.45817945506,3.45386726376292,32.3750644937133,74.1104,54.9680487770361,16759.7808635642
CZE,2014,2.39269564510297,49.0926941934326,100.0,59.2119606722908,3.83510153423089,33.5256056944841,74.2317,54.5981250304078,17118.0425571578
CZE,2015,2.25892571347988,49.2604496354432,100.0,59.0490200759113,0.898913491904098,33.515061761941,75.6688,54.3330095169346,17931.5987670768
CZE,2016,2.14809736879598,50.5721831167678,100.0,59.0271829127601,5.47566421423918,33.0261220764687,76.4812,54.8701536021871,18359.0978103904
CZE,2017,2.10545968755889,50.2324425641548,100.0,59.1392615238038,5.07066240955503,32.2345069182507,78.7192,55.6563920064008,19257.6930680911
CZE,2018,1.96856224682798,50.7185195587911,100.0,59.7002457742824,3.30353998283407,31.2449402120943,80.6882,57.0226523268952,19736.6295261285
CZE,2019,1.89151770908811,49.4401047128065,100.0,60.0862822506451,4.18705737619001,30.8172927602906,80.8669,57.8053442859741,20360.0599221814
CZE,2020,1.94399138825301,51.9829906329751,100.0,60.1444674808924,3.39114066226469,29.6728490106408,81.3389,59.5821298700586,19233.1469549829
CZE,2021,1.75886666492278,52.0361206166061,100.0,60.632143678808,4.43029524586196,28.5164055991395,82.6706,60.8665523629247,20373.8783043424
CZE,2022,2.07634975500264,48.6347695390782,100.0,60.4286416457804,3.02937517288668,29.2185730464326,84.5401,59.7439357764226,20627.348651011
CZE,2023,2.14121915412639,47.7195252266584,100.0,60.5871625686937,3.4462419046487,30.0237282227463,85.994,59.6975973460946,20272.5874017334
CZE,2024,1.89923535118143,48.0283310281007,100.0,61.8516691946901,3.76083530894919,29.2098380644386,87.6878,60.1721452763251,20445.432830127
DEU,2004,0.948871367267906,105.024726999965,100.0,66.3916331203167,-0.715503012520614,25.8386247078115,64.73,63.442809545407,35687.6378708542
DEU,2005,0.72605784900095,103.75352043032,100.0,67.834590380863,2.06799391408494,25.6870805044481,68.71,63.6742328149253,36024.0947047021
DEU,2006,0.716599757643703,100.341277234171,100.0,67.6353506671821,2.87049561649648,26.2600466577088,72.16,63.0772242784954,37459.261328042
DEU,2007,0.822076767549622,95.4983439670839,100.0,67.3476213975735,1.4594247021417,26.4597084438011,75.16,62.2339530017072,38593.0749910508
DEU,2008,0.837028054130878,95.4017333003769,100.0,69.0449881138914,0.81284475683707,26.0432629920287,78.0,62.5997574615337,39009.8477636357
DEU,2009,0.670417045914746,96.8593447395117,100.0,69.531812060413,1.63004671127687,23.8380974911486,79.0,64.656391215612,36940.4078672661
DEU,2010,0.775984032180357,86.7703784709742,100.0,69.6245128783923,2.48154528887853,26.0371435344861,82.0,62.7061554109343,38526.7371042695
DEU,2011,0.924638957956395,83.2493965947192,100.0,70.6143963040454,2.55089499875415,26.2795286339924,81.27,62.0438601919976,40722.4849268242
DEU,2012,0.911412934754651,82.1912777571376,100.0,70.228668900092,1.8196411156431,26.5450401531822,82.35,61.8201108856563,40834.5088218456
DEU,2013,0.927130138706706,80.6847771482794,100.0,70.8152094828411,1.76515036525359,25.8779408891742,84.17,62.3613630655019,40884.8926759028
DEU,2014,0.915606456087681,77.7920367770492,100.0,70.4767257159076,0.437762571704246,25.9859539549736,86.1937,62.2965551672491,41602.4661281668
DEU,2015,0.708512712866412,76.5815039050479,100.0,70.9759853455225,1.82239938063641,25.8737038512745,87.5898,62.6076196214484,41929.7549110722
DEU,2016,0.730531013610999,75.9886830599554,100.0,71.3556858152454,1.64365840117303,26.1732405694774,84.1652,62.3594067369594,42135.66185499995
DEU,2017,0.860007620510574,76.0590859587592,100.0,71.3142217227741,2.88914588414184,25.9754703565139,84.3942,62.4900468331378,42135.66185499995
DEU,2018,0.742451289010288,76.6188414195566,100.0,71.3851925415178,4.00082875273687,25.8506477811784,87.0371,62.7863181160328,42135.66185499995
DEU,2019,0.833126017731138,77.9656968065859,100.0,71.6630846015593,1.9056930139782,25.5415743169893,88.1345,63.0067735661299,42135.66185499995
DEU,2020,0.728659526127881,83.809378912227,100.0,71.6559512297747,4.48523547812751,25.2353421894561,89.8129,63.8751333055131,42135.66185499995
DEU,2021,0.753895620719434,82.7038241987432,100.0,71.4070006981136,2.93002168676674,25.1570468778005,91.4306,63.5453543127468,42135.66185499995
DEU,2022,0.994638278032481,81.079187544963,100.0,71.9534438323531,2.07605246190373,25.560348825259,91.6298,63.4806825103587,42135.66185499995
DEU,2023,0.929156663056282,77.253484574492,100.0,72.3926155732498,1.69740103499567,26.7958505063624,92.4764,63.6154489715143,42135.66185499995
DEU,2024,0.914397651173374,77.253484574492,100.0,72.6164237512878,1.01586176558023,25.6229541900267,93.5,64.0456505820091,42135.66185499995
DJI,2004,1.19392304728354,21.1118901795143,56.6,93.678238444753,5.78669482576557,11.3865800627511,0.781317,80.5749435790169,2140.13769442336
DJI,2005,1.19392304728354,20.0751157306315,56.8,93.6675667660418,3.13326292887826,11.3865800627511,0.953611,80.5749435790169,2140.13769442336
DJI,2006,1.19392304728354,20.1829119250613,55.5,93.6169725995013,11.010544401215425,11.3865800627511,1.27004,80.5749435790169,2140.13769442336
DJI,2007,1.19392304728354,22.5217826972719,57.2,93.535090976606,11.010544401215425,11.3865800627511,1.62,80.5749435790169,2140.13769442336
DJI,2008,1.19392304728354,24.3356079532783,57.4,93.4354327403269,11.010544401215425,11.3865800627511,2.26,80.5749435790169,2140.13769442336
DJI,2009,1.19392304728354,29.3471303326915,57.6,93.508965595324,9.2325515288363,11.3865800627511,4.0,80.5749435790169,2140.13769442336
DJI,2010,1.19392304728354,33.1101651364158,57.9,93.5281793855919,3.23415329697175,11.3865800627511,6.5,80.5749435790169,2140.13769442336
DJI,2011,1.19392304728354,30.9088339588642,58.1,93.4995036500294,6.37538483893525,11.3865800627511,7.0,80.5749435790169,2140.13769442336
DJI,2012,1.19392304728354,28.9308988431593,54.6,93.511639098934,8.1261509172004,11.3865800627511,9.4,80.5749435790169,2140.13769442336
DJI,2013,1.19392304728354,22.1463874057357,58.6,93.4867258919246,11.010544401215425,11.3865800627511,12.7,80.5749435790169,2140.13769442336
DJI,2014,1.22411023326762,22.1377018857024,58.9,93.3896968358623,6.88983261287099,11.612957172612,17.0,80.3757215180893,2253.14082249768
DJI,2015,1.05900752644099,21.7028460975101,59.1,93.2723560939206,5.93271216592944,11.3951494809576,22.9,80.2864982413037,2376.12554719873
DJI,2016,0.99558771996226,20.4371265619881,59.8,93.1564692327645,6.1420623506391,11.3387071221455,30.8,80.6844688233518,2502.85181449431
DJI,2017,1.29424095183589,21.1727542584921,60.2,93.041040472684,5.97013597143086,12.4061244543166,55.6814,79.2106257072114,2596.45134698268
DJI,2018,1.41671102035767,21.6332373941692,62.4,92.9160959301651,5.83497725047345,13.991615352663,57.0617,77.5190312641123,2677.1650334451
DJI,2019,1.51935229833123,22.3514833157846,64.7,92.8177550927403,5.66550441566635,14.6103467336685,58.4762,76.9845361801201,2781.94350113484
DJI,2020,1.99744473588682,21.153639250123,64.5,92.8081699740809,5.03254315668511,14.5456933567204,59.9257,77.268147602583,2773.40661780097
DJI,2021,3.00716226184265,18.5968581486669,65.4,92.6275507357945,4.91482788768696,15.4059788148715,61.4112,75.1140795195897,2854.15987035097
DJI,2022,2.63101792247644,19.8343292529775,65.0,92.571679830982,5.24930012962196,15.0308727802738,63.2573,76.3885243704718,2959.78673011268
DJI,2023,2.50202235262172,21.8231301046989,65.2,92.4285639385519,3.51446231641349,14.432376023443,65.0248,77.1152748633996,3117.8155381531
DJI,2024,2.5119476858486,23.1025276600186,65.2,92.2769407847409,1.63337101411676,15.913892950777,65.0248,76.0847593876274,3290.42482052598
DMA,2004,11.5393233251176,42.0733437896781,85.0,49.9543541630426,6.49739806247027,16.8272462469191,30.3196,59.434983942042,7323.8530008275
DMA,2005,11.9146963375058,45.2101842127672,86.0,50.3642347768599,4.83084578819671,16.0776967254217,38.5436,58.8080572980235,7381.74728529453
DMA,2006,10.9500275550657,47.2177383513182,87.0,50.6231769549281,6.28236832373597,16.4681516773035,39.3982,58.6514017528577,7698.53701483824
DMA,2007,10.9932120101612,46.5457044101112,88.1,50.6590283450837,9.08254423496638,16.1554158164328,40.2745,57.4030733352767,8106.18951878325
DMA,2008,12.357929336965,46.7316610211341,90.9,50.9593888378512,11.010544401215425,14.5994243871575,41.16,57.3467797316379,8682.57378179773
DMA,2009,13.2921985102394,46.398284692243,90.2,51.6048881399569,11.0100917882515,13.1643405618567,42.02,58.1997888188942,8582.71481435718
DMA,2010,12.1671107564725,50.4433536142261,91.3,52.5390147086811,10.9887086593887,13.542839229991,47.45,58.9739388153489,8574.27308682238
DMA,2011,13.1398699725745,52.3689632609876,90.1,52.6145323962141,9.48510899097882,14.7847029833916,48.6,57.6624298701118,8553.8384670104
DMA,2012,12.5284705614395,55.2126750939529,93.5,53.1341994600021,10.823245661111,15.0217799795012,49.8,58.3212333447216,8532.34388117289
DMA,2013,14.0710957769054,52.6516931770331,94.6,53.5430702246149,7.09315981024728,13.4469362528695,51.0,58.099811190046,8459.6586988024
DMA,2014,13.5810858914367,48.813726061265,95.7,54.1410067239807,2.15759020953855,13.5409587791002,57.5,58.2788057653599,8576.26367623609
DMA,2015,13.5413888147951,47.5724320136163,96.7,54.4112830836989,1.22782053461875,11.9415971243125,65.0,59.9302671188507,8282.59874702141
DMA,2016,13.5004110450215,44.1506480003869,97.8,54.5049047408101,6.89801855079428,12.5108806035108,67.03,58.9928188016829,8499.52291903149
DMA,2017,11.743783940147,47.2243698473433,98.9,54.188247670037,4.02538103514499,11.6477982459601,69.6197,61.6267602855903,7985.6341102129
DMA,2018,9.64769551837572,41.653873816514,99.6,54.7593556383935,11.010544401215425,16.4273165670357,71.5008,55.0281206890453,8261.16492553236
DMA,2019,10.1167002012072,38.3560218453579,99.9,55.8657560901886,9.78484788732394,16.4478298361598,73.3819,55.1894222477723,8624.51695993537
DMA,2020,12.2529146098099,50.7542625074397,100.0,56.0999877808229,4.31749235024332,12.143682386304,75.6567,59.6260896964605,7302.94454951254
DMA,2021,14.0151066545603,49.3802060716119,100.0,55.305223900281,5.0343144105378,13.0406747989946,82.6979,56.5091521587515,7738.31730070386
DMA,2022,12.9438199575573,45.8489422030946,100.0,55.997466048887,2.71598643499556,12.6067753689955,83.3101,58.6517027587724,8590.92209069816
DMA,2023,12.1097217072814,41.7730066174571,100.0,56.4243401985256,7.2826833844529,12.7501207770175,83.8255,58.3190086172998,8946.98822588042
DMA,2024,12.2243249927419,39.3862299594619,100.0,56.8251366111918,8.70431929375585,13.8759556554372,83.8255,56.9414724889515,9172.71049624795
DNK,2004,1.5968233470381,141.48987381863367,100.0,73.0358445328561,-3.49390841296768,22.1370994736383,80.93,62.0456817526564,42135.66185499995
DNK,2005,1.13056388790591,141.48987381863367,100.0,72.9252698977169,4.8451921902896,22.1118631886264,82.74,61.7717624204858,42135.66185499995
DNK,2006,1.14680871658905,141.48987381863367,100.0,73.5806817948061,0.841695783435792,22.6855310952049,86.65,61.1392957485577,42135.66185499995
DNK,2007,1.17038366975969,141.48987381863367,100.0,73.529406550233,3.68799602330786,22.0583080495124,85.03,61.664778544223,42135.66185499995
DNK,2008,0.841682850350501,141.48987381863367,100.0,74.0389756363221,0.617279543987987,22.6089943597854,85.02,62.4413976054736,42135.66185499995
DNK,2009,0.806945931238911,141.48987381863367,100.0,76.6697923761526,1.17142791849018,19.8459601671915,86.84,65.6486144762927,42135.66185499995
DNK,2010,1.1884393485634,141.48987381863367,100.0,77.5903899683364,-3.56794135328115,19.3679354644121,88.72,65.7784928937093,42135.66185499995
DNK,2011,1.26832807403315,141.48987381863367,100.0,77.5706471940683,3.93792637361731,19.8459237938884,89.81,65.1652486553664,42135.66185499995
DNK,2012,1.61758219917433,141.48987381863367,100.0,77.5941093768257,-4.3599322772924545,19.8506421545794,92.26,64.867511994022,42135.66185499995
DNK,2013,1.25664041508446,141.48987381863367,100.0,77.765156759104,0.197410828523168,19.734359858156,94.6297,65.5690146038965,42135.66185499995
DNK,2014,1.35342720224903,141.48987381863367,100.0,78.1496705722712,1.86415567840611,19.4044479337978,95.9935,65.9892898028769,42135.66185499995
DNK,2015,0.908318060929302,141.48987381863367,100.0,78.0839708642778,0.61075067778712,19.5644428511085,96.3305,66.268123644985,42135.66185499995
DNK,2016,0.92879780499665,141.48987381863367,100.0,78.617585859732,2.49983169836595,20.2319629319966,96.9678,65.5816572655399,42135.66185499995
DNK,2017,1.25985806734514,141.48987381863367,100.0,78.9511826608385,1.08780490285886,20.4236252284711,97.0994,65.2651305462279,42135.66185499995
DNK,2018,0.99704488734783,141.48987381863367,100.0,78.8985827369521,2.46670057625106,20.5755636281273,97.3192,65.1569808657312,42135.66185499995
DNK,2019,1.24122741169144,141.48987381863367,100.0,79.2310732242318,-1.10067098319484,20.6402200527554,98.0464,65.1563499910143,42135.66185499995
DNK,2020,1.33752008668451,141.48987381863367,100.0,79.0113854001453,0.36387453868222,19.5550544065806,96.5491,65.9864386706891,42135.66185499995
DNK,2021,1.08103120928969,141.48987381863367,100.0,78.6001557779052,4.18538817542322,19.3930980986428,98.8659,66.6398766336931,42135.66185499995
DNK,2022,1.00228533729664,141.48987381863367,100.0,78.8086524498253,6.9048667972729,20.6688567291554,97.8601,66.429806790063,42135.66185499995
DNK,2023,1.03787056976317,141.48987381863367,100.0,78.7221717281139,2.21212901346256,23.6155835404278,98.7756,63.9079515293954,42135.66185499995
DNK,2024,0.927722262099888,141.48987381863367,100.0,79.330803465223,4.36742106623918,24.1417253330521,99.7692,63.5495635161649,42135.66185499995
DOM,2004,7.02047299255392,23.6407582982231,90.3,62.5413587246926,4.18629057899448,31.8129445090859,8.86555,55.1415803993543,4212.01044121773
DOM,2005,7.21193528375622,19.6494366342449,90.1,63.6622285502119,3.12598170087694,30.2693576810614,11.4832,55.767972107314,4549.24957008857
DOM,2006,6.8587193196752,18.6926214053015,90.1,63.9173592668984,4.0356569620282,31.1098612659885,14.8449,55.599825837468,4904.71715839398
DOM,2007,6.51157391056705,20.7082666024064,96.9,64.5221560314344,5.12424998266344,30.5469468544139,17.66,54.9331736137856,5204.78500652254
DOM,2008,6.27099180121697,20.7401125439887,97.6,65.6916671523955,5.67335967834237,29.3755031583439,20.82,57.520666714712,5308.92664966814
DOM,2009,6.01021373970952,21.5664624818529,97.9,68.607671372439,3.51548540591409,27.3561708818325,27.72,59.7079337570232,5294.64953374426
DOM,2010,5.87493178504912,22.7350961859087,98.1,68.891880322439,3.38320513554667,27.2729956898842,31.4,60.1184532953709,5666.45633430206
DOM,2011,5.4136207001604,22.9374372388722,97.9,69.5538462312631,3.79217588020774,27.543253721519,38.0,60.705409096801,5773.57403459156
DOM,2012,5.13892705786417,22.5374088267045,97.9,69.7010195080925,5.64036946601582,27.3630347889582,42.32,61.2165323555741,5860.29893321013
DOM,2013,4.99410588425629,23.4371404845689,98.4,71.6049118668822,2.55757225532805,28.042816852784,45.9,60.4379125336437,6075.03399972737
DOM,2014,4.83780303264764,25.2661648516991,98.5,70.8017143140267,3.55938801753347,28.3860007406051,49.58,60.4426676510354,6430.27811051339
DOM,2015,5.05883234424627,26.0392720542651,98.6,71.1527249808892,3.13851060913817,26.9345632876959,54.2158,61.0297558973097,6800.95309395474
DOM,2016,5.02704510564373,26.9063969746819,98.9,71.2596679288126,3.33024928523507,25.8795514870557,63.8709,62.0130672048251,7177.75376475488
DOM,2017,4.83760934052653,27.5827678514226,100.0,70.2184572837292,4.55025610026855,25.7840049829017,67.5712,62.1317869930781,7379.39978067137
DOM,2018,4.57147323875274,27.3911536580126,98.9,70.312652999912,3.22902365102652,26.9196437003489,74.822,61.067519765139,7818.70593240469
DOM,2019,4.32511956961036,28.0978072005075,99.0,71.6539146664975,3.17366550445317,27.3564369481505,79.7155,60.9652850214225,8117.04639185786
DOM,2020,4.52252840237889,30.6276284346111,100.0,71.5693231071999,3.13265976088131,28.8243175766758,81.6173,60.0654313134599,7395.8734262396
DOM,2021,4.21567590284055,27.7700298032382,98.1,71.7397350648633,3.53154938314388,30.8689593199686,85.243,57.806877007564,8344.90510312395
DOM,2022,4.15371984188711,27.965465423142,98.1,72.770944746094,3.56897098132173,30.8255427451738,81.5127,58.3198656685618,8698.13592094395
DOM,2023,4.29425303998525,30.8419895792968,99.6,73.4365338131703,3.94375586800192,29.3086832346831,84.6161,59.5911487632596,8809.96335385949
DOM,2024,4.45398448187972,31.920114353993,99.6,73.7499423191835,3.6013993607877,28.724388436827,91.0022,59.8121925635257,9168.45418897141
DZA,2004,7.72217403415641,10.2103283916163,98.6,51.8749861539072,0.962586875552012,44.9814633218361,4.63448,41.318485873096,4066.28204806495
DZA,2005,6.5592713699842,11.5002886298427,98.6,52.7471480126678,1.07990333031143,48.5068360058496,5.84394,39.5234001714181,4223.60252133943
DZA,2006,6.36600271426263,11.5208153731445,98.7,53.7389001163239,1.49572335207526,50.8913842012469,7.37598,38.3695971271538,4279.61547120827
DZA,2007,6.32601878401142,12.3058156265958,98.7,54.7655015256435,1.1838181536619,50.3717168823853,9.45119,39.7143271260495,4339.25055772831
DZA,2008,5.54975092049628,12.1301917581652,99.3,55.7369182407433,1.46277344571787,51.54601351155545,10.18,39.5735544641773,4367.56538017541
DZA,2009,8.01121741497815,14.8475768615457,98.8,56.8663162782856,1.82742164668261,42.0128802106709,11.23,46.1374615012615,4336.10054052949
DZA,2010,7.53171561491377,13.790133198986,98.9,57.6166272790117,1.29390467487817,45.2431946364671,12.5,43.6024032576579,4456.6102741643
DZA,2011,7.08352512171367,12.5651064123385,99.0,58.3706549813845,1.17767329101171,44.9869856015855,14.9,44.6513051761826,4501.3543013352
DZA,2012,8.02697167412095,12.9086438651722,98.8,59.0534872447277,0.660551953898791,43.1950549091774,18.2,44.9114940485958,4518.43978956464
DZA,2013,9.12007464194984,15.0652748989807,99.2,59.6928527590247,0.736559065111634,39.7438543670176,22.5,46.7933663667477,4543.23444006767
DZA,2014,9.40707440856373,16.4216636360138,99.3,59.5848214456533,0.628688968391006,38.5614138325673,29.5,47.9036022305248,4634.10149179952
DZA,2015,10.5327896965018,19.2203451351034,99.4,60.0078982463763,-0.286832290676438,32.7565009315894,38.2,52.1103711658838,4685.05902729002
DZA,2016,11.0683130545794,20.2524548230485,99.4,60.1185685728887,0.906300705997455,32.205164049828,42.9455,52.3939905220294,4768.73140081027
DZA,2017,11.0318809304784,21.8603855833638,99.5,58.8561891418821,0.647902696344894,33.4766949498416,47.6911,51.2221393515536,4742.90075532529
DZA,2018,11.2438301354995,22.387148870126,99.6,58.75502744623,0.753576088552125,35.3432586054084,49.0385,49.4261444653673,4717.0035885361
DZA,2019,11.4791798857164,22.9128695368994,99.5,58.777382998983,0.713947308015691,33.5743211841578,55.7907,50.4800694011749,4672.66408678635
DZA,2020,12.8341693887186,26.1172134194462,99.7,58.2761950622328,0.693816014772836,30.0235803787213,63.4727,52.8041887035021,4363.68533767783
DZA,2021,11.2354345605089,22.659990400839,99.8,58.2198528489355,0.466728479682941,36.3214812457704,72.2124,48.4879581553143,4456.74687637774
DZA,2022,10.6470638553472,18.2397846012834,100.0,58.0537400485733,0.107187812155079,43.0521306240802,74.8319,42.7463000437695,4544.46688060372
DZA,2023,13.3692450434856,18.846702518083,100.0,58.1913415748377,0.489819143410423,37.5476547378243,76.9081,45.5476795606292,4660.40545687895
DZA,2024,13.9597061505767,19.0340776687974,100.0,58.2133758619657,0.455370730483787,36.1956789537864,76.9081,46.7949847002474,4765.72900168387
EAP,2004,12.9536983869208,110.754901784507,93.2660680387975,32.2709212137079,3.07262348271581,44.1448119131642,8.3,43.0970180621137,2835.24719161171
EAP,2005,11.8122099317192,104.657909453689,92.8453003628586,32.8324587477991,4.12244474891044,45.1086466513726,8.3,43.1030067066612,3095.23156174672
EAP,2006,11.0512287674067,102.321901380114,94.0414555134156,33.7531720683569,4.04278569952864,45.5815165942985,10.1,43.330414226962,3410.6740869072
EAP,2007,10.8694877538081,100.242752701803,94.0513892360771,34.0775612072058,4.04810364306106,45.0174495670723,14.3,44.0729048547298,3805.17838200242
EAP,2008,10.9561579927583,96.9070736288032,94.6719310490636,34.7584500201196,3.49530221998268,45.2187045216172,19.2,43.7473719214296,4102.12956719619
EAP,2009,10.5094097721063,109.551547037997,94.4276339127764,35.5815131917881,2.37285319290618,44.2473368542596,23.7,45.1787676789801,4397.68279304561
EAP,2010,10.1975256492388,109.866884489333,95.0553706554353,36.0863431051804,3.73126352278817,44.2135666803346,28.9,45.0745754072153,4797.24821906567
EAP,2011,10.0929434104252,108.703224217931,95.5816815305151,36.9745145965124,3.45329540589139,44.407435293865,32.3,45.0683326700005,5168.48039467882
EAP,2012,9.88587924415657,114.553129059516,95.7951654492221,37.3525916734012,2.79558314804067,43.5394059061259,35.7,46.1613737702065,5511.82607552871
EAP,2013,9.61477690185887,120.356065921514,96.0928535168264,39.2475964791959,3.005606781911,42.4277987793817,38.2,47.5418623356681,5864.64068313952
EAP,2014,9.25058121137672,126.037722133811,96.2740993565598,40.9292596352861,2.53711668279628,41.5242462880759,40.6,48.8183482373092,6225.65318734608
EAP,2015,8.90602675144432,137.353912922117,96.6218250728069,42.4219053395499,2.26099397166296,39.4966443487951,43.5,51.1606182452437,6589.77076427462
EAP,2016,8.62209317549261,139.946300814889,96.7165341917277,43.1177448983783,1.59200770245069,38.3761567102292,49.6,52.5110930513767,6966.47191689918
EAP,2017,8.08616891121846,139.204295297604,97.4453072983769,43.5874574836679,1.58763289227537,38.6886137427269,53.9,52.714801039937,7374.82622244547
EAP,2018,7.61395188703277,141.48987381863367,97.4123829747175,44.1724329882583,1.84236415132526,38.6296835864233,59.1,53.2620921982949,7806.58513374745
EAP,2019,7.66612787248709,141.48987381863367,97.650096061791,44.8425750356599,1.49204425101988,37.5151599065249,64.0,54.3079809895165,8220.71036562155
EAP,2020,8.23883087078931,141.48987381863367,97.5651849682476,45.3671710336408,1.7036034307096,36.6827044985204,72.2,54.6229297749791,8293.69666986026
EAP,2021,7.78065032198341,141.48987381863367,97.9599209910295,45.7081966356023,2.06362919027047,37.9195791718088,77.6,53.8600950634035,8905.88464694349
EAP,2022,7.78071122818702,141.48987381863367,98.0273720891056,45.3431885785627,1.29383496230672,37.9192668938292,81.6,53.805154975469,9200.23508783493
EAP,2023,7.56561603757774,141.48987381863367,98.2376383007189,46.2014177250231,0.594061160824791,36.7587748514551,84.2,55.1646300938583,9665.75975299647
EAP,2024,7.47924991372343,141.48987381863367,98.2376383007189,46.6195086807058,0.503179742390226,36.4067585951681,86.1,55.5949652480887,10128.2890911466
EAR,2004,10.0142936084363,32.9041792044031,71.1114199587976,35.2701985795278,1.51556427923451,35.0450922566118,8.350000000000001,54.7547024730808,2312.5110972536
EAR,2005,9.5966864045753,34.9299400855286,72.7507806716199,35.5779310299796,2.10432420182064,36.3205303112042,8.95,54.0715712091341,2409.7524782084
EAR,2006,9.28126709520582,37.3147402439113,73.7999828808332,36.1298785956201,2.54018445800833,37.4544160282473,11.3798,53.4663984916638,2515.60216032263
EAR,2007,9.54745101891804,39.047407157954,75.6550383386468,36.4997628407401,2.65693327614947,37.1290679536991,14.8133,53.5194424537064,2617.61581534939
EAR,2008,9.41810355163714,36.958724759837,77.4007795197428,36.8154070547197,2.70200452716778,38.460712106263,19.5,53.0714729349307,2666.11094569761
EAR,2009,10.3110776326177,38.3066052964337,78.2884199644018,37.3076207905271,1.87196555413297,35.1421080590432,24.05,55.1667195581361,2641.46036980411
EAR,2010,10.378100273426,39.4820081711596,79.3901895116688,37.627883607489,1.86415801387002,35.7815608143166,28.33,53.8843422873611,2766.88281699468
EAR,2011,10.1279141992918,39.8317020139656,81.1499828644284,38.2412433265795,1.86142718681986,36.6961238836623,32.0,53.3060942398738,2859.22240884783
EAR,2012,9.89007005162801,40.7227297013258,82.0524632421742,38.9100774714198,1.73958506935127,36.3771682038298,35.34,53.6999197097307,2935.95209151149
EAR,2013,10.0880061416666,42.1021037851085,83.7993125754694,39.4338660085644,2.0656901605081,35.6358900069927,38.5,54.9836482569485,3010.1988692938
EAR,2014,10.304557324509,43.6901306964184,84.7520088398511,39.9580193903974,1.73248564839681,34.8260901559493,43.0074,55.8421509225114,3087.28170907983
EAR,2015,10.5948337484177,45.681716623232,86.8271544642577,40.7108021874196,2.1176064823695,32.4358048630215,46.5,58.0989695881577,3174.36962020929
EAR,2016,10.8469942860176,46.0381108527846,88.3494481253503,41.4657338992315,2.05469058999148,31.947989808737,51.5,58.1840646212486,3261.99599812662
EAR,2017,10.7170908608682,45.5954539957506,90.5086728796454,42.1817518377007,1.89354787125253,32.5172839307576,55.4032,57.8458525475376,3365.65570800726
EAR,2018,10.4068347929636,47.173390079826,91.9927109222765,43.0006967948639,2.01965603795388,33.5732212487743,60.1126,57.384945146136,3444.80737958553
EAR,2019,10.8107690863619,45.6598913128773,92.7976553013368,43.6372378448562,1.83763149693892,32.5854853967625,64.3,58.464149963253,3480.18904220698
EAR,2020,12.0261680289765,48.7611687614105,93.4557810564296,42.0783881531641,1.83078999616362,31.5060348626974,70.0528,58.487092485683,3290.1946903817
EAR,2021,11.3926045443454,45.8197285277608,95.2423338887017,42.2103991280772,2.19689554052297,33.6592032549588,74.3716,56.5965255731834,3500.20998909915
EAR,2022,10.8304142359088,45.8197285277608,95.1575744950744,42.240539023977,1.98212051380416,35.0333114712033,76.6,55.8428892008613,3669.67144770881
EAR,2023,10.7059295734725,45.8197285277608,95.7044381043822,42.4868828619351,1.56933330002134,33.7010194364235,79.4848,56.8905090899996,3793.52187314813
EAR,2024,10.8126207052043,45.8197285277608,95.7044381043822,43.0355884818434,1.7333115442644,32.4003843575144,79.9923,57.8036029225153,3887.67750781635
EAS,2004,4.74608727610374,141.48987381863367,93.9563207271355,35.8908836176745,2.02600677639416,33.5666045524572,14.7,60.2782841726766,5869.9841240498
EAS,2005,4.59178564039956,139.378415885766,93.575146301846,36.4536890292824,1.80583717718681,34.1271876721872,14.7,59.8486963437722,6173.52773117604
EAS,2006,4.74064286722413,135.853743557748,94.6471577043933,37.2976946635727,2.59554355224605,34.8386768802455,16.6,58.7878060388434,6524.30999120138
EAS,2007,5.05883244444847,129.707731112795,94.6545403732641,37.6163498589815,3.18820814716927,35.2488758702688,20.8,57.983068684518,6959.65968932647
EAS,2008,5.43240669014947,127.38673426154,95.2110838673573,38.2629998041567,2.70283649431847,35.4218211158598,25.2,57.5626717936698,7213.51487084263
EAS,2009,5.4583332819773,134.093301543572,94.9833280630479,39.0228471020563,1.95112667503583,34.8812037407776,29.5,58.3704501960771,7350.03477529475
EAS,2010,5.49976408256797,129.977623603605,95.5468324754052,39.5045890586897,2.88825299244937,35.6584191427883,34.2,57.2700863765782,7855.36234558956
EAS,2011,5.67425322064661,128.14734125053,96.0189473952987,40.3320959149131,2.80928485561468,35.7021564366644,37.3,56.9914649215757,8223.35669138572
EAS,2012,5.75563576939458,130.245131092241,96.2092457835614,40.6994504223595,2.41871431290293,35.5253620649796,40.4,57.1206696306885,8581.48213952296
EAS,2013,6.01213807657362,132.602629957151,96.4756466990083,42.4468933467233,2.73216677558612,35.6725373092568,43.2,56.69003236586,8962.78821401788
EAS,2014,5.97034977243039,136.113495401562,96.6375595761929,43.9948280202982,2.82453946243175,35.8037390534085,45.5,56.5906239129943,9321.66592840668
EAS,2015,5.97538328174603,141.48987381863367,96.9500599621312,45.3830004047856,2.77110071754127,35.0997240379964,48.3,57.3240511752184,9691.70576095155
EAS,2016,5.753005909813,141.48987381863367,97.0343965831866,46.0692830854019,2.29307115755199,34.3088280843799,53.9,58.3754600496169,10071.8615358636
EAS,2017,5.54675614700343,141.48987381863367,97.6915359289014,46.5283433572732,2.27720058599498,34.7819980816094,57.8,58.0546118038228,10507.3446728598
EAS,2018,5.31657929359943,141.48987381863367,97.66096406877,47.0885998929594,2.24348723860854,34.9284460779112,62.5,58.1643426769173,10945.0220958063
EAS,2019,5.37659998596406,141.48987381863367,97.8752477120245,47.7586923888732,1.94531409712355,34.1907056654118,67.1,58.9067845580431,11328.7206349245
EAS,2020,5.79884482469789,141.48987381863367,97.7976042617313,48.2687163853332,2.16066592300221,33.8677695698849,73.9,58.8866112287289,11276.053700591
EAS,2021,5.67724592941453,141.48987381863367,98.1534049450822,48.554740320802,2.61053342958239,34.9599660546561,78.8,57.8760511291959,11962.7375119887
EAS,2022,5.79463585842321,141.48987381863367,98.2139059282726,48.2858143978562,2.29765959846425,34.9268472299649,82.4,57.7507856727598,12298.2762533191
EAS,2023,5.63953651977272,141.48987381863367,98.4044624957692,49.0736724935395,1.4972105803852,34.1396972073806,84.9,58.7192633318702,12789.571638276
EAS,2024,5.59682081209811,141.48987381863367,98.4044624957692,49.5137472823256,1.53118755974342,34.1703069706237,86.6,59.7384648383186,13252.7558734185
ECA,2004,10.0467677595998,42.2562780064031,99.1355245420636,48.0560723434196,3.01725622528744,27.1622388757394,8.9,51.1895918128263,3949.57993189741
ECA,2005,9.51873750706302,42.2562780064031,99.2594569491161,48.8099278992836,3.64070708641285,27.8931248730015,8.9,50.8031063911643,4268.51101428285
ECA,2006,8.3993819850228,42.2562780064031,99.2193080062367,49.3840344135161,4.85258639065983,29.142159925849,11.6,50.8323197316003,4598.69648089427
ECA,2007,7.75304359706211,42.2562780064031,99.3389908321698,49.7924989941678,5.51654143753482,29.4605807067437,16.3,51.9556302744278,4915.72250440104
ECA,2008,7.60117802472286,42.2562780064031,99.3776072797545,50.0148610701717,4.84477027224777,30.044621562689,20.6,51.7192269299145,5034.07810862034
ECA,2009,8.13914375254926,43.7402307124839,99.4485621601137,51.0478228138783,3.95121498303451,28.0011670246245,25.0,53.6955644906756,4821.30871859383
ECA,2010,8.94166719005801,47.7239494868683,99.6086224547018,50.8277980340941,2.89790738824316,28.5042890869152,30.1,51.7583546259708,5123.22527224197
ECA,2011,8.64695145171495,49.9677876978155,99.6174754229201,50.7550265266265,3.92070630225217,29.9149818968078,34.9,50.0970238576499,5504.86405202366
ECA,2012,8.25702496199668,51.0998122918411,99.6946321116735,51.2682790488875,3.14957808667149,29.7103938830857,39.4,50.9912659248462,5682.17981048522
ECA,2013,7.76023867803137,54.8241866171631,99.728652515568,51.7615351044039,2.42598797643244,29.7242220838463,43.2,51.2535681404313,6000.41396490137
ECA,2014,7.97066571939136,56.5991612339538,99.7847724120663,52.0904713495558,2.31291860498977,29.9466013502127,48.6,51.3403028418676,6136.90314013433
ECA,2015,8.50627730625609,54.6959668792367,99.7676589877916,53.1299554293264,2.92794916600683,28.6939288375661,51.9,51.9349465866049,6291.45594655745
ECA,2016,8.27438850029128,55.6382055509797,99.8659600305289,53.7935053641794,3.6212267135034,28.8083479859015,56.2,51.7968263026703,6409.4471148702
ECA,2017,7.65131431815789,54.3195384506702,99.9182925529991,54.188247670037,2.38209054337168,29.4365610536586,60.6,52.0391182831764,6736.23791731628
ECA,2018,7.35448287199092,50.7483702672726,99.9420709286303,54.7126502627857,2.19397428895673,29.8933105482595,65.8,52.2612636500775,6930.30071694301
ECA,2019,7.6119783527836,48.579148921751,99.9657744725899,55.4525156704777,2.37208541515107,28.5291922951444,70.3,53.7145942837837,7046.99611203784
ECA,2020,8.0721594735132,55.401942544369,99.9774302018769,55.2544805904586,1.83568040099933,28.297872975987,74.5,53.263221725417,7016.36291211506
ECA,2021,7.52775235377456,51.5687468764659,99.9616464835516,55.2494562901699,2.32697829395279,30.4816625940864,79.1,51.6771178629159,7621.34511041877
ECA,2022,7.65455761177535,42.6721231360911,99.9915875475848,54.6742869735513,1.83130761906165,30.8625051524798,82.0,51.5980178943879,7898.44899906048
ECA,2023,7.05502363588276,40.4602948559089,100.0,55.4825110089937,1.85921731785638,28.3757493987019,84.6,54.0843038241587,8356.07726564962
ECA,2024,6.56527607843324,39.8314663226256,100.0,55.8325603969644,1.56254971259269,26.6498664572621,85.8,56.2544636961472,8634.68709000162
ECS,2004,2.20246124245058,95.2089019898087,99.2390073501008,61.1725764876525,2.80596930072889,24.0858766323004,34.7,63.4114836995138,19978.690365054
ECS,2005,2.02341537177686,99.0456804113068,99.2799004349739,61.6835786266113,6.09335684659279,24.2457855517087,34.7,63.1935293315746,20464.4783927706
ECS,2006,1.92926794065637,102.822553404562,99.3013594788162,62.1201299762242,7.08744192875407,24.5523807580814,38.0,62.7813140608574,21196.6642243836
ECS,2007,1.96359265929034,107.477146734452,99.3630803564705,62.5512828831111,8.87348411093904,24.5174934375735,43.6,62.7970836644216,21916.84687082
ECS,2008,1.99315316083226,107.028517509986,99.4080961406283,63.2209792965126,5.32803714901987,24.6175377205364,48.1,62.9323163569758,22052.0918924998
ECS,2009,1.90366385570805,110.20113866424,99.4661685766657,64.4675746716665,3.72356806572289,22.9576663325552,52.7,65.1430235750221,20991.3574844148
ECS,2010,2.06576607362,106.432635200994,99.6654425126626,64.6911544662801,3.27367039656408,23.3690559120446,57.0,64.1232406735217,21465.351630475
ECS,2011,2.13488134453787,102.519202827151,99.6639027646677,64.9815882855782,4.69354108314057,23.6455019525291,60.2,63.5142118613246,21915.6417726438
ECS,2012,2.11140955757327,100.206306880192,99.8281916228155,65.2305078847203,3.67096172206311,23.5131279105113,63.8,63.6635419814154,21898.7575895315
ECS,2013,2.12532241659588,97.4883517008315,99.8495213726873,65.6760207821895,3.21100226135947,23.1812919904945,66.1,63.9668589709579,22004.7529248863
ECS,2014,2.12141008324299,95.0737712877678,99.8761371074327,65.9833090225513,2.61142116306276,22.8995799429898,68.9,64.2354086915096,22338.7450304311
ECS,2015,2.09180962357389,93.9123843440637,99.1677802593579,66.4624963673751,5.60119729375267,22.9012908182227,69.9,64.490846890964,22702.8228380066
ECS,2016,2.03590121272744,93.2938491387704,99.8289902167753,66.818454881048,6.57687268501216,22.717116670962,72.3,64.6428648601752,23032.6152966065
ECS,2017,2.05810293950739,89.0592364749361,99.9641487037409,67.0860259743153,4.24345149933817,22.9716457473858,74.5,64.3776524001044,23622.7656806191
ECS,2018,1.93099655635814,88.1131018682077,99.9707833919463,67.3571331107608,-0.764657396516587,23.1689483763275,78.1,64.2695466423298,24037.6040282064
ECS,2019,1.96452324614547,87.1539272278066,99.9534523781205,67.6387913701824,2.93506102615368,22.9839464670511,80.3,64.5365361289043,24389.8062444924
ECS,2020,2.04194835684962,95.8720750863189,99.9760274293182,67.7884619127875,0.439273082852027,22.5652263092597,83.4,65.2440368273261,23034.1354718301
ECS,2021,1.98083484099795,90.5971226660742,99.9881931172392,67.8804176431195,2.6616061090787,23.1876147469927,86.3,64.3639368097706,24581.3075426451
ECS,2022,2.10500682035284,87.4789477013255,99.9977315530878,68.5530514609759,1.19277708323663,24.1726367014579,87.9,63.9636432065836,25418.8606318264
ECS,2023,2.01179433771974,81.8248517260353,100.0,69.1095672744042,-1.2174902501901,23.8052050319667,89.6,64.774229844005,25669.8654521598
ECS,2024,1.97080249580781,79.730991865869,100.0,69.3731734459095,0.610582269259354,22.9337441546898,90.9,65.3643363776306,25973.9053281236
ECU,2004,7.96891951563388,20.5413980220229,94.8,50.9855494371993,2.37801066697343,29.6637383769892,4.83444,55.5666641577838,4430.23717984188
ECU,2005,7.72632554619423,21.9843010481258,95.8,51.4430831005581,1.22499487397379,32.1244730702211,5.99426,54.4341944825683,4589.32849203452
ECU,2006,7.71967865189029,22.3312165490477,96.3,51.7556122867384,0.594056305145447,34.7933483797009,7.2,52.4424149459359,4706.98056823816
ECU,2007,7.64839421670263,23.3804598593846,96.8,52.8737530919095,0.388921736574003,35.4352292862054,10.8,51.9074780749157,4715.30359842555
ECU,2008,7.3493757008365,23.9648755618427,97.2,53.2794438869723,1.7294958127597,38.9201614839835,18.8,50.1895274209096,4939.90215021789
ECU,2009,8.61225542007853,24.8896332211154,96.5,52.6565234774901,0.513570185696715,31.0916213331503,24.6,54.7057842337508,4909.33681705683
ECU,2010,8.33021025899583,27.0843336858919,97.5,53.6098234032825,0.243419054034351,33.9061751825852,29.03,53.5584229032423,5022.20374387205
ECU,2011,7.90853917487421,27.5915486903939,96.9,54.1171447165174,0.817966548837347,37.4057005178901,31.3668,51.5008663236349,5359.45724615639
ECU,2012,6.99944108995073,28.44437278344,97.2,54.6902189023713,0.646739602691481,37.0917503800762,35.1351,51.742214810209,5579.85624282158
ECU,2013,6.96320880489033,28.5522332055412,98.0,54.4869192548521,0.752903273859877,36.8322936524171,40.2791,52.0189015811005,5893.32172683036
ECU,2014,7.40439967003185,29.208430980274,99.0,55.0206256641921,0.751953401658059,35.7119955282529,45.5904,52.8341973543552,6055.04172761485
ECU,2015,8.02049629728797,29.9362613682185,98.8,54.4112830836989,1.36067004574537,28.0900423392523,48.9404,57.6066295867738,5976.1596805651
ECU,2016,8.07212585894998,31.5046558000332,98.7,54.65026273824,0.78469808886928,27.5339637947157,54.0629,58.567451344755,5849.13587933672
ECU,2017,7.90222040951574,34.2208461040213,99.2,53.9623760154301,0.605279629548276,28.4680086969835,55.8,58.0552249529581,6104.27253521751
ECU,2018,7.64505994805811,38.3374947486699,98.7,52.8688881404047,1.29342873266166,28.0147488586162,57.5,58.7476436434848,6063.0956178776
ECU,2019,7.78676459859086,42.6915820194147,99.1,53.2033113588467,0.915058228783613,26.6504631266844,59.2,59.4371120144712,5971.38938386723
ECU,2020,8.38574905899645,49.0557050652741,98.9,52.3239345773939,1.16754746598289,23.9811344799811,70.7,61.3211703446141,5355.68934196443
ECU,2021,8.07999983280318,49.7533981232754,100.0,50.9842146147874,0.607511454080008,27.3494898826986,69.1148,58.4590001216096,5815.09477390949
ECU,2022,7.39303992355462,52.3799487703168,100.0,51.1282687852885,0.759467924339618,29.5835905417542,69.7181,58.2031787469141,6107.49495006543
ECU,2023,7.99547363333803,54.4947251674632,98.7,52.5354896324424,0.39702767894988,27.5754259552504,72.6943,58.6215899574019,6174.81822806637
ECU,2024,9.47610095074641,56.1805159157774,98.7,50.7669798794512,0.355365031150455,26.5126558399741,77.1727,57.156644024501,5999.39391066593
EGY,2004,14.2699361219864,54.0429142798269,97.8,46.7624705762713,1.59083618380383,34.6679167525242,11.92,45.0910776839069,2574.42341789124
EGY,2005,13.9816898792943,51.1654340531105,99.4,46.1186885103671,5.99551598885794,34.1486722376973,12.75,45.9292479108635,2635.70305227819
EGY,2006,13.2372025254978,49.2909797353084,99.0,45.2445881515105,9.34856726566294,36.1547353084021,13.66,44.6899951432734,2761.62410769792
EGY,2007,13.4201262083781,45.5152215665951,98.4,44.6781609659177,8.87633606337272,35.0653866809882,16.03,46.8939983888292,2902.06559804963
EGY,2008,12.6302400893356,42.7975137803462,99.8,45.0167262550183,5.8314126186488,36.2125516471245,18.01,46.6682970407594,3052.21297844721
EGY,2009,12.9979466513145,36.0927133507004,98.9,45.8952676392402,3.54835118019574,35.8164459796584,20.0,46.5660621761658,3135.09661303014
EGY,2010,13.3407591579645,33.0722952214189,99.4,45.9092333154061,2.91601657550141,35.7845184816841,21.6,46.2327200397812,3233.84521246786
EGY,2011,13.8691050980964,31.1549232899382,99.4,46.7731615010139,-0.204542848807527,35.9517175990081,25.6,45.7160236306615,3222.37650111856
EGY,2012,11.2727652713919,27.388449729504,99.7,47.6695219240856,1.00234071774049,39.2513148623634,26.4,51.771621185884,3220.99194203067
EGY,2013,11.2743496022361,26.2224394958043,99.9,47.5121924238853,1.45343420769727,39.8869544184046,29.4,52.3007390883681,3216.3783902629
EGY,2014,11.3377089201878,25.6066805392918,99.8,47.6205829666049,1.50925042253521,39.890323943662,33.8946,52.320985915493,3235.66246235257
EGY,2015,11.3940627685257,26.316393760305,99.3,48.7060699058172,2.10258128401326,36.6302017267482,37.8194,53.1705429845738,3306.98159414141
EGY,2016,11.769316084742,34.1348626252639,100.0,48.9235326517436,2.43856278142762,32.4559533476046,41.2481,54.4832841219458,3381.22246306207
EGY,2017,10.9863806449848,27.0698246737254,100.0,48.3810136267644,2.98301550917695,34.3958677753768,44.9502,53.1699504909872,3452.90961245539
EGY,2018,10.8302490249025,24.2952790707642,100.0,51.4594343772588,3.10040077579187,35.3298750589345,46.9243,51.6422459388796,3568.63966286161
EGY,2019,10.6971354538956,22.8487308972763,100.0,50.2364117679771,2.82732944960686,35.8254244102931,57.2829,50.7617519656898,3701.2446345188
EGY,2020,11.1668239443487,25.7894742547866,100.0,51.1244278869218,1.52462948997172,32.3694442999707,71.9142,52.0271088645451,3770.86947867421
EGY,2021,11.4369326589725,28.2307543894277,100.0,52.3557441315673,1.20617861055665,31.1876357851451,72.056,52.4773050081794,3837.31992324447
EGY,2022,10.9457535224737,30.847002116672,100.0,52.4233638964086,2.39118080969079,32.7114314313038,72.1981,51.4288499840612,4029.78295457978
EGY,2023,10.6003111645036,29.2578215393464,100.0,52.5125919126401,2.48546398363597,32.7344752545444,72.6899,51.6487720818481,4111.3118478995
EGY,2024,13.7121128792805,27.5692279729149,100.0,52.8105546213588,11.010544401215425,32.5624789967949,72.6899,48.932455490468,4137.60929232898
EMU,2004,1.852644772797,90.1681997496834,99.9905592807387,67.0497959021988,2.65677846533113,23.7264319939191,8.350000000000001,64.1664881528749,32179.5603833867
EMU,2005,1.64267632188284,94.7121127193255,99.9891180707919,67.6114717287382,5.99394085069751,23.5323965838333,8.95,64.39206816641,32577.2810721025
EMU,2006,1.53214222930468,98.311308629293,99.9873358295859,67.8278362518708,7.29769435403667,23.7022605655196,11.3798,64.0910128375763,33499.6140523812
EMU,2007,1.58508440174077,101.286930303063,99.9897388322153,68.1499387910119,9.90873470570095,23.6840203194255,14.8133,64.1164428289234,34325.8913160023
EMU,2008,1.51794620855673,103.118831441466,99.9924120987328,69.3857582432492,4.61493334430977,23.3008385914946,19.5,64.9495387510149,34294.4150107331
EMU,2009,1.38732440061303,105.609552425936,99.9953505242731,70.482898605004,4.18810406843601,21.7648484797891,24.05,66.8478051514004,32645.5191413239
EMU,2010,1.50673886156764,102.830663987697,99.9960449134606,71.0427522893639,3.73782812023818,21.9790474581716,28.33,66.2455072147745,33252.3689886555
EMU,2011,1.54996615884941,100.872499474297,99.9961207318092,71.7941722584276,6.11965166563141,21.9633207561464,32.0,66.0495513670756,33906.6275617053
EMU,2012,1.55529923779771,98.8810062604977,100.0,72.0628035274387,4.39526802108758,21.7759519767234,35.34,66.1749209971886,33522.1754688076
EMU,2013,1.56839321346415,95.8675936234866,100.0,72.6415723899417,4.49580040071011,21.4496117312847,38.5,66.3983624665507,33413.4989986022
EMU,2014,1.54905381439201,91.7127209611491,100.0,72.9503616076239,3.07794977468704,21.3131280332015,43.0074,66.4513905924588,33841.6103940756
EMU,2015,1.51320951971364,89.014923065156,100.0,73.1093705073505,6.92893001884494,21.6592205403206,46.5,66.1390415567593,34471.1747135027
EMU,2016,1.46470273542206,88.0530282705275,100.0,73.380776217786,4.94706770697531,21.6571323953923,51.5,66.0861412510676,34995.0723160118
EMU,2017,1.54589169317978,86.993015576815,100.0,73.4181848590993,4.23731660372875,21.6335129665037,55.4032,65.989029841529,35842.3298274979
EMU,2018,1.48610456277993,85.7772798703434,100.0,73.5729375578176,1.10437244687825,21.6475882452419,60.1126,66.0238715732895,36369.0726205231
EMU,2019,1.46584334151759,85.0621151384372,100.0,73.6546939757842,3.18379965861279,21.5959722618689,64.3,66.1259960911126,36891.7993038494
EMU,2020,1.48501206042039,93.7847754681116,100.0,73.7344271910015,-0.327020235440988,21.5437442442846,70.0528,66.5757038442762,34608.4614772745
EMU,2021,1.47301014054501,89.1262396348782,100.0,73.7463597420455,3.42873679722955,21.7502371715299,74.3716,65.9898884133739,36812.8039945725
EMU,2022,1.58314054698227,85.1024834308933,100.0,74.0038423000259,0.63594598910908,22.3269795807324,76.6,65.990437839797,38051.0445374525
EMU,2023,1.53136052781414,79.8114955225789,100.0,74.3823733455121,-1.73339416279384,22.6900208583923,79.4848,66.2621230668683,38060.382262715
EMU,2024,1.53368627686985,77.443385231129,100.0,74.5611619211348,1.64242940360832,21.7420971601577,79.9923,66.7886184228154,38254.4232216366
ERI,2004,10.642274296598,26.9424893274885,33.4,32.1564654948697,2.17335313535463,19.6127388525368,0.41,52.85130246178795,808.591420184592
ERI,2005,22.6000002108942,27.5632390071943,34.5,31.3905437575211,0.130327551691687,20.4623875049573,0.41,52.4846053485375,809.794793468889
ERI,2006,24.59999989582,25.9882692375015,35.6,30.9640815791832,1.26949256396085,18.1529072515031,0.41,52.6231255383584,789.402432018085
ERI,2007,24.2659805873687,20.7357490413301,36.7,30.9950782395484,0.546785999949131,19.1952082293037,0.41,52.919469790753894,789.072701743247
ERI,2008,16.7763073752775,22.060976369261,37.8,29.4724875807263,2.82570036794966,25.9146824489119,0.47,52.7186368304904,693.398874212494
ERI,2009,14.1242274354984,16.7680727471697,38.9,30.0356989838531,4.9011804838025,21.8193391437224,0.54,54.2005121911789,702.430936480778
ERI,2010,14.1242274354984,21.2805376775865,40.1,29.6239158388382,5.72501513985957,21.8193391437224,0.61,53.8127811770917,703.877374381654
ERI,2011,14.1242274354984,17.5647022127032,41.2,30.8402926099545,1.8886183675912,21.8193391437224,0.7,53.5003535486051,751.374899794668
ERI,2012,14.1242274354984,16.1597177482946,42.3,31.1252464478823,1.8886183675912,21.8193391437224,0.8,53.9227923543527,751.374899794668
ERI,2013,14.1242274354984,33.9868058928029,43.5,29.3509575790246,1.8886183675912,21.8193391437224,0.9,54.5155556703844,751.374899794668
ERI,2014,14.1242274354984,53.241077381173,44.6,32.033265305361,1.8886183675912,21.8193391437224,0.99,54.1589184045774,751.374899794668
ERI,2015,14.1242274354984,53.241077381173,45.8,29.7974304030232,1.8886183675912,21.8193391437224,1.08373,55.437236334029,751.374899794668
ERI,2016,14.1242274354984,53.241077381173,46.9,30.9015074557143,1.8886183675912,21.8193391437224,1.17712,56.1222358547004,751.374899794668
ERI,2017,14.1242274354984,53.241077381173,48.0,29.2729192798371,1.8886183675912,21.8193391437224,2.5,55.9261229091602,751.374899794668
ERI,2018,14.1242274354984,53.241077381173,49.1,31.0590099021339,1.8886183675912,21.8193391437224,5.3,55.454732268099,751.374899794668
ERI,2019,14.1242274354984,53.241077381173,50.3,31.5372719976368,1.8886183675912,21.8193391437224,11.2,55.7984028554324,751.374899794668
ERI,2020,14.1242274354984,53.241077381173,51.4,30.4375988371725,1.8886183675912,21.8193391437224,14.3494,56.5504512594544,751.374899794668
ERI,2021,14.1242274354984,53.241077381173,52.5,30.0942257010833,1.8886183675912,21.8193391437224,18.3844,54.8181795722183,751.374899794668
ERI,2022,14.1242274354984,53.241077381173,53.4,30.6262003314242,1.8886183675912,21.8193391437224,18.7092,55.0819768141029,751.374899794668
ERI,2023,14.1242274354984,53.241077381173,54.4,31.0392414205008,1.8886183675912,21.8193391437224,20.0104,56.7354628143178,751.374899794668
ERI,2024,14.1242274354984,53.241077381173,54.4,31.3427491891281,1.8886183675912,21.8193391437224,20.0104,56.92201214465325,751.374899794668
ESP,2004,3.11780935959045,115.928325847413,100.0,64.3088143825192,2.39691740423512,26.9674522329282,44.01,60.126223898593,25825.3106463315
ESP,2005,2.75836581828682,135.871253994626,100.0,65.1301841353961,2.44941913037175,27.1317779343664,47.88,59.8643281809934,26294.447384391
ESP,2006,2.40075384884813,141.48987381863367,100.0,65.8514009199363,2.80982337619077,26.8985528012609,50.37,60.0821313145787,26899.0921497113
ESP,2007,2.4946614560374,141.48987381863367,100.0,66.5261873994802,4.7599135539395,26.2669355504802,55.11,61.3507049847755,27338.79541774
ESP,2008,2.35367195478016,141.48987381863367,100.0,68.4673753987186,4.36076294618522,26.1869489550822,59.6,63.6271700202799,27112.526293889
ESP,2009,2.24960158062983,141.48987381863367,100.0,71.469398607505,0.505306851587762,24.7821508122163,62.4,66.6845916550946,25860.8142592652
ESP,2010,2.41740898393438,141.48987381863367,100.0,72.7066952742291,2.51885825626411,22.985948966945,65.8,66.4836210538043,25766.2515825743
ESP,2011,2.3625185975353,141.48987381863367,100.0,74.7253735748109,1.73938048405349,21.8871702738867,67.09,67.9189474964676,25510.5579678829
ESP,2012,2.39776671776239,141.48987381863367,100.0,75.1187528613923,1.44631700014204,20.7992748782776,69.81,68.7981435648343,24763.568274484
ESP,2013,2.60946207875576,141.48987381863367,100.0,75.5474729131241,3.4608559063245,20.0279432010078,71.635,68.7816140367298,24498.5559507945
ESP,2014,2.52697678134345,129.358996447371,100.0,76.5418960109216,2.31642230011085,19.8695989889783,76.1867,68.7044311125955,24947.8512505913
ESP,2015,2.72327046339292,118.216890256018,100.0,75.7060906775321,1.97131692755332,19.9230622051822,78.6896,68.2307802691903,25982.4416197775
ESP,2016,2.81522075003094,110.901834158974,100.0,76.1281299996035,3.61722479660389,19.7937250159622,80.5613,68.1684323760182,26719.2442268615
ESP,2017,2.80344676690393,105.15698823272,100.0,75.6517057697514,2.54039212306223,19.9047199031815,84.6022,67.9841610086631,27426.281015093
ESP,2018,2.70128254621885,98.8298869234399,100.0,75.6601391330433,4.46748509754483,19.7385743840512,86.1072,68.1207909749925,27956.7225466484
ESP,2019,2.51980122994951,94.4116262931619,100.0,75.4222925376582,2.16052375036307,19.9779055762497,90.7187,68.2703336497276,28301.4393949563
ESP,2020,2.78468031745976,107.572523897153,100.0,75.2867523731049,2.92165980781023,20.1193927811735,93.2056,68.3951846151394,25077.019882928
ESP,2021,2.76824927112995,98.4256244971566,100.0,75.2528246563399,4.42272902452136,20.3165748530524,93.8975,67.4549201359154,26705.3629138959
ESP,2022,2.36964000049424,88.1124065404768,100.0,75.5247361367108,4.65609043363165,21.2234793725829,94.4855,67.6016434775846,28203.1093419474
ESP,2023,2.6062235563618,78.3496832939301,100.0,76.475420743869,2.89981565316893,19.9575232630573,95.4456,68.6891967410021,28558.6319817501
ESP,2024,2.75300596488807,74.2192017963659,100.0,76.4350749196344,2.47896679493344,19.4537517327028,95.7575,68.9025484059134,29245.2192451729
EST,2004,3.61869925607531,40.2980800105181,100.0,60.9839149099889,8.94665953048459,25.4261030005361,53.2,59.5766460840652,13348.5284463324
EST,2005,3.28668552534137,56.5739087115337,100.0,60.732591977727,11.010544401215425,26.2552926540896,61.45,59.0829427359463,14703.6179707772
EST,2006,3.14382046697103,76.2245652785985,100.0,61.3949650208065,10.3265683442585,26.9431146026321,63.51,57.8749883116134,16234.5152041417
EST,2007,3.92534204177827,83.7476130434748,100.0,60.0956176991365,11.010544401215425,26.8422158711628,66.19,57.0659796515862,17543.4661785723
EST,2008,3.40126152586792,89.6688726260344,100.0,60.831103147791,8.12253971916627,26.1319416506077,70.58,59.5534896908476,16688.997772178
EST,2009,2.47104873277575,101.383034984081,100.0,64.5036828593831,9.50544171137007,23.2761523015463,72.5,60.8503056279613,14274.8511086787
EST,2010,3.17092945309266,92.8043492211177,100.0,65.4654681052685,11.010544401215425,24.0345491849484,74.1,59.9238449450358,14657.939813612
EST,2011,3.66566862923271,77.7273393268142,100.0,63.1532586625615,4.80240449251588,25.3466745057015,76.5,58.4513474222125,15820.922342204
EST,2012,3.2843229052027,72.2359626283806,100.0,64.4032814805666,7.6916567949516,24.6316781428684,78.3899,59.1902030673717,16460.6843479001
EST,2013,3.04742973666601,68.5688128478961,100.0,65.4644274337664,4.31393930629533,24.6780044555117,80.0043,59.7117104104209,16809.5326683781
EST,2014,3.11496161660999,66.2244826810727,100.0,65.9935205356187,6.58511618123403,24.1060210413845,84.2415,59.8999341045038,17413.6867560212
EST,2015,2.80642152865051,67.7220402662715,100.0,64.7020052102903,-3.06910519292015,23.1154851402023,88.4097,60.7172758310752,17722.1557669523
EST,2016,2.0715978609001,68.4124027630138,100.0,65.8840238304643,3.7692325610639,23.2340417592371,87.2402,60.8286220187256,18264.9873304279
EST,2017,2.33885596628311,62.8595377411996,100.0,66.2005612744949,6.31892721219604,23.180862044638,88.1025,61.1536734130969,19270.8141210511
EST,2018,2.04938469969066,60.7637234103393,100.0,66.4106676304277,4.08015832167199,23.288660554967,89.357,61.6254146608775,19914.3454922878
EST,2019,2.265648962634,58.2395451990957,100.0,67.2841878584407,9.76819364646981,22.313384878363,90.2289,62.3217011004787,20579.8756732376
EST,2020,1.93181527353408,62.4674951324135,100.0,67.2031106385003,11.010544401215425,21.7717078135052,89.0583,63.9507885502749,19946.945696898
EST,2021,1.94353771254558,59.2942307857999,100.0,68.2952469530391,11.010544401215425,22.8309113256209,90.9797,62.7166747108643,21570.6658455268
EST,2022,2.44640859997873,57.2271887161449,100.0,68.785368217751,4.52988372813183,23.0907684533786,91.5202,62.7008753798491,21023.2994937246
EST,2023,1.71558125919165,57.661097453773,100.0,70.0335583785408,11.010544401215425,21.3455594501819,93.1834,65.135665233461,20126.3730486957
EST,2024,1.76684782957851,60.5354220304166,100.0,70.478745244026,-4.3599322772924545,20.148164473251,92.238,65.6971144966199,20078.1397620993
ETH,2004,37.39843224498363,16.5291865259117,22.250000000000014,14.8535065067694,5.38041579859625,12.6855403366012,0.155335,40.0736578229212,267.923513391712
ETH,2005,37.39843224498363,18.8657892604975,22.250000000000014,14.5172703349324,2.13780093729558,11.7888335264129,0.21966,39.1449503016171,290.833381425059
ETH,2006,37.39843224498363,20.4493250657558,22.250000000000014,15.1584033557094,3.5682352741624,11.5923160493911,0.310593,38.572635142107,313.013896721503
ETH,2007,37.39843224498363,18.5250760306452,22.250000000000014,15.8939561844975,1.12647092519686,11.5894966658928,0.37,39.1141105816058,338.799064654308
ETH,2008,37.39843224498363,17.7101483486321,22.250000000000014,16.5630090041893,0.400997134132688,10.2068542889297,0.45,37.9001296082826,364.642208155735
ETH,2009,37.39843224498363,17.7101483486321,23.7,17.1162261495396,0.682729366934427,9.68348044252178,0.54,38.7708154845259,385.632419711374
ETH,2010,37.39843224498363,17.7101483486321,25.5,18.2258721670096,0.963030625359937,9.43512813822331,0.75,41.7550740909194,421.898622378633
ETH,2011,37.39843224498363,17.7101483486321,23.0,19.1861755452634,1.96735663905254,9.6646421928884,1.1,41.4300565862634,455.909628648555
ETH,2012,37.39843224498363,17.7101483486321,29.0,19.6735853568464,0.643172898229037,9.47613796506918,2.9,38.5815204962798,481.639999909808
ETH,2013,37.39843224498363,17.7101483486321,30.8,20.5578350975924,2.82040845857162,10.9445569914695,4.6,39.6700979759192,518.324662208106
ETH,2014,37.39843224498363,17.7101483486321,27.2,22.2994356388915,3.33569111068815,13.4713245062584,7.7,39.8920084959331,556.362532243867
ETH,2015,36.0569753905786,17.7101483486321,29.0,24.1662892255839,4.22926466080082,16.2977936386153,13.8552,39.5457091545031,597.912113218663
ETH,2016,34.6969564523634,17.7101483486321,42.9,25.9400878198106,6.0502150951561,21.9325618536317,15.3669,36.7245794030803,636.835680951429
ETH,2017,33.7792813400479,17.7101483486321,44.3,27.8878646111214,5.26039764214773,23.5819066692345,15.6,36.6336554444575,678.98541915757
ETH,2018,31.2188066487174,17.7101483486321,44.8,29.4872181948738,4.03228222144798,27.3057073050799,15.9,36.4097339191287,705.96881207336
ETH,2019,33.6333246930874,17.7101483486321,48.0,31.2993893268397,2.77536541541531,24.8223642571985,16.0,37.1502538865175,744.702789753973
ETH,2020,35.5582700374118,17.7101483486321,51.1,29.746179087899,2.42792592797614,23.102295222549,16.0696,36.8280723450653,768.705424485209
ETH,2021,37.39843224498363,17.7101483486321,54.2,30.2266956336875,3.90520609771909,21.8500262615029,16.6981,36.5357433729545,790.65701959778
ETH,2022,37.39843224498363,17.7101483486321,55.4,30.7088048338558,2.9803331590978,22.7175269590867,16.6981,36.5535172712856,811.177729326201
ETH,2023,35.7864807848152,17.7101483486321,55.4,31.4640006362268,2.40146315358044,24.483682223713,16.6981,36.9795925805402,842.44660489404
ETH,2024,34.7737782043855,17.7101483486321,55.4,32.5755797551025,2.68582028016447,25.3549716564031,16.6981,37.4719406432574,883.458588619291
EUU,2004,1.9891109552166,88.2135846373182,99.5758248331858,64.4897012864882,2.74441430492076,24.0303380212323,8.350000000000001,63.5423034486024,27885.7681519653
EUU,2005,1.74702866552399,92.4873416650748,99.5913707294114,65.0345539755622,6.12792770509234,23.9004769401152,8.95,63.7009400680502,28334.7590973938
EUU,2006,1.64508937433903,96.0901161015737,99.6188396472415,65.3711270747709,7.16136276791095,24.1207732230321,11.3798,63.3771346616295,29246.6456488849
EUU,2007,1.69504988415638,99.343001495997,99.6464075255034,65.6503536731689,10.0042495001673,24.1517010318708,14.8133,63.3232964685769,30060.1943726362
EUU,2008,1.63388775693041,101.353364781549,99.6825303996653,66.5982112202498,5.04423120102376,23.8480826111023,19.5,64.0350280527628,30144.6515730515
EUU,2009,1.48905078559995,104.289973628767,99.7290075706151,67.8257868001718,3.94425910495531,22.3582585009031,24.05,65.9449069074044,28771.7357026131
EUU,2010,1.60597205618785,101.65954871659,99.7553972530963,68.3918648141894,3.2791694131213,22.6177345030241,28.33,65.2788802709265,29352.9442515094
EUU,2011,1.68518678533042,99.9052286099855,99.7801178323542,69.0360538685617,5.69239713934504,22.6877210607751,32.0,64.9762600605835,29974.1521239011
EUU,2012,1.67064795245304,98.18261596812,99.8125886995878,69.3070427205237,3.95340946137027,22.4190543502834,35.34,65.2198901753438,29700.9011811145
EUU,2013,1.69518141405065,95.5807714570649,99.8381173752727,69.8563093946061,3.98414087645227,21.9960358930692,38.5,65.5383930538048,29667.2033330658
EUU,2014,1.66939052947623,91.715455164848,99.8626029552248,70.1245084783645,2.97186638581101,21.9306545008919,43.0074,65.564809771162,30117.8841825355
EUU,2015,1.60459993909443,89.0321810804424,99.8929116032593,70.4092736797605,6.2234555555749,22.2992803606134,46.5,65.2469979403558,30771.6568591261
EUU,2016,1.56450601648718,88.2213582589373,99.9182637194093,70.663613899067,5.21245621887158,22.2621165717958,51.5,65.2339785341093,31300.1591558827
EUU,2017,1.66295063143369,87.0043677219258,99.9709724278479,70.6898991096232,3.97715491896726,22.1882646077921,55.4032,65.1720403908258,32135.6624693296
EUU,2018,1.58229790029003,85.6969294828946,99.9717275681447,70.8807894237711,0.83258976415363,22.2099113749196,60.1126,65.2112738822749,32719.1711480652
EUU,2019,1.56725883047671,84.7559022306288,99.9881556120147,71.0432179650413,3.68255848806256,22.1561981200117,64.3,65.3362270629823,33289.4352232777
EUU,2020,1.59114333943186,92.6709665328297,99.9956022901904,71.1332945420988,1.15207859330866,22.0261391708374,70.0528,65.81525216431,31435.0353450837
EUU,2021,1.57355583503106,88.3060074107922,99.9970834145942,71.3457100555799,3.91239265928579,22.1935144577288,74.3716,65.291807964057,33488.1142449396
EUU,2022,1.68287493684909,83.9137881337625,100.0,71.6448152075055,1.40263277767245,22.8657674703213,76.6,65.2372672118098,34605.1747492534
EUU,2023,1.63268780666148,78.4727568689969,100.0,72.0756511347745,-1.37491613345515,23.2465763904202,79.4848,65.5019397315704,34631.1439044457
EUU,2024,1.61420719746069,75.5841943141,100.0,72.4890327128754,1.53105844794335,22.2723760079881,79.9923,66.045750488089,34896.3710345937
FCS,2004,19.0942855321346,11.7066962798372,42.5868036237734,34.4094581963165,2.07803654538709,25.59184704186185,2.3,52.85130246178795,1417.38633890673
FCS,2005,18.1501427989361,11.3220142750689,42.6845466464356,34.7828703429125,3.16979999777854,25.9195534237383,2.3,52.4846053485375,1470.03208126605
FCS,2006,17.4208357628387,11.8145154520771,44.1300397901622,35.1742479323989,2.46497071824689,26.81167675563535,3.1,52.6231255383584,1523.62890028503
FCS,2007,17.1399336098407,14.8674596191136,44.9119118754016,35.5426872750525,3.38695069339677,26.5529751176723,4.3,52.919469790753894,1581.88537303272
FCS,2008,16.8244283679131,24.7994010519967,44.6504432881768,35.9303192824749,2.92589711461001,26.2111946844741,5.3,52.7186368304904,1622.44441895788
FCS,2009,18.3060661250472,24.5148473776577,45.6795981324411,36.3171586242474,2.35830678588521,25.0760182112778,6.7,54.2005121911789,1619.06372938072
FCS,2010,17.1769772052054,20.8762354811505,45.9924926486261,36.8855728319097,2.22848516176176,25.3034630993363,8.2,53.8127811770917,1676.97481416998
FCS,2011,16.8668202255671,20.3482466353939,47.8710522136076,37.3775366744666,2.6071358157471,26.1954132809565,9.7,53.5003535486051,1643.76876493197
FCS,2012,16.1539180423514,20.7086261838516,48.8909209673482,37.6962236013836,2.44945578957879,25.8078043078824,11.6,53.9227923543527,1694.3739229428
FCS,2013,17.1314556766636,22.0700857308751,50.5937760008476,38.0932597691174,1.76674170192834,25.4467450324696,13.5,54.5155556703844,1708.69932882823
FCS,2014,18.3288272451816,21.2171486468925,49.9837325368256,38.7629228722888,0.966056890268535,25.0984490191451,15.6,54.1589184045774,1697.58810951134
FCS,2015,20.0321110517044,20.2426553902507,50.0432237711859,39.4938653394789,1.53446560663848,24.3909413559501,17.9,55.437236334029,1663.16200127279
FCS,2016,19.6923576929942,21.4385546127433,54.1757718946072,40.0427770491429,1.60610933617675,24.0074912108206,20.4,56.1222358547004,1634.41669597359
FCS,2017,18.5561127080131,19.7310741332861,54.5377495544254,40.4702228020826,1.77802740708574,24.5139698529782,22.5,55.9261229091602,1619.44767158323
FCS,2018,18.5042464623647,14.3398287890285,54.5154686576955,40.9747113632631,1.49318532092819,25.0755067570813,25.0,55.454732268099,1607.410665042
FCS,2019,22.4212785934743,12.6423098532311,55.4514164250793,41.4912932822497,1.21514200620482,24.6825416417323,26.6,55.7984028554324,1585.23602922322
FCS,2020,25.4673281223833,14.3324364133311,56.3010490504136,40.1029325486556,0.877710938219117,23.7775660166922,29.6,56.5504512594544,1435.4620668369
FCS,2021,24.8469301493998,12.9658946399489,57.8332255929662,40.1012182067414,1.67805525888531,24.7993812228801,32.3,54.8181795722183,1425.89864437684
FCS,2022,23.0284794621468,12.1229884287594,57.9458706435872,39.6252076585948,1.0070538895716,25.3845195629461,34.8,55.0819768141029,1421.76860683137
FCS,2023,22.2301509017196,12.1229884287594,58.950109305747,39.8994304346753,1.10284459870863,25.1308706019034,36.1,56.7354628143178,1423.91012233176
FCS,2024,19.3012730234501,12.1229884287594,58.950109305747,40.3162191059388,1.10231141453761,24.8658125296098,37.0,56.92201214465325,1419.27637949231
FIN,2004,2.37997744754033,63.7327470533763,100.0,68.9212593515949,3.43216639798219,29.3761536087085,72.39,55.8179676328107,41521.962874476
FIN,2005,2.27855173502727,69.2547338248333,100.0,69.190979952716,5.30500837470056,29.2555840307046,74.48,55.8548820035709,42135.66185499995
FIN,2006,2.00160822857672,73.4138990286994,100.0,69.4871584468627,2.1374386449528,30.2474242310296,79.66,54.9435673749429,42135.66185499995
FIN,2007,2.38053234540974,76.2828840098579,100.0,69.2389482910149,8.57406338234925,30.6721408753388,80.78,54.6891622429287,42135.66185499995
FIN,2008,2.20537134561628,80.1053265586632,100.0,70.4704306256229,6.7927004343529,29.5650517623923,83.67,56.2220403288495,42135.66185499995
FIN,2009,2.25383112774094,86.308636201062,100.0,72.0259997582097,-3.48204515637954,25.6620904063609,82.49,59.6038187470768,42135.66185499995
FIN,2010,2.36676641136983,88.1332149861544,100.0,71.3877756595671,4.89959763196754,26.1853763280839,86.89,58.9677220471227,42135.66185499995
FIN,2011,2.25898661809719,89.5337836128608,100.0,72.4666965570832,-2.18405747554129,25.0390832511194,88.71,59.3372290101439,42135.66185499995
FIN,2012,2.18836399205502,92.0754773478126,100.0,73.2386447663689,1.91512248449208,23.3588517701544,89.88,60.7916038686882,42135.66185499995
FIN,2013,2.21182621856833,93.313414939778,100.0,73.5940360920043,-1.83489440736896,23.2981321591964,91.5144,60.5650206145545,42135.66185499995
FIN,2014,2.21758033567317,93.3662043671516,100.0,72.9109080005503,6.41537482088507,23.0618639333511,86.5304,60.8821743460203,42135.66185499995
FIN,2015,2.06049706934612,94.9850612773084,100.0,74.5357147978425,7.5380054292281,23.3039316434498,86.4221,60.9404734718733,42135.66185499995
FIN,2016,2.08977502932082,94.7843702628907,100.0,73.8103323870068,2.18951964860612,23.4765920163918,87.7036,60.4690404557823,42135.66185499995
FIN,2017,2.06803556647353,94.0317570514361,100.0,74.4117006308902,6.66136555422276,24.4706416384075,87.4689,59.8466440593487,42135.66185499995
FIN,2018,2.11422780880102,94.8815247622949,100.0,74.5912921431141,-3.84456657280518,24.1107349992454,88.89,59.9098768892434,42135.66185499995
FIN,2019,2.18977184111891,95.9193855390369,100.0,74.6496817273116,6.09707710249334,24.1466052876512,89.6074,60.0093074736498,42135.66185499995
FIN,2020,2.24039393029227,101.738251257472,100.0,75.1611860894489,-0.939114055968044,24.227220617039,92.1703,60.046026219716,42135.66185499995
FIN,2021,2.15907446415076,100.140293611616,100.0,74.1751964950031,8.01406291677223,24.2326060040842,92.8081,60.1590262256597,42135.66185499995
FIN,2022,2.24134367895993,96.1977943524903,100.0,75.2016107061758,4.66691154081507,25.1808292783738,92.9888,59.4281097939016,42135.66185499995
FIN,2023,2.33793174221545,93.2665806602944,100.0,75.0161350143499,-0.0389119475535467,23.4698440157157,93.5139,61.7735882249458,42135.66185499995
FIN,2024,2.46735975474973,92.0344393994847,100.0,75.4572536406465,2.92666706920425,22.7842138257665,93.5139,62.2144997698967,42135.66185499995
FJI,2004,12.349896656794,61.1134716967661,80.6,50.4220577572043,9.25370794256615,19.7616287741578,7.41294,52.8960175576911,4264.59723774177
FJI,2005,12.0743313492063,69.1915847943942,81.6,50.9018238928118,5.80296958864135,16.4509285714286,8.45364,57.3342242063492,4255.45097421847
FJI,2006,12.3726571154966,79.0666889707575,82.6,50.6231769549281,11.010544401215425,16.1619035995268,9.60004,56.805788910378,4295.40679748345
FJI,2007,11.8829102406206,78.7496782773846,88.9,50.063712630092,11.010544401215425,15.4808293965184,10.8978,58.0868403154354,4223.44800626708
FJI,2008,10.6974950619792,85.9113508881267,86.2,49.4919038389799,11.010544401215425,16.0860936934707,13.0,57.4671943482391,4240.77265686858
FJI,2009,10.0884444017423,89.605567220233,85.6,48.9138172737827,10.7423905992561,16.677811857564,17.0,58.4838308163941,4164.29314800857
FJI,2010,9.38189737562413,83.4615495494888,92.4,48.325798871301,5.67141021084985,16.972580397166,20.0,57.4879987562657,4272.359150902
FJI,2011,9.21771557173261,75.3880732634198,92.5,47.904886333943,5.74582849158733,17.4133402875203,28.0,58.1562651146195,4375.5808542034
FJI,2012,9.67577870713452,76.8012555942269,92.6,47.4600701311043,6.9816643965711,16.7229680523622,33.7424,57.995596402467,4427.97844455038
FJI,2013,10.1131069949223,74.8887465351048,91.8,47.0145804899801,5.81824859099488,16.3372143531674,35.2,56.8721322624871,4630.35126544718
FJI,2014,8.0985227018506,72.5969759825959,93.0,46.4381553788592,7.77972455296746,15.0127657452154,37.4,55.5436806354039,4883.24300436251
FJI,2015,7.8716240846939,78.7659289376831,93.2,47.4455046543771,4.38599233241205,15.1712702717256,42.5,55.437236334029,5097.53106864695
FJI,2016,10.6643336396929,84.4251449377183,93.4,48.2578904351915,7.94325933214602,16.2026860305427,49.42,54.535348585053,5218.85823412748
FJI,2017,10.5318273601847,86.2066812169132,96.0,48.9142213896286,7.24021289135771,15.6940487656539,53.6474,54.4863657605154,5500.67840152349
FJI,2018,10.9065639753696,92.7963247404047,95.1,49.5275129503195,8.40038118168196,15.5373182374238,58.2364,53.9248445799443,5720.21447177109
FJI,2019,12.4005161469113,104.113881166689,96.1,49.9238479198163,6.02971795135456,17.0371781659464,63.2179,55.442492054282,5701.10435269432
FJI,2020,15.6918345311972,130.050824259718,97.1,49.0752909414192,5.66217121930221,18.7117601509417,68.6256,54.1448997175295,4721.1228189763
FJI,2021,17.2536724147942,139.163957696995,92.1,49.1878451254561,9.85590435372296,18.1141496835627,74.4958,53.5005515879928,4507.33353596072
FJI,2022,14.1928948833304,118.38185167337,92.0,50.0044550127246,2.08084502833913,17.7938183842384,78.2433,55.0130950968672,5291.51693123572
FJI,2023,12.8245910153207,113.600553281903,99.3,50.6527738417219,1.65373894455648,17.2796027005972,79.3485,56.2280901064659,5761.5694863591
FJI,2024,13.190027700831,115.346328808796,99.3,51.2828414501781,3.41161017865705,16.4638965835642,79.3485,54.5684210526316,5935.20896505673
FRA,2004,1.72018557547967,76.9744161883116,100.0,71.9446864463875,1.68777447237363,19.6686920294036,39.15,68.3406837903041,34557.1471111581
FRA,2005,1.58270403235962,80.324329471898,100.0,72.3587950066235,3.8837306583925,19.3552308487449,42.87,68.7116075234513,34946.0372494703
FRA,2006,1.42706409375236,84.3572835148986,100.0,72.2083077311103,3.40646118259263,19.0188918781413,46.87,68.9051445140813,35645.4162427116
FRA,2007,1.516727357675,88.974306564356,100.0,73.0427238647503,3.15449449926763,18.8988946301681,66.09,69.1752306377863,36322.1685141004
FRA,2008,1.42030674677991,92.6357426084034,100.0,73.9739571859445,2.32326700027606,18.6335203970131,70.68,69.7683271007528,36257.3658930938
FRA,2009,1.23241577481447,95.0966407247871,100.0,74.3685450121943,0.682311492843145,18.0198241569733,71.58,70.8157987420656,35052.8510772683
FRA,2010,1.50088040274637,95.8471452301569,100.0,74.8050250143304,1.46961673029144,17.5945885002022,77.28,70.7106511172851,35578.1968010183
FRA,2011,1.55137276231397,96.6491919516285,100.0,74.884736451294,1.54005293306163,17.6800048726048,77.82,70.2766502820806,36269.9561530888
FRA,2012,1.52594468949115,96.5785492959372,100.0,75.2867993899041,1.22790071519382,17.4684347699959,81.44,70.3954825743036,36161.2918253465
FRA,2013,1.36140137870511,95.8769626871841,100.0,75.6199828774531,1.18823404938295,17.5699939241217,81.9198,70.4096711493974,36256.086680981
FRA,2014,1.46154600121993,93.9159081503646,100.0,76.6214791222821,0.176974174772525,17.3416195349368,83.7511,70.4282438710721,36444.3949089146
FRA,2015,1.50360116027898,94.9454202268228,100.0,76.8790308927203,1.76596182973896,17.236441547058,78.006,70.3090113135195,36702.4323733379
FRA,2016,1.33798472564444,97.4904687619857,100.0,76.8342900560552,1.44200321416196,16.9433572396904,79.2698,70.602995081322,36920.5342846914
FRA,2017,1.43496006533197,101.617830234188,100.0,76.9833082622692,1.68928072199317,16.7483032647876,80.5025,70.3851824021717,37580.5979329356
FRA,2018,1.53110170543578,104.624051971951,100.0,77.2706775622299,2.78594184568695,16.725283255726,82.0432,70.1367025071467,38062.4435961412
FRA,2019,1.40828485472535,106.913030586051,100.0,77.092702342475,1.96486943301562,16.907003960354,83.3397,70.1101608629661,38705.2072940618
FRA,2020,1.4604342657704,125.397439701102,100.0,77.6851732713273,0.731471704018579,16.272651205236,84.7064,70.9770173200242,35709.2045925926
FRA,2021,1.46334541457898,120.721909947613,100.0,77.9703526602748,3.30405312221271,16.0877289574672,86.0955,70.6735726050728,38030.8571685178
FRA,2022,1.72017137018833,119.290366998126,100.0,78.1325704924034,4.0180319137717,15.769153788105,85.3333,71.7575436778909,38868.3303330557
FRA,2023,1.48475796304424,112.567354839828,100.0,78.2487367442902,0.590645170561014,18.1109847493837,86.8364,70.2119038407892,39319.4152227295
FRA,2024,1.29979455802577,107.58266062477,100.0,78.0650150968351,1.64700185498585,17.2101481972036,88.6538,70.9141844211851,39683.3953489029
FRO,2004,11.8782177834553,32.8688540294339,100.0,49.9543541630426,2.60618528064118,18.1192660550459,66.5336,56.5546007045252,42135.66185499995
FRO,2005,11.5436368805079,33.7215866396037,100.0,50.3642347768599,2.97971035930976,17.2377522979248,67.9026,57.5788875201365,42135.66185499995
FRO,2006,13.7781593005909,34.8081787114827,100.0,50.6231769549281,3.75983551599556,16.9418353654979,69.3594,55.2834890446465,42135.66185499995
FRO,2007,12.385238241092,37.7291069327007,100.0,50.6590283450837,4.49541724323026,16.8681133127567,75.98,55.9660407291348,42135.66185499995
FRO,2008,9.51731961524221,39.431944966087855,100.0,50.9593888378512,3.819961834919515,17.323554204054,75.57,59.080488746386,42135.66185499995
FRO,2009,10.0025185028719,41.32547358889725,100.0,51.6048881399569,2.7273246675590848,15.9632461064758,75.18,61.1013169332759,42135.66185499995
FRO,2010,14.8137133793903,42.195981646899696,100.0,52.5390147086811,2.9581243237533696,14.2357139589148,75.2,58.2040841225542,42135.66185499995
FRO,2011,14.4254642225295,42.449202388170605,100.0,52.6145323962141,3.22345791309207,14.3028113524523,80.7322,58.9737299852817,42135.66185499995
FRO,2012,12.2216295031829,43.24887542568235,100.0,53.1341994600021,2.79564240848119,14.1939613784274,85.3352,61.3919413919414,42135.66185499995
FRO,2013,14.8016017473608,42.30243639204765,100.0,53.5430702246149,2.835264086128305,13.813416288844,90.0,60.2369527087401,42135.66185499995
FRO,2014,14.9925404162692,43.742921585242954,100.0,54.1410067239807,2.5372461391931553,15.6681830410644,93.3,58.008658008658,42135.66185499995
FRO,2015,15.6643760466594,47.51686846027865,100.0,54.4112830836989,2.67805945213605,16.4855344459202,94.2,56.9192123347,42135.66185499995
FRO,2016,19.4105036381493,47.0982594371968,100.0,54.5049047408101,2.72369103810558,15.6007434708684,95.1087,54.2284905640452,42135.66185499995
FRO,2017,17.9788585658383,45.600325891793204,100.0,54.188247670037,2.59566397203178,17.3064999745896,97.582,53.8171469228033,42135.66185499995
FRO,2018,16.3200031785764,45.86608163933535,100.0,54.7593556383935,2.31853378102074,17.8879353159704,97.582,54.5831098396806,42135.66185499995
FRO,2019,17.0514062234626,46.1406537653286,100.0,55.8657560901886,2.353976227536025,19.1133470734853,97.582,52.8236930407201,42135.66185499995
FRO,2020,13.7184823893818,51.46377338764225,100.0,56.0999877808229,1.6951678239901,20.98884824361,97.582,53.4756385279868,42135.66185499995
FRO,2021,14.2148369483437,47.77472256475425,100.0,55.305223900281,2.7126492262053548,19.3886369010512,97.582,53.9100152625809,42135.66185499995
FRO,2022,18.7358298803846,45.7439409376828,100.0,55.997466048887,2.260714655017715,17.7312172621374,97.582,51.6929872566648,42135.66185499995
FRO,2023,17.7553649648471,45.427065277604356,100.0,56.4243401985256,1.98648740838048,19.8281002687084,97.582,51.6383848050944,42135.66185499995
FRO,2024,16.0666931492436,45.49182954994115,100.0,56.8251366111918,2.27442939976329,18.2998185585605,97.582,53.8269113084182,42135.66185499995
FSM,2004,22.3796817106272,18.3307916258715,53.5,49.9543541630426,6.43620509110735,6.04940283740864,11.0179,65.1987977846911,2747.87981611358
FSM,2005,22.8108216648608,20.1158942578119,55.2,50.3642347768599,6.43620509110735,5.16568492454759,11.8814,64.7410155298142,2824.41492288117
FSM,2006,22.7733125912516,21.0882832785147,57.0,50.6231769549281,6.43620509110735,3.95459186837864,12.7503,66.4424760860791,2836.18187521481
FSM,2007,25.441184144199,21.3950762485095,58.7,50.6590283450837,6.43620509110735,3.0467472277909,13.6211,65.1456584467067,2808.83168399832
FSM,2008,26.6947563268782,20.2537737195357,60.5,50.9593888378512,6.43620509110735,3.65725106032344,14.49,64.1765524432738,2759.97734131572
FSM,2009,25.5181068104922,21.5193914492829,62.2,51.6048881399569,6.43620509110735,6.81964467996625,15.35,61.241642766988,2815.59835156937
FSM,2010,25.3181753102741,21.0353841252286,64.5,52.5390147086811,6.43620509110735,7.21926182402666,20.0,60.4599492775652,2884.91733583068
FSM,2011,26.9100815241992,19.7845904656692,66.3,52.6145323962141,6.43620509110735,8.13791504448747,22.8,58.2690332156308,2989.68205288365
FSM,2012,28.6749281923694,19.5992989657358,67.8,53.1341994600021,6.43620509110735,8.32839320983445,25.9744,56.5491492125965,2933.79998441501
FSM,2013,26.9498043356884,19.9284813954265,69.4,53.5430702246149,6.43620509110735,7.29917863503109,27.8,59.207733215714,2819.90328917215
FSM,2014,25.3833096654601,21.5233388819611,71.2,54.1410067239807,6.43620509110735,5.97589617420489,29.65,63.4913617473333,2740.01667828088
FSM,2015,26.6800140865688,23.2949098202818,73.0,54.4112830836989,6.43620509110735,6.05754807047787,31.5011,61.318216300117,2853.07643587028
FSM,2016,27.1669230769231,23.1375384615385,74.8,54.5049047408101,6.43620509110735,6.04695384615385,33.3522,60.9888923076923,2870.49424845266
FSM,2017,27.6299442896936,23.2487465181059,76.5,54.188247670037,6.43620509110735,5.42941504178273,35.3041,60.7095264623955,2922.07246225843
FSM,2018,22.512193877551,20.3227040816327,78.3,54.7593556383935,6.43620509110735,4.86645408163265,36.6,66.7645153061224,2910.6935304708
FSM,2019,23.2544923857868,22.8672588832487,80.1,55.8657560901886,6.43620509110735,4.81791878172589,38.0,66.1376395939086,3019.25086619614
FSM,2020,22.0481374900209,24.1698437688974,81.9,56.0999877808229,6.43620509110735,4.87352330782266,39.3833,66.9721350904673,2951.77114318964
FSM,2021,22.1845195337408,23.4273633503821,83.6,55.305223900281,6.43620509110735,5.00232506532782,39.3833,66.3782785527854,3023.96457451783
FSM,2022,23.2270939609368,23.4273633503821,85.3,55.997466048887,6.43620509110735,5.01864496057164,39.3833,69.080786975766,2923.25915160041
FSM,2023,23.4116566176501,23.4273633503821,86.9,56.4243401985256,6.43620509110735,5.05851594697164,39.3833,69.6296730871947,2923.05174793291
FSM,2024,22.789770870607,23.4273633503821,86.9,56.8251366111918,6.43620509110735,4.99334889583356,39.3833,67.9119759103304,2930.27926555574
GAB,2004,5.46729104251047,9.270946511217,79.2,49.8084280041311,4.04069424179394,51.5005373966573,2.97907,36.2849149195174,7148.98713447497
GAB,2005,4.98463861102881,8.46361766400408,81.6,50.0156742444175,3.40362339596918,51.54601351155545,4.89326,29.5650974359157,7130.22505771754
GAB,2006,4.91120031463828,9.55302311116021,80.5,49.7310102482648,2.59310046782659,51.54601351155545,5.4892,30.9213104046742,6724.08148977274
GAB,2007,4.95783080287957,9.95222909903567,81.3,50.2402537458281,5.25722235465119,51.54601351155545,5.767,31.3484397338356,6908.67399162999
GAB,2008,4.22984203194841,8.66117230938388,82.0,50.0420720886115,4.45376516954727,51.54601351155545,7.5,28.9831186458055,6468.38523357609
GAB,2009,5.04416979273101,10.091112978373,82.7,50.0574165738412,5.24757097949021,50.4467532257807,9.5,36.8182126957151,6264.83611480154
GAB,2010,3.91445441728357,8.20999683204116,89.3,50.8908299847056,3.64540417621404,51.54601351155545,13.0,30.8276344945018,6481.49612073562
GAB,2011,3.43228977977158,9.52767161179321,88.7,51.6761449006198,6.16978545780463,51.54601351155545,18.0,25.6325683424911,6699.23394606512
GAB,2012,3.35369777676334,11.3020956739669,89.3,52.271605736389,3.94472371225415,51.54601351155545,24.0,27.4556887815273,6803.22668079211
GAB,2013,3.32908065074657,15.012821298493,86.4,52.87423962734,1.84153865698512,51.54601351155545,30.538,29.6057833629131,6938.25753862236
GAB,2014,3.62120476996243,14.5417251249117,87.1,53.2916548449755,6.93864724297156,51.54601351155545,38.0712,32.6789965337499,6998.60545439576
GAB,2015,4.31162904410146,14.5161472286238,87.3,53.5988635972576,0.289976985604188,48.1836272968661,45.7845,39.0291929804191,7047.12654634355
GAB,2016,4.97313690987068,13.8289895507558,88.1,53.7324982736629,8.86815381799839,45.0378509048684,48.0523,41.7428124794395,6991.3251446736
GAB,2017,5.2657648440765,10.2903622081637,86.3,53.7101386715588,8.80157025688894,45.4673089938161,51.6049,42.6496912552085,6840.05959347802
GAB,2018,5.43595280305822,13.0826930691649,89.6,53.6900013656944,8.17598940777917,47.1270856238547,55.4202,41.1181969705571,6724.5961429108
GAB,2019,5.5544308701413,13.3764779657931,90.3,53.7329017971212,9.20409837955739,47.6788640928906,59.5176,40.4703782489961,6817.56879468764
GAB,2020,6.61619761351046,13.3764779657931,91.1,52.9789949846865,11.010544401215425,41.6943815013115,63.9179,44.8162559688232,6534.27966528997
GAB,2021,6.76982280967365,13.3764779657931,91.8,52.9507599716328,7.86436710820957,50.0677458030335,68.6436,38.5759625636546,6479.04900690761
GAB,2022,6.50616941581675,13.3764779657931,93.5,52.6955588311197,5.40389729406011,51.54601351155545,70.7069,33.4380745108008,6527.48207900404
GAB,2023,6.66942563555326,13.3764779657931,94.1,52.4057146830885,5.93517225575899,51.54601351155545,71.9256,37.8093779849522,6541.2536861807
GAB,2024,6.55914438063524,13.3764779657931,94.1,52.1617227847048,5.47750591310442,51.54601351155545,71.9256,36.8219109135811,6618.98685865885
GBR,2004,0.741442331384033,136.667035880836,100.0,76.1575090619576,3.58303251413023,20.2198255952825,65.61,69.0003262647657,42135.66185499995
GBR,2005,0.547158772249259,141.48987381863367,100.0,76.455103970323,9.90268786448172,20.2645432136421,70.0,69.2939029352595,42135.66185499995
GBR,2006,0.575070361550119,141.48987381863367,100.0,76.6152388104087,7.4878491502754,20.1946444035506,68.82,69.3450963411994,42135.66185499995
GBR,2007,0.553318266269432,141.48987381863367,100.0,76.4727084252696,6.74831602886359,19.7229026460162,75.09,69.7684969475985,42135.66185499995
GBR,2008,0.669821878060213,141.48987381863367,100.0,77.1735199909998,8.60551599075423,20.0744967754056,78.39,69.7952274879121,42135.66185499995
GBR,2009,0.680900728162344,141.48987381863367,100.0,79.3124373721303,0.598804602454409,18.7333630455206,83.56,71.6961918167506,42135.66185499995
GBR,2010,0.565712301782542,141.48987381863367,100.0,79.597590898558,2.67286674184503,18.5566755103695,85.0,71.0022471298192,42135.66185499995
GBR,2011,0.704214809469773,141.48987381863367,100.0,79.632926632478,1.00957357920277,18.3010218899425,85.38,70.317944602966,42135.66185499995
GBR,2012,0.62478654917094,141.48987381863367,100.0,79.7733755626054,1.71895853790766,18.2827169299324,87.48,70.5149769879678,42135.66185499995
GBR,2013,0.640890919985333,141.48987381863367,100.0,80.0873898089792,1.94762104828418,18.592711752238,89.8441,70.0609589776152,42135.66185499995
GBR,2014,0.737947357586346,134.605055432715,100.0,79.7971501548986,1.90870445734316,18.3478341562377,91.6133,70.1536905900912,42135.66185499995
GBR,2015,0.633552833586443,130.08273790259,100.0,80.2128006152245,1.53903424150931,18.1397353548933,92.0003,70.4682430021328,42135.66185499995
GBR,2016,0.590496095532871,131.480106047871,100.0,80.3999966837638,11.010544401215425,17.6677948178206,94.7758,70.9168452005357,42135.66185499995
GBR,2017,0.606135163563991,132.333248459152,100.0,80.6321077679797,4.64443540147576,17.8215277161884,90.4246,70.8096710791704,42135.66185499995
GBR,2018,0.563097756036101,132.783359788981,100.0,80.848389917889,-0.864867036878713,18.0023660420923,90.692,70.7503687442985,42135.66185499995
GBR,2019,0.576929649470186,131.443065370417,100.0,80.6900024754692,0.688204352262878,17.8736338534045,92.5166,70.9760621688525,42135.66185499995
GBR,2020,0.683760683760684,141.48987381863367,100.0,81.8308592522647,5.77039185007421,17.4957170827215,94.8182,72.1096426823299,42135.66185499995
GBR,2021,0.698210493866494,136.161594591011,100.0,82.1809081884755,3.20643815254935,16.9553165949957,96.1965,72.1686675403806,42135.66185499995
GBR,2022,0.681106058275464,126.126397693252,100.0,82.5452863132061,2.91635435189931,16.8198596717719,96.2989,72.4836484564399,42135.66185499995
GBR,2023,0.648180849687737,117.978361754605,100.0,83.2062219244254,0.403116734836793,17.6714033030008,96.2988,72.4231913505155,42135.66185499995
GBR,2024,0.638070794582258,112.661832187589,100.0,83.0027962946641,-0.351465690300773,17.1246523065486,96.2988,72.4462431770253,42135.66185499995
GEO,2004,16.3950612257362,34.4363345628058,99.9,37.9632093333924,9.61361623129554,24.1757682481195,3.88622,51.6932504096984,2105.00472843799
GEO,2005,14.7699403660646,34.4363345628058,97.9,37.1497284035358,7.06775086735302,23.7580566049101,6.07946,51.088986223098,2321.60084285163
GEO,2006,11.1987759157064,34.4363345628058,100.0,36.5695464047588,11.010544401215425,21.7144431794284,7.52688,55.2244758845242,2554.81253503914
GEO,2007,9.19570666949123,34.4363345628058,100.0,37.1981095668925,11.010544401215425,20.9005637350092,8.26,56.8436723981687,2891.13702331846
GEO,2008,8.13162847511651,34.4363345628058,100.0,37.7859810228217,11.010544401215425,18.9437428243398,10.01,60.7122448872602,2970.15858282428
GEO,2009,8.10130101189814,32.7152366113766,100.0,38.2296745403604,6.13732507746039,18.9263871900367,20.07,60.6555098409874,2887.25607935922
GEO,2010,8.86598672626304,31.8520769230266,100.0,39.0915338322354,7.41065931415781,16.8779105151474,26.9,62.4461510677683,3090.06513662318
GEO,2011,9.73887160427603,32.879102622471,100.0,38.2736382600997,7.56100540937968,17.6800367830185,31.52,61.2165289857849,3362.1030031968
GEO,2012,8.56565938989856,35.5362693389369,100.0,39.8258290116134,5.73087327277528,18.8467444528085,36.94,61.4683363802559,3609.780798626
GEO,2013,9.21478687624408,39.9045930084724,100.0,39.5960459866064,5.97432640298838,18.03372091427,43.3,61.7606211819617,3806.50600649051
GEO,2014,9.2042368072631,44.9483510774207,100.0,40.5939074974354,10.2241873429056,18.1712886955425,49.1025,61.1488430742072,3960.35080091901
GEO,2015,8.54206032187102,48.2300744379272,100.0,42.6477716192691,11.010544401215425,19.7698929026282,47.5698,60.3920073520898,4086.6223465965
GEO,2016,8.00327332913851,53.9934945176152,100.0,42.0650375510804,10.746989399988,19.1221601510136,58.4593,60.7126944436845,4225.09154904806
GEO,2017,6.91860933720368,55.0685445137905,100.0,41.515487558094,11.010544401215425,21.2674893565554,59.7055,58.3264823415578,4442.50744127374
GEO,2018,7.56159033807908,59.5107335386849,99.9,44.5424452064599,7.28401976586955,20.9042764578834,62.7179,58.3496101291489,4713.65354845303
GEO,2019,7.33548626473072,65.0153653606224,100.0,45.432591605437,7.92523222582948,20.0073713952459,68.8467,60.0997269034308,4975.81148194814
GEO,2020,8.31654843439314,79.0383113819376,100.0,45.5291636397443,3.47997036066188,21.0709552310751,72.5316,57.8886181686718,4659.60925318234
GEO,2021,7.22731737039721,72.892358254461,100.0,46.3969152061248,6.84360165773215,21.0675612607865,76.4427,58.6985908372307,5175.19865185825
GEO,2022,6.63235520175679,63.0529057506879,100.0,48.0998346545718,9.03652531888906,21.329779714521,78.7113,59.0492463628877,5736.30449578597
GEO,2023,6.01579508133932,66.057131134615,100.0,48.2633526600798,6.86202066832702,18.8799548618776,81.8843,62.0559151852007,6180.6206023429
GEO,2024,5.48544272121412,68.0816024992946,100.0,48.880696375308,4.68837813919395,19.5837398345335,81.8843,61.9845889346039,6808.07398025981
GHA,2004,37.39843224498363,13.1724893671741,50.8,24.3625958167959,1.56810546990152,24.716756265122,1.7168,28.6782943752065,1108.30475353633
GHA,2005,37.39843224498363,15.5440688136274,41.3,24.8565811487867,1.34923986570129,25.1254359413042,1.8312,28.9146295321445,1143.31178934301
GHA,2006,28.3330959873622,10.8575870160572,55.1,25.288312668557,3.04529018468516,19.3820947702815,2.72318,45.4706783561681,1185.26570738595
GHA,2007,27.294114484663,14.4884302260337,56.9,27.8001838342598,5.57118876952139,19.4928065701,3.85,47.1685501017468,1205.31705804209
GHA,2008,29.4080967578414,12.6134904703492,60.5,30.3707066336509,9.46643908231485,19.3995645523361,4.27,46.173896812569,1282.63416886747
GHA,2009,30.9933842095403,17.7369732584538,61.1,33.0893271352197,9.10808669100415,18.5140921293401,5.44,47.9362071143916,1311.63053760125
GHA,2010,28.0387379636491,16.6607748086712,64.2,35.9961542608735,7.84948455261709,18.0149428066597,7.8,48.1811608328439,1381.2279503506
GHA,2011,23.663704967184,17.1952826473503,64.1,36.7766163934906,8.2558797134245,23.8636600934779,9.0,45.844878600683,1537.81834019283
GHA,2012,22.1311546901572,18.0717128637123,56.5,37.4947416108468,7.98251565917851,27.1365335859295,10.6,47.5829502482676,1640.54072088003
GHA,2013,20.3698425406713,15.2923716479322,70.7,38.2417948146852,5.13479660884921,34.0898222065997,15.0,40.5885509559734,1718.59704769958
GHA,2014,19.5837731324669,16.5048906269026,78.3,38.6940595630741,6.15120635162518,33.8982030516643,19.0,37.4136837490477,1726.36930134647
GHA,2015,19.9826505985758,17.9335670472186,74.0,39.222717893752,6.45737614178894,31.1193795046839,23.0,40.515265169488,1722.77282833606
GHA,2016,20.8442929192419,17.4356386560413,79.3,39.847907649739,6.20782671803196,27.6932546491989,28.0,43.9159268124684,1740.81101902928
GHA,2017,19.5617099184239,16.0995201444141,79.0,40.4779009698499,5.39035841681501,29.9522176933621,37.8842,43.4828610342125,1841.44636153249
GHA,2018,18.1365503192521,13.7141432192203,80.4,43.3304443727721,4.4440435772374,31.1777436281076,43.0,43.6785254609153,1915.4532323781
GHA,2019,17.323230201462,13.9372113856401,83.5,46.2626006908497,5.67619931009197,31.1077243700312,22.0732,45.1411499576786,1999.55372220211
GHA,2020,18.8537826616486,13.058528858537,85.4,47.3757103048859,2.67937438514205,29.8767542337189,62.5176,45.1881802776604,1970.19411460398
GHA,2021,19.6574735227332,13.0544311231372,86.3,49.650798741002,3.18633188953992,28.4050146696866,68.6,45.322010852638,2030.04866500967
GHA,2022,19.5136382027158,13.2885237880865,85.1,45.9717484467524,1.93240124339233,31.470050505779,69.3607,42.7760316675187,2067.20895910766
GHA,2023,20.9430687797207,9.44619497372883,89.5,46.3573976923314,1.63794208213468,29.4666223817331,69.9445,43.1127691349534,2091.8133564595
GHA,2024,20.8867457674884,9.44619497372883,89.5,46.9338792969459,2.14505298599888,31.519769781916,69.9445,40.9369495390296,2167.72691406678
GIN,2004,15.9897180256217,2.59622910971066,22.250000000000014,25.6695335075449,1.8469021984972,20.9236440966749,0.508819,26.9160103925124,645.182843390689
GIN,2005,15.2811594891059,3.87915654280266,22.250000000000014,26.3719189184784,2.45185683545098,21.9879538645841,0.542254,25.9855472680562,651.359606871604
GIN,2006,15.5845641334162,4.60476073585137,22.8,26.8651554202943,2.96207137841546,34.2753959440443,0.637492,44.9064387061431,645.472001923653
GIN,2007,16.81970768631,3.26263943860801,24.1,28.0171061132818,6.14302807033806,30.7663957919196,0.780025,45.5641193441512,673.698997420626
GIN,2008,15.980005361399,3.23943146683863,25.4,28.8071482307466,5.48348837799648,32.9328375718068,0.92,43.7134631537269,684.775780377366
GIN,2009,16.3606168762438,2.65986866597769,26.7,29.1907420215084,1.3552372021911,32.2887263194246,0.94,44.2802622043022,660.756701330284
GIN,2010,17.4849504866218,3.94270199195746,28.1,30.1014559078617,7.72287038709165,32.3138372958105,1.0,43.4042055577507,675.736917327708
GIN,2011,16.0697496615218,6.8178937916267,29.5,31.3078486570694,11.010544401215425,32.6144005582332,2.0,43.876515571947,696.199991395571
GIN,2012,16.8316746641336,5.91858015950185,26.2,32.3091884593265,7.92820721970247,31.5767582978151,3.1,42.2230260009564,719.505916794546
GIN,2013,17.5452728357444,7.34182007384099,32.2,33.3373765216158,0.0022682197180158,29.6407139185782,4.5,43.5254453103127,729.833143236326
GIN,2014,17.5238169176245,9.93570310868044,33.5,34.1953252141567,-0.840221306496811,29.6941648521559,6.4,43.3533895682141,738.272274481308
GIN,2015,18.478241904135,11.8208499509811,34.9,34.7260591834215,0.605767981893699,26.3246416118291,9.2,45.5062249188801,747.356966759448
GIN,2016,17.5899474364211,10.772259870664,33.5,35.7570844789116,11.010544401215425,30.1038432883843,13.1,41.9293096001372,807.236421043888
GIN,2017,20.5284733113745,9.11569152802411,35.4,36.5926607332043,5.59427174638354,31.653986926333,18.7,37.9415078481777,867.907502577607
GIN,2018,22.9400092652548,9.65173767168938,45.0,37.2402353243893,2.97511256265365,33.3410014345781,21.83,35.073938251438,899.907328045175
GIN,2019,26.4272768142306,10.2918968518411,42.2,37.559744591127,0.330286821832839,29.390798702636,22.6255,35.2028277402344,926.42221954853
GIN,2020,26.3032774879888,10.0230932191264,44.7,36.2099129957581,1.25171292113785,28.5122742669412,23.4499,36.7567524729286,945.570903389665
GIN,2021,27.0715374807562,9.09358270499651,46.8,36.1673715625094,1.15770496278309,28.8210712335353,24.3044,36.1679565508537,973.646890096159
GIN,2022,28.3819737139685,9.09358270499651,47.7,36.6305797488308,3.30630355394451,26.5029300686511,24.6954,37.5197238443532,987.502501465337
GIN,2023,29.4714397653024,9.09358270499651,51.1,37.0171693809915,5.86822813302221,25.7306393241004,26.5014,37.2149809110336,1016.88094800324
GIN,2024,30.9605751418076,9.09358270499651,51.1,37.7281150700377,5.60537419672227,25.1163848517075,26.5014,36.3402000064846,1045.92207475817
GMB,2004,31.502618345017,5.03258038667537,34.8,52.9568945112169,5.77256282742027,11.4516644496493,3.308,51.0583066586641,693.563314497133
GMB,2005,32.0906328098921,5.85223886598166,30.5,52.6119174631022,5.22041688120703,11.4940795967501,3.799,50.7407068402588,658.676285443081
GMB,2006,25.6002258377034,7.21291896424901,38.1,52.7173710968388,7.79879790286452,12.1238923802598,5.23769,55.604171967315,636.596026908866
GMB,2007,23.5661970390261,7.54851230375493,39.8,52.9853041530905,6.10257365099724,11.8795399698303,6.20504,57.3573555365326,637.20930597537
GMB,2008,29.7757115194915,8.73270872952293,41.5,53.235913937204,4.53283904240458,11.16205074884,6.88,52.9886067537314,657.675679192228
GMB,2009,31.7342257887518,9.16645259698903,43.2,53.7177687147601,2.72023911271176,10.211007546291,7.63,51.1004157150967,681.433469086571
GMB,2010,35.1932434877047,9.49108014230579,46.8,54.1395392883354,2.40659689644853,9.82816623642272,9.2,49.2005371228435,701.014524591061
GMB,2011,27.202420609824,10.4075521213533,48.3,53.3438713908554,2.55921826982754,11.5126603208193,10.8703,54.9002009575039,625.464360270983
GMB,2012,27.393571461515,10.0796538891506,49.9,53.5536628026544,2.91048196914862,11.9583688371148,12.4492,54.4512163689269,639.139881889048
GMB,2013,26.2221225134284,9.98100085589005,51.5,53.5430702246149,4.96800325180048,11.8946963108623,14.0,55.1262970634853,638.522368532214
GMB,2014,22.4588391707898,8.8311855558866,53.0,52.9846547266769,1.8718835765044,13.214834279827,15.56,56.4387318873601,611.879472952196
GMB,2015,22.2088860199147,7.918195805541553,54.7,52.9561021477881,5.22255647330922,17.1434530643603,17.6,51.8897873643178,619.536364296461
GMB,2016,21.8613793599274,7.005206055196507,56.4,52.674540908699,4.70370236790454,20.9355929614924,19.9,48.7980343537923,615.193365494386
GMB,2017,21.0018946913892,6.09221630485146,56.2,53.0309145342971,4.27524164277035,17.8927550195818,22.5,53.4253570663483,628.777299272925
GMB,2018,19.8715961801257,7.05226804537001,60.3,53.6492645551985,4.89653501762191,17.3104257988738,28.3,54.9037669522881,658.127833258563
GMB,2019,20.0040458725555,8.2021724578564,62.1,54.1109680059143,3.9194379121789,17.2826008332323,31.1183,54.7742280253178,682.797642940426
GMB,2020,21.2440052017636,8.15222243350758,62.2,52.6244463491511,10.4612755737217,16.8536853891411,34.2172,53.9537064155422,670.758642891251
GMB,2021,23.579267737043,8.87544997363302,63.7,52.0082996322025,11.010544401215425,15.8821231471213,37.6247,53.3931544906643,689.49323955737
GMB,2022,22.8604385781593,9.62022046623071,65.4,52.3324948218067,10.4995860985808,15.5889695262957,44.0389,55.6295443372656,710.686979216316
GMB,2023,22.0375866633394,8.72531354642466,66.9,52.3366917563934,8.62799548703865,16.4224206331674,45.9137,55.0253325907685,735.612383709511
GMB,2024,20.4335632419718,8.72531354642466,66.9,53.0004585853733,9.66186331873299,15.3332836096686,45.9137,56.7898192312049,758.96588872906
GNB,2004,36.9704988860037,1.1406146620526,22.250000000000014,25.9444685578241,0.329050599325975,12.4404404161973,1.80814,43.019059195807,572.526464627294
GNB,2005,37.39843224498363,1.46468772744116,22.250000000000014,26.2932839696447,1.35867358840187,12.4400960708697,1.90137,39.0351052317049,595.94255560187
GNB,2006,37.39843224498363,2.17916798609808,22.250000000000014,26.4522868136397,2.81783767413937,12.0924056056146,2.0572,39.4736739112045,597.257151722046
GNB,2007,37.39843224498363,3.2143957296009,22.250000000000014,26.534102760203,2.49217201872461,12.5990180965363,2.2063,40.3321026483106,597.482020935948
GNB,2008,37.39843224498363,5.12193287345221,22.250000000000014,26.6182875975769,0.695948347275502,12.3813756165574,2.35489,41.5344447847426,608.958620496925
GNB,2009,37.39843224498363,4.43143825383554,22.250000000000014,26.8066320798921,2.12209420424558,12.7564033361704,2.30328,40.0697490889581,608.202131879882
GNB,2010,37.39843224498363,6.3595348790892,22.250000000000014,27.0615733230428,2.79117647230681,13.7495149088181,2.45,40.7970506467317,625.904027290582
GNB,2011,37.39843224498363,8.68660543992672,22.250000000000014,27.545238920129,2.16270009395862,12.2556709039964,2.672,42.2690538725093,658.953470528116
GNB,2012,37.39843224498363,12.2237244144012,22.250000000000014,27.1807193951318,0.631297914892102,12.0457512726254,2.89399,41.7821081516497,630.66862302825
GNB,2013,37.39843224498363,11.9864956964581,22.250000000000014,27.3750866666779,1.76984840814073,13.1545314595145,3.1,41.926787833799,634.095456089352
GNB,2014,34.8258068713683,13.4338996126926,22.250000000000014,27.4407090744019,2.54152912247103,14.6822693955448,3.32,43.7615995372166,623.610159103365
GNB,2015,35.1577785508063,7.77995634782975,22.250000000000014,27.5812667985192,1.61191900956541,12.9268475259906,6.1,45.109885029128,645.066837207039
GNB,2016,36.3487649050334,7.00586280603824,22.9,27.9553667523261,1.92748272635559,12.0226933283458,13.8,45.4263673055603,663.242608032005
GNB,2017,36.3584920912937,11.7090574410238,26.0,28.126449126859,1.06744396733032,11.7058928971019,14.8,45.08331644315,677.466131311367
GNB,2018,32.5475708900674,13.8535174051652,28.4,28.2848942505895,1.32316927565873,16.3705721944585,15.7,44.9473957355909,686.456819839526
GNB,2019,31.3854900533423,13.3472062573768,30.9,26.4389055440372,4.48925285290298,15.6395774663519,17.9215,47.543473785668,706.298562874985
GNB,2020,36.6407931971963,13.6100178194582,33.4,25.6223678053346,1.23102714227173,12.3946500505351,20.4573,47.1603758166288,710.275129060129
GNB,2021,37.39843224498363,13.2872882536429,35.8,26.3433093347714,0.971111377767191,11.8051837232973,23.3519,43.0125560078703,729.627090607537
GNB,2022,37.39843224498363,14.5582688129342,37.4,27.7274781015429,1.16465840634171,12.6807194794454,27.5672,43.457575515335,752.901123263165
GNB,2023,37.39843224498363,12.2819374811027,40.5,28.1377661043725,1.18124925655384,15.0852922451244,32.4661,42.1439231393491,779.085789155531
GNB,2024,37.39843224498363,10.6256928760842,40.5,28.6152045902427,1.20132689112583,15.6143788633346,32.4661,37.8848107222008,793.692157673779
GNQ,2004,1.51825527772648,2.72215431812877,64.9,34.1218955219847,7.72914723671237,51.54601351155545,0.84393,23.562871722763802,9208.60566707162
GNQ,2005,1.51825527772648,2.14853263799982,65.0,34.4631068023334,9.36000539014064,51.54601351155545,1.14979,23.562871722763802,10212.4545051498
GNQ,2006,1.51825527772648,2.37293393091507,65.1,34.4381186004223,4.65478286948259,51.54601351155545,1.27919,23.562871722763802,10521.9996774827
GNQ,2007,1.37288404400353,2.80267296559979,65.1,34.7689438720528,9.50702132548057,51.54601351155545,1.55712,23.562871722763802,11594.9172068456
GNQ,2008,0.892696119574311,4.10405482430278,65.2,35.0525144231699,-4.01962840224965,51.54601351155545,1.82,23.562871722763802,13048.0703050168
GNQ,2009,1.05819979061204,5.31752124002543,65.4,34.6932450073678,10.8879553596521,51.54601351155545,2.13,23.6771022893581,12627.862381545
GNQ,2010,1.06137128570531,6.07828531496565,66.1,33.572569773828,11.010544401215425,51.54601351155545,6.0,24.7325512094271,10984.3243932426
GNQ,2011,1.05350238777482,6.4064820440112,66.1,33.3966470631531,9.24740468952516,51.54601351155545,11.5,23.562871722763802,11203.9073679091
GNQ,2012,1.05565709179581,4.83204994072443,65.7,33.4572768338056,4.4007560526439,51.54601351155545,13.9432,23.562871722763802,11650.7196270884
GNQ,2013,1.19199068015273,6.863157222794,65.9,33.3781006011193,2.65594378481707,51.54601351155545,16.4,27.1661850938714,10731.6455729191
GNQ,2014,1.29424877164029,8.10847678929606,66.0,33.5124530172236,0.771291915530887,51.54601351155545,18.86,29.01926071002,10363.4872473549
GNQ,2015,1.88839087566802,12.5262525944721,66.1,33.4415468588349,9.00761663149669,51.54601351155545,21.32,39.1222153520914,9068.91003238645
GNQ,2016,2.33223920932761,14.9468582596128,66.2,33.2554361385846,11.010544401215425,51.54601351155545,23.78,45.1807218132753,7971.83401904573
GNQ,2017,2.31546339686272,14.1214330973783,66.4,32.9047541281407,3.1541343035206,51.54601351155545,26.24,40.8999564262649,7259.10936454803
GNQ,2018,2.25797968820385,14.1882491471457,66.5,33.9812218540233,-1.10304372116447,51.54601351155545,37.68685,40.4782944837917,6578.90039765711
GNQ,2019,2.43787857420381,15.2395082821309,66.6,33.8998005742912,7.22811929659373,51.54601351155545,49.1337,45.2983496969454,6018.12066321865
GNQ,2020,3.15157383866339,12.8708903076884,66.7,33.7220632281932,-0.0916985922610923,45.4054105758078,55.0013,51.2909630438292,5575.26241511492
GNQ,2021,2.8263690019315,10.4542771122938,66.8,34.1596229434067,4.59725955429429,50.201792113968,58.7173,46.9525113861133,5487.92479201992
GNQ,2022,2.48978303214525,8.08192941445443,67.0,34.3496118898717,10.1419330984832,51.54601351155545,59.3433,40.9755396882589,5524.24312418579
GNQ,2023,3.09341045540385,5.90842492713663,66.9,34.4458158479388,1.14918183344023,46.5038081676499,60.3661,50.3746976135157,5118.21986148331
GNQ,2024,3.14907045947484,5.90842492713663,66.9,34.7540538502149,1.47277889961866,45.7526505675476,60.3661,51.0975150164696,5041.94038551173
GRC,2004,4.54970535485524,63.8775428098327,100.0,65.6513672214308,0.914091172780157,20.4773277813422,21.42,64.9452947827799,21688.1050959558
GRC,2005,4.47718109899217,73.6573957197981,100.0,65.7969789096494,0.284127006962334,18.4006884390429,24.0,66.6372280101253,21880.5265835801
GRC,2006,3.28557674416163,77.5454374177186,100.0,66.4589041799024,2.01112523714783,20.5013778070463,32.25,64.6336836812606,23220.5324419197
GRC,2007,3.15474298162147,85.7984237428537,100.0,66.4322560679937,0.622837777539062,18.74614719736,35.88,66.1367485154259,23973.6936091313
GRC,2008,2.89505867715816,90.5073136555285,100.0,66.9735722390318,1.6328960526629,16.6711382140503,38.2,68.6334875100196,23923.8800731311
GRC,2009,2.92582395634654,89.22442515662,100.0,67.5911309792269,0.846404808815716,16.0934799769726,42.4,70.2504663997253,22878.1346644397
GRC,2010,2.9142102078812,112.814277336853,100.0,68.3765748418971,0.179789223267027,15.0655277858101,44.4,70.215254321143,21547.724178239
GRC,2011,3.0618456010827,119.201382534538,100.0,70.4077134823234,0.38562256563474,14.3792409788507,51.65,70.2096408517314,19448.255802525
GRC,2012,3.41908207828197,120.147931380692,100.0,70.9718803083403,0.695897838082299,14.7998191105367,55.07,69.875196964307,17924.6620496886
GRC,2013,3.35146223879432,119.790203680738,100.0,71.175547803414,1.24506178790059,15.064315279116,59.8663,70.1765702201216,17644.8766635021
GRC,2014,3.53346105430384,117.895057189809,100.0,71.8138802616325,1.15314480305525,14.144282569928,63.2073,70.5563330759252,17903.5252440012
GRC,2015,3.82153798821664,113.433357315224,100.0,72.4496775055742,0.652184629866422,14.4406143927451,66.835,70.0008977954844,17980.7298238137
GRC,2016,3.45812941533327,108.627097496027,100.0,72.7080289339947,1.3975055397238,14.3053359941807,69.0879,69.37737300047,18049.928997892
GRC,2017,3.7522702094539,100.647509860794,100.0,72.8089107521001,1.7162955046024,13.5438938901132,69.893,69.9648813609874,18352.0884461258
GRC,2018,3.52573090341626,91.2069328032117,100.0,72.7433834266205,1.88723349665643,13.6804076386379,72.2384,69.5166420124732,18769.0389621976
GRC,2019,3.66151933931312,80.2122396702063,100.0,73.5304317669499,2.41172201156202,13.4139572418293,75.6712,69.7220023100075,19216.6759579785
GRC,2020,3.9238294812332,81.2709751259998,100.0,74.693425028396,1.72637818314203,14.2956021874194,78.1158,69.6620817543477,17486.951333323
GRC,2021,3.53173488105093,56.1973361608804,100.0,73.3614429800662,3.0165221032062,14.7711977789358,78.4943,68.9330353905441,19232.9683327114
GRC,2022,3.78490731948212,52.4567421241532,100.0,73.2851970485516,3.69648293387112,16.7201143496111,83.1707,67.7189624074765,20552.3223279685
GRC,2023,3.74222017907683,49.2157408211615,100.0,72.5713945343447,1.94366777616511,14.8477611524462,85.0102,68.6654116276677,21050.8648111581
GRC,2024,3.765512541308,48.5410004453358,100.0,72.6566767812491,2.6312519942121,14.9985220031197,86.2697,68.0104871945665,21494.6856060599
GRD,2004,5.0143352561992,61.6179867190086,87.2,49.9543541630426,11.010544401215425,16.7118338408484,19.5706,66.3973842562055,7233.29494434962
GRD,2005,2.96407880724175,57.9510649627263,87.5,50.3642347768599,11.010544401215425,22.8478487752929,20.4878,61.5603407880724,8162.91232124727
GRD,2006,3.89055494436817,64.8766668373539,87.9,50.6231769549281,11.010544401215425,19.4226500215903,21.396,63.8382260659707,7808.24358323434
GRD,2007,3.55708232832337,68.7935247685599,88.2,50.6590283450837,11.010544401215425,18.8185412969453,22.29,64.9869264291458,8257.36225682689
GRD,2008,3.76733196411895,70.0770486884809,90.0,50.9593888378512,11.010544401215425,17.5549887040486,23.18,66.6832321787831,8307.49221491819
GRD,2009,4.62642452810256,79.377116503493,89.0,51.6048881399569,11.010544401215425,14.7258701794622,24.05,69.6030385450941,7733.12990600058
GRD,2010,4.5130515818498,83.9799398580034,89.4,52.5390147086811,7.21829642572972,14.709329695351,27.0,68.3658862297886,7670.71165827663
GRD,2011,4.4473617869357,84.8760208716829,88.8,52.6145323962141,11.010544401215425,13.3430366681412,30.0,69.1452979256744,7695.37616017287
GRD,2012,4.83219736257223,82.8048136761002,90.2,53.1341994600021,6.22764121735725,12.3180285968292,32.0,70.4669210253371,7559.5628483956
GRD,2013,4.83545561235478,74.2566602346301,90.6,53.5430702246149,11.010544401215425,13.3978295173335,35.0,69.7398321809878,7688.75297701343
GRD,2014,6.10189188310633,65.2063355329454,91.0,54.1410067239807,9.18674323761499,12.8104378636674,51.6,68.276013392712,8206.62862112333
GRD,2015,7.42852685072365,57.3214285714286,91.4,54.4112830836989,11.010544401215425,12.3242889833279,52.5,66.7627566941068,8694.12438005692
GRD,2016,6.20632633624404,53.7227840903144,91.8,54.5049047408101,10.3063305270724,12.1551895563471,53.3,66.932386278402,8983.68397337899
GRD,2017,5.37154325760442,51.0669057528748,92.2,54.188247670037,11.010544401215425,12.715876749963,54.2,67.0222251468242,9357.40728883583
GRD,2018,5.20543943814909,50.6457030915135,92.3,54.7593556383935,11.010544401215425,13.4331770166911,61.4,66.0254191815443,9744.16919577204
GRD,2019,4.67951202688308,49.5470652329837,93.0,55.8657560901886,11.010544401215425,13.6417603413492,64.3128,66.8649527989476,9785.56040240592
GRD,2020,4.90307786781958,59.3971695400769,93.4,56.0999877808229,11.010544401215425,13.0941605347134,67.3637,66.8125556845248,8413.28335500372
GRD,2021,5.34059405940594,57.3161056105611,93.7,55.305223900281,11.010544401215425,14.5039603960396,70.5594,65.2544554455446,8782.32193426078
GRD,2022,4.12004284650904,53.6300615464685,94.2,55.997466048887,11.010544401215425,16.1403646794682,74.2689,64.3445028776151,9406.19337643226
GRD,2023,3.10780887557402,50.9869662697148,94.4,56.4243401985256,11.010544401215425,14.783570238864,74.1201,65.0688822807227,9817.86383583917
GRD,2024,2.94694102338439,54.851357115475,94.4,56.8251366111918,11.010544401215425,15.162330124346,74.1201,65.7100896824668,10196.0049872434
GRL,2004,16.4497605026239,32.8688540294339,100.0,49.9543541630426,2.60618528064118,15.7106615256395,56.099,65.3154679586398,34961.9356097257
GRL,2005,16.9456689293345,33.7215866396037,100.0,50.3642347768599,2.97971035930976,16.2443320622729,57.7034,63.7279029306506,36681.8055890619
GRL,2006,16.2452491333584,34.8081787114827,100.0,50.6231769549281,3.75983551599556,16.7222152612455,59.3617,63.8975901098442,38828.8524943222
GRL,2007,14.3313220056666,37.7291069327007,100.0,50.6590283450837,4.49541724323026,16.7841075175753,61.07,65.4185004041707,39896.875364094
GRL,2008,14.7291750060829,39.431944966087855,100.0,50.9593888378512,3.819961834919515,18.2172094154952,62.82,63.5765695762399,42135.66185499995
GRL,2009,11.5861031645383,41.32547358889725,100.0,51.6048881399569,2.7273246675590848,17.9822750464506,62.83,67.2899401303566,42135.66185499995
GRL,2010,13.3982099730075,42.195981646899696,100.0,52.5390147086811,2.9581243237533696,18.0842449211536,63.0,65.6201164938201,42135.66185499995
GRL,2011,14.5808036302829,42.449202388170605,100.0,52.6145323962141,3.22345791309207,18.0605185920164,64.0,64.4597248145655,42135.66185499995
GRL,2012,16.1929017960507,43.24887542568235,100.0,53.1341994600021,2.79564240848119,18.911785135448,64.896,61.6478682234644,42135.66185499995
GRL,2013,15.0270234424218,42.30243639204765,100.0,53.5430702246149,2.835264086128305,18.1332272290195,65.8,63.9039755960078,42135.66185499995
GRL,2014,17.3355902451257,43.742921585242954,100.0,54.1410067239807,2.5372461391931553,15.6961945959501,66.7,63.5552629929158,42135.66185499995
GRL,2015,17.0377903864683,47.51686846027865,100.0,54.4112830836989,2.67805945213605,17.0467116297327,67.6004,62.9358027334689,42135.66185499995
GRL,2016,18.4117385602265,47.0982594371968,100.0,54.5049047408101,2.72369103810558,17.6874070578423,68.5009,60.4317454742999,42135.66185499995
GRL,2017,19.0568753352559,45.600325891793204,100.0,54.188247670037,2.59566397203178,17.0105529266181,69.4825,60.5468189857081,42135.66185499995
GRL,2018,18.430149097486,45.86608163933535,100.0,54.7593556383935,2.31853378102074,18.2130067733894,69.4825,59.3606998305357,42135.66185499995
GRL,2019,18.4763686569553,46.1406537653286,100.0,55.8657560901886,2.353976227536025,17.1422282695694,69.4825,60.5340563470466,42135.66185499995
GRL,2020,15.7316156099106,51.46377338764225,100.0,56.0999877808229,1.6951678239901,20.6552283701417,69.4825,59.9120359376237,42135.66185499995
GRL,2021,15.2368028357423,47.77472256475425,100.0,55.305223900281,2.7126492262053548,18.9809292464903,69.4825,62.1419706284318,42135.66185499995
GRL,2022,16.0258939138543,45.7439409376828,100.0,55.997466048887,2.260714655017715,19.5118889646021,69.4825,60.5391277839544,42135.66185499995
GRL,2023,16.5579499888738,45.427065277604356,100.0,56.4243401985256,1.98648740838048,18.4467840952227,69.4825,60.9876564756598,42135.66185499995
GTM,2004,13.0735432996184,26.6308452510316,77.2,42.9482144378648,1.36317570702825,27.8833550863791,5.1,54.9661282032813,3250.20406037693
GTM,2005,12.5899676936002,25.7664440515198,78.3,43.1234292248723,2.01617500337249,27.5811372404814,5.7,56.2418516877688,3284.80971612832
GTM,2006,11.4490682853821,28.8284931279669,83.7,43.280731942754,2.13587522888421,28.269045356288,6.5,56.724919453147,3388.15003339926
GTM,2007,11.6376079270391,28.6410259515017,80.7,43.5978730887799,2.55959192771149,27.8843638206437,7.3,57.0135938814004,3527.7782721364
GTM,2008,11.3336648903463,27.7613592965688,81.9,43.9380772254129,1.89952208705823,28.116816136255,8.3,58.0395052646456,3569.92861121538
GTM,2009,11.8486078978063,25.7563600648175,83.1,44.1770232417246,1.34627822535543,27.5259745150329,9.3,58.9373078751709,3516.19227725255
GTM,2010,11.2341516901897,24.2180601037473,84.3,44.4914633937429,2.71030706792051,27.4918265373292,10.5,59.4695981042423,3546.6258162259
GTM,2011,11.2587427520036,23.9639376614018,84.0,42.6905455596618,1.87038244023626,27.9436212267543,12.3,58.9769300915749,3621.37409769184
GTM,2012,10.7227497533367,32.1720830379679,86.8,48.3776101426308,2.82256297187213,28.1234371173336,16.0,59.5278728385924,3655.57315791242
GTM,2013,10.3562262011186,33.1309585321585,88.1,48.6840149016601,2.87216286478145,22.9529599737565,19.7,60.8392178032545,3717.30462628413
GTM,2014,10.0744824629421,33.4961486193578,85.5,49.0079140931657,2.43302117698753,23.1927143718844,23.4,60.89860411606,3809.61587570091
GTM,2015,9.96700294850351,35.2622053205775,90.5,49.2296584496901,1.93508794944894,22.7375104809835,28.8059,61.4490109492331,3893.50533299068
GTM,2016,9.66139477990376,35.7028467505685,91.8,49.6096108368081,1.28045862124744,22.6144392993251,34.5093,61.8868465239048,3924.77894837098
GTM,2017,9.69628321231672,35.1676232731098,93.3,49.2176715882893,1.39328931381397,21.9049014315292,37.9,62.4741378381976,3972.74057836068
GTM,2018,9.43550881537545,35.0489070448464,94.2,47.9836100295693,1.25790065429015,21.4264352094944,41.5,63.0590367876404,4040.2121371198
GTM,2019,9.40872375710839,34.0772266375075,95.4,49.8605356630893,1.51707073546928,21.9422533815816,44.401,62.5226120247046,4139.12203836307
GTM,2020,9.9263191804303,35.850727668634,96.6,49.0529668170514,1.29230382378627,22.3294622105607,47.5123,62.0283285747385,4005.83911593999
GTM,2021,9.17348943872533,35.6614893229197,97.9,48.758468133128,4.19448571319716,22.2420507236704,50.8416,61.9595480265753,4268.62858565412
GTM,2022,9.08210141828618,36.5948407687129,99.1,50.8457957303719,1.51615526851124,22.6306600546867,55.4086,61.7429085367337,4385.14891178047
GTM,2023,9.68670752459035,37.1320996600478,100.0,47.6771712236122,1.58123029170621,22.3064386213323,56.0535,61.4031875103546,4470.70728455461
GTM,2024,9.7799315643005,36.7834860946181,100.0,48.0195653646397,1.63251851384265,21.7347298279081,56.0535,61.839861654601,4563.09590652717
GUY,2004,31.4937319776355,53.2010488620779,76.8,51.8874231578261,3.80800361007364,17.1139253470055,3.7,34.8625579676053,3937.11435304522
GUY,2005,28.8858697300346,57.122427428263,77.5,51.6377072906476,9.31043894391441,16.6691938643683,5.7,37.9228861002105,3867.93308158647
GUY,2006,34.0002671058965,22.6581605785108,73.4,52.5129074701359,4.30285006670754,22.0717890267589,8.9,40.2662192140463,4076.77981715707
GUY,2007,30.3847427538396,22.3572794646428,78.5,53.4465538440724,5.58043153055629,23.6589377907829,13.8,40.585736957635,4382.10449666813
GUY,2008,31.7275647737363,21.8393974995755,79.1,53.6163939493614,5.88393294374128,24.7390950750695,18.2,39.5224900126455,4472.34517889699
GUY,2009,29.4241191257626,23.3480398713209,77.6,54.3341676255096,5.18058909263255,24.5699983117448,23.9,40.9796836302752,4649.34144792756
GUY,2010,28.5284323037662,24.51380230878,83.3,55.0489152543712,5.76769722571896,24.9027270750604,29.9,41.5645777782864,4860.09110980566
GUY,2011,25.6836014005978,26.4371988905893,84.2,56.0182940051649,6.68583866568761,26.4538770719167,30.0,42.7997615212712,5133.89539813637
GUY,2012,25.4400079005114,28.7678132325111,85.1,56.7362331835038,6.8398706440639,26.5877498717371,30.5,43.0016644065102,5403.79899428921
GUY,2013,25.6475733667273,31.9733407856098,86.0,57.3426409063132,4.81209139842568,25.6280649781202,31.0,42.9589903299137,5573.3421790463
GUY,2014,24.5940865009998,36.6598740543025,86.9,57.6728545260683,5.75992305097648,24.3921272261287,32.0,44.7833250406031,5635.71704117947
GUY,2015,25.4431214761023,36.502241062669,88.0,57.8944907842091,3.21740985101614,24.7187387911341,34.0,44.1049709941423,5640.41560569466
GUY,2016,20.3872409058451,34.9527284059029,89.0,58.3306162373655,1.29386384235538,29.382927306177,35.66,44.3019541373503,5818.61682204646
GUY,2017,22.7580270434004,34.0693866275831,90.0,58.7442975334416,4.46995182690347,26.2071926714792,42.7,44.3229868903353,5997.18271426826
GUY,2018,19.5356933126322,36.5704424077752,90.9,59.1450397578084,11.010544401215425,26.2597639752552,48.5989,45.9542350111416,6080.90612132746
GUY,2019,17.5953367342493,37.0927471310292,91.6,60.2760938068582,11.010544401215425,28.6892259316288,55.3127,44.7132690416221,6278.63054079553
GUY,2020,16.8510033249851,39.1757180392318,92.3,59.8918092934509,11.010544401215425,38.7960801467797,62.954,38.9200329255047,9010.61000469878
GUY,2021,13.4551932931892,30.828624719599,92.9,60.5864163182245,11.010544401215425,50.3896520627165,71.6509,30.8440652167689,10711.9973374148
GUY,2022,10.0298359219808,20.187564075104,93.0,59.3933970705977,-4.3599322772924545,51.54601351155545,78.3924,23.562871722763802,17365.3336428642
GUY,2023,9.74362070901044,19.9285784055441,98.9,58.5115796431402,-4.3599322772924545,51.54601351155545,81.7221,23.562871722763802,23101.3538282741
GUY,2024,7.62253326656522,14.9511814759227,98.9,56.988300107316,11.010544401215425,51.54601351155545,81.7221,23.562871722763802,33034.9576389333
HIC,2004,1.64300765118676,136.680178086627,99.5231891566816,68.413460663447,2.16390119971298,24.9459959879935,52.9,67.6100860114273,32292.6469967559
HIC,2005,1.48038937843299,139.382559577412,99.5332329224938,68.8198709965947,3.31711472030458,25.1904064387562,52.9,67.3691589207528,33082.5177948394
HIC,2006,1.39514578814348,141.48987381863367,99.5844244136188,69.0594142353794,4.50718272049035,25.4194788629492,55.7,66.904641667896,33950.2397036779
HIC,2007,1.42763821008478,141.48987381863367,99.5944463812784,69.3798774761842,5.79539761483949,25.2766612224168,61.3,66.7762338298541,34698.5184340761
HIC,2008,1.42734793884213,138.829328144768,99.6251048140711,69.9769804119895,3.84832232294186,25.1445441203725,64.0,66.9020370720433,34696.0115958764
HIC,2009,1.3448637455694,141.48987381863367,99.6724365105225,71.1430752898404,2.43112934291635,23.3810214178472,66.4,69.3333216698419,33329.6767360425
HIC,2010,1.39122306375446,139.749989296499,99.7818510676906,71.4949409286095,2.58584902151744,23.9738302834942,69.0,68.5120484959762,34192.5146608152
HIC,2011,1.49387813162972,133.950499051464,99.7844276068209,71.7893318302046,3.22792938621182,24.2419232774699,70.4,67.8523056908818,34734.2754395528
HIC,2012,1.45321826754606,134.113565590909,99.8951446927905,71.9714026348311,2.67509864702341,24.1097131777947,73.7,68.1483621992203,35042.7341400385
HIC,2013,1.53482410223973,135.853043621516,99.8987384599918,72.2277662753751,2.65116825402659,23.8107616047997,75.1,68.1858961130946,35404.6810437336
HIC,2014,1.46457751931235,135.65051679929,99.9172074403547,72.390840481779,2.45472825470939,23.696257807297,77.0,68.2879020860266,35972.696456563
HIC,2015,1.3878288374874,138.794612313226,99.4412560088473,72.6245530449315,4.27031527653009,22.9012160834764,78.3,69.4636694072131,36586.4346902662
HIC,2016,1.35228058894393,140.445387199459,99.8749399241358,72.8554450746567,4.30416334252828,22.487996233694,82.5,69.9862266273029,37037.6021898442
HIC,2017,1.39942162192358,141.48987381863367,99.9597217667473,73.0213226653317,3.20230364105374,22.8785699782576,84.2,69.4707103639465,37796.4689875897
HIC,2018,1.32213474350405,138.273517354734,99.9626510693694,73.1470466515816,0.843728595591146,23.2409573045494,86.3,69.0449569613385,38563.3769225101
HIC,2019,1.27952591393729,141.48987381863367,99.949609679301,73.3713294096081,2.40207514565207,22.8275002287415,87.5,69.6393825888741,39162.0349547886
HIC,2020,1.35524420289271,141.48987381863367,99.9683059772885,73.618674997519,1.12620110837784,22.1359323051261,88.4,70.5366704906144,37538.2523693096
HIC,2021,1.34387823664608,141.48987381863367,99.9798909354785,73.9094378422194,2.80822795045121,22.8389242595714,90.0,69.4811302417796,39782.9398439558
HIC,2022,1.32681670862673,141.48987381863367,99.9797997493664,74.1657834878062,2.02571244233471,22.8659852964161,91.0,69.4811302417796,40813.0270730428
HIC,2023,1.28204452275933,141.48987381863367,99.9884002141209,74.327623396542,0.749634343710376,22.1805759625661,91.9,69.4811302417796,41258.1342798368
HIC,2024,1.28204452275933,141.48987381863367,99.9884002141209,74.6487612081329,1.47020221363505,22.1805759625661,93.0,69.4811302417796,41776.3359445332
HKG,2004,0.0731235605934626,141.48987381863367,100.0,83.5276997893708,11.010544401215425,9.17294443444659,56.3999,87.7410494702222,30304.3126863152
HKG,2005,0.0674869434363105,141.48987381863367,100.0,84.0157014626361,11.010544401215425,8.45767902983093,56.9,87.7410494702222,32401.3907659685
HKG,2006,0.0629926078474022,136.800320417521,100.0,84.3772420167857,11.010544401215425,7.99587055850563,60.8,87.7410494702222,34458.0498746756
HKG,2007,0.0614869792991817,136.679742857212,100.0,84.9848987893948,11.010544401215425,6.89108505436297,64.8,87.7410494702222,36371.6859370268
HKG,2008,0.0541731796493912,140.285752688015,100.0,85.6207100285458,11.010544401215425,7.00210309068239,66.7,87.7410494702222,36924.0883854556
HKG,2009,0.0656925288308839,141.48987381863367,100.0,85.8569536250019,11.010544401215425,6.87119744221016,69.4,87.7410494702222,35938.5902369431
HKG,2010,0.0533684018528068,141.48987381863367,100.0,85.9805557432341,11.010544401215425,6.83582798711052,72.0,87.7410494702222,38090.0213994329
HKG,2011,0.0487999048815413,141.48987381863367,100.0,85.9722627563245,11.010544401215425,6.71717250042648,72.2,87.7410494702222,39656.3392885062
HKG,2012,0.0546866831053985,141.48987381863367,100.0,85.9125120983399,11.010544401215425,6.84452438540072,72.9,87.7410494702222,39887.8339456509
HKG,2013,0.0572883662527095,141.48987381863367,100.0,85.8104501591429,11.010544401215425,6.94769922906227,74.2,87.7410494702222,40959.9813033996
HKG,2014,0.0661945438173809,141.48987381863367,100.0,85.7844508812036,11.010544401215425,7.0675064878175,79.8663,87.7410494702222,41796.8681867763
HKG,2015,0.0679653751855497,141.48987381863367,100.0,86.0907847127284,11.010544401215425,7.05801657854796,84.9484,87.7410494702222,42135.66185499995
HKG,2016,0.0762065977729043,141.48987381863367,100.0,85.6647697108142,11.010544401215425,7.47571466772237,87.4794,87.7410494702222,42135.66185499995
HKG,2017,0.0652727034141459,141.48987381863367,100.0,85.7336338316202,11.010544401215425,7.21876244307908,89.4159,87.7410494702222,42135.66185499995
HKG,2018,0.0621422719454446,141.48987381863367,100.0,85.8406854656978,11.010544401215425,6.47887850480474,90.5074,87.7410494702222,42135.66185499995
HKG,2019,0.0723017256105577,141.48987381863367,100.0,86.1084819312946,11.010544401215425,6.25471437479218,91.7434,87.7410494702222,42135.66185499995
HKG,2020,0.098961317261836,141.48987381863367,100.0,86.3455967103828,11.010544401215425,6.17058195458318,92.4131,87.7410494702222,41451.2981131333
HKG,2021,0.0755934592131795,141.48987381863367,100.0,86.1550986100745,11.010544401215425,5.98949153287008,93.0872,87.7410494702222,42135.66185499995
HKG,2022,0.0529019722182765,141.48987381863367,100.0,85.8014893136207,11.010544401215425,6.26265366403118,95.6136,87.7410494702222,42135.66185499995
HKG,2023,0.0379096657245673,141.48987381863367,100.0,85.7823146393718,11.010544401215425,6.277451826904,95.9778,87.7410494702222,42135.66185499995
HKG,2024,0.0374477102095245,141.48987381863367,100.0,85.6979264629397,11.010544401215425,6.19613151610629,95.9778,87.7410494702222,42135.66185499995
HND,2004,12.1707041468662,37.8143681852083,67.1,48.563079513121,6.67606399673031,26.5378388000557,5.6,56.0255715678838,1908.90950050464
HND,2005,12.4709247586633,38.8417580655353,68.9,48.9095176183667,6.16028277171203,26.2400447570959,6.5,56.396934051856,1975.85647913236
HND,2006,11.8565791514775,44.7293531580234,71.3,47.9820915708055,6.57287305327357,26.7848832699915,7.8,56.95227061196,2056.53491469231
HND,2007,11.9110474415928,52.270420067944,73.5,49.3573823281256,7.82223281251053,26.1566692583548,9.4,58.3423528646146,2134.19540639485
HND,2008,12.1501702062634,51.291832674053,76.4,49.7088183984584,8.65020371949481,25.9497768626944,9.6,59.6398707552753,2175.14709403064
HND,2009,10.8250414864446,50.3382201748979,78.3,49.85168360026,3.38987200238321,26.0219596984677,9.8,61.0644184532867,2076.30859895638
HND,2010,11.5912204379757,47.4622470777193,81.0,50.6972236229878,3.83460574737835,25.5871307044098,11.09,60.6354456940853,2108.47314459603
HND,2011,14.2196558016976,47.3092310306697,82.2,51.1057524187924,5.88681418228473,25.8142160143128,15.9,58.2063339221402,2144.56265540491
HND,2012,13.5662940347061,51.2756482307446,83.6,49.2678482583046,5.83610988955542,26.1135718011836,18.12,58.6183421267834,2188.39378817891
HND,2013,12.1911279403961,54.7226868179144,87.2,52.6741838502702,5.77862113948416,25.4093197152808,17.8,60.9736192281605,2205.40126728067
HND,2014,12.5383501333105,55.0869372049161,88.7,54.7264956135791,8.62899693066618,24.510778796214,23.0,60.1539431811467,2229.24772232218
HND,2015,12.2159784468116,54.5936002238152,90.0,55.2237514233147,6.27594328427599,25.6499709386427,27.1395,58.8330670461585,2271.20265980349
HND,2016,12.0499014058464,57.8354023642267,91.6,56.6560388731984,5.28156973350556,25.8278974975697,29.5282,58.3803820722578,2315.72983058198
HND,2017,12.6697681094878,57.7901974979755,86.5,53.4011008952178,4.10592046689605,26.5389223099615,31.7358,56.8495021190534,2383.37398439714
HND,2018,11.6101604613644,62.8149597149301,91.6,53.8674241545705,5.99386120691106,26.5924587973715,36.0401,57.338998468411,2430.13503657762
HND,2019,10.6380334094751,64.4630328325205,91.1,53.7969359287501,3.83846408231678,26.7243168964313,39.3884,58.0719777904225,2447.61649282181
HND,2020,12.1880671407553,71.2304636812084,93.1,52.8681822483696,1.0106822391556,25.357857215276,45.2483,58.9644517176275,2189.43168668222
HND,2021,10.8930519266193,67.7270471861986,94.1,52.3453569766565,2.84361329738544,25.8201593146773,51.9516,58.0294458309237,2423.76634916911
HND,2022,12.4732730244455,70.0841626239484,94.4,54.3970858378542,2.41292398026651,25.9084247689488,56.3896,57.1227381730412,2482.22384904714
HND,2023,11.9787948406632,75.6308247756834,95.6,55.2307297546957,3.16136364280263,25.824819269639,58.2789,57.571815931058,2527.27366333188
HND,2024,11.2186537185053,78.22344042274,95.6,55.5887327260996,3.52903749551745,26.1259397552196,58.2789,58.4090033001636,2573.37159995648
HPC,2004,23.6055846676157,11.2243242589386,22.250000000000014,24.0655674122561,2.97397429540126,22.73880945125,8.350000000000001,40.4554285189647,718.761366870826
HPC,2005,23.9546815099956,11.6535346254462,22.250000000000014,24.2967550450461,2.8323539526485,23.2740852296215,8.95,39.4739971325696,737.272732422018
HPC,2006,23.1640240098194,12.2906442215789,24.2970552406841,24.7678231250967,3.04838522661331,24.0539083710184,11.3798,40.3953601264837,757.521668994488
HPC,2007,23.5395450195087,12.9689727571292,25.8477550274109,25.3443278387081,3.67807567752871,24.5050297543998,14.8133,39.3296150102203,777.28450144481
HPC,2008,24.16333574026,13.1764779847673,25.8037471371516,26.0024461340564,4.03500191057887,24.8563508989675,19.5,39.9593991477451,798.444777244499
HPC,2009,25.1143320094439,14.4344418840708,27.0246119888698,26.5889689964448,3.29248648778966,23.537218497459,24.05,42.785614537291,803.144160263683
HPC,2010,24.5732881848874,14.461478682549,28.679431301834,27.6824699010464,4.69236743398528,23.6197757129994,28.33,42.9209712061002,829.378145273867
HPC,2011,22.4207934719135,14.6222907162899,29.1718396828583,28.2130709217464,4.90495890386838,25.2863491373825,32.0,43.3149951559819,843.531584159094
HPC,2012,22.8210142768178,15.820509320205,31.8979660493501,28.8762698152732,5.591379387872,25.2746827628038,35.34,43.8582145883039,853.586116932267
HPC,2013,21.7704536071383,16.3239487790447,32.8873110453621,29.0237836615543,5.2660566433588,25.9456604574455,38.5,43.5700811325028,877.826285990185
HPC,2014,21.6950595813593,17.1628612958028,35.3432938741151,29.6909763390541,4.15750034564641,25.3611959755801,43.0074,43.6358351147711,899.664821616374
HPC,2015,21.9748491217784,18.6437115776857,35.4532334232963,30.3239994266956,4.42832609162521,24.2749557128457,46.5,45.6691119274268,917.296109229181
HPC,2016,21.6620203866995,19.4847599756783,40.5879143859095,30.9168135966817,3.67245514381341,24.0074912108206,51.5,46.1628336440278,929.831454420103
HPC,2017,21.1771981002484,19.2444032912682,41.4761400082642,31.5966369424296,4.07598929744534,24.8776660292473,55.4032,45.868961247925,948.559641481731
HPC,2018,20.6322377411983,19.1271382876797,43.9780559155511,32.55680090937,3.64421925529704,26.2719653863246,60.1126,45.6265080499658,960.452334962383
HPC,2019,20.7071567775734,19.2790424593216,45.0224569328403,33.7580970332618,3.05265166323874,25.9882737632491,64.3,45.287131974269,973.374706001474
HPC,2020,22.1789095472661,20.4836388072931,46.3405988685198,32.0223789035435,2.28241076821194,25.0613666366431,70.0528,44.8714739620997,946.680806659878
HPC,2021,21.220224139668,20.3318098949839,48.0199412207435,31.7635680287488,3.49508993131913,25.8686317927366,74.3716,42.5462553411896,961.96999346246
HPC,2022,20.9032859446868,21.1528330713606,48.7171277289385,32.0203611838559,2.77389265143366,26.6647458157565,76.6,40.9388565421049,982.924394594556
HPC,2023,21.830490856109,22.7229982468567,50.5311127498598,32.0527773515892,3.28110770799146,27.3433752125751,79.4848,43.2409178272296,991.01991315821
HPC,2024,21.5165796255937,22.7229982468567,50.5311127498598,32.6863624916923,4.41277743449229,27.5724499367574,79.9923,43.5721271666323,1015.32013675499
HRV,2004,4.41765926972512,69.2341449755896,99.9,53.394659306421,3.14124376125562,24.1488165361816,30.91,55.6281916141831,11059.0980614364
HRV,2005,3.86650247197479,69.2341449755896,99.9,54.0716464217486,4.03155518239355,23.7734716436971,33.14,56.6357373716889,11522.7905248265
HRV,2006,3.97818184588048,69.2341449755896,99.8,56.4085234551668,6.74944057100655,23.4058870686343,37.98,56.6198953577062,12104.0421469867
HRV,2007,3.6904482073587,69.2341449755896,99.8,57.0029485614245,7.8356534436636,22.9415854297126,41.44,57.7652372729107,12717.9875997872
HRV,2008,3.88064389657281,69.2341449755896,100.0,56.3295040785797,7.66671719087897,22.7583110451343,44.24,57.7892477272198,12970.4376964616
HRV,2009,3.9858244633642,69.2341449755896,100.0,57.6668250531353,4.92586080575553,22.6914100390127,50.58,58.7459431242757,12099.5521781656
HRV,2010,3.64448983894033,69.2341449755896,100.0,58.2939576533848,2.61983048198582,21.36803442175,56.55,59.8361533890876,11965.0049285028
HRV,2011,3.62469406098008,69.2341449755896,100.0,57.460357167503,1.98600595263882,21.5043974590517,57.79,60.1939570145018,11993.0713179162
HRV,2012,3.2839104995377,69.2341449755896,100.0,60.6075109159114,2.54586969790822,21.0396616788925,61.94,59.8204605980156,11780.4742767284
HRV,2013,3.43767621316736,67.9137838519632,100.0,62.3243977327961,1.59393965737626,20.5075395928616,66.7476,59.3783851341838,11838.2152450357
HRV,2014,2.93879083829528,66.7470980936866,100.0,63.7527041870204,5.34793327281585,20.6526480346575,68.5679,59.5271011783885,11862.7609491821
HRV,2015,2.96383237367924,63.1797743200448,100.0,64.2269402681837,0.95816964866459,20.3701373622843,69.845,59.2983560710179,12283.7840620053
HRV,2016,3.05980781348851,58.9918174775171,100.0,65.8494036360584,2.99037748818897,20.2769414390036,72.6973,59.2391960690981,12848.419539107
HRV,2017,2.89020999922314,55.9835191050696,100.0,66.9147628757474,3.24019258507582,19.7721853620712,67.0962,59.6726920599708,13485.3012514274
HRV,2018,2.95086769081286,54.2738253140054,100.0,66.5358185140483,2.66912322417943,19.289972926094,75.2946,59.5121595105045,14060.9874833125
HRV,2019,2.85685404932209,52.9254641849064,100.0,66.2816107390838,6.47286243805983,19.5762975915854,79.0798,59.1672514515504,14641.663970693
HRV,2020,3.12863387052829,59.1478598534047,100.0,65.6981809185907,2.53925892567448,20.0965004802369,78.3209,59.5396469292915,13545.4881162417
HRV,2021,3.35973327348871,52.8751591525322,100.0,64.7533505336253,7.42754516764421,19.585411788668,81.254,59.0487094350997,15395.1287782758
HRV,2022,3.39322387924406,50.5435072421278,100.0,66.4527950409127,5.51626974323097,20.0657707482195,82.0716,59.815512353154,16618.1111874724
HRV,2023,2.68395350714236,46.4398333335074,100.0,67.8972188419936,3.90300483680134,21.1543842881963,83.2412,59.8263852879851,17225.154484029
HRV,2024,2.89588951437996,46.8609410119769,100.0,68.8520963984679,4.87780112464328,19.1915825783267,83.6324,60.8374324880176,17854.2091012685
HTI,2004,15.8505214181337,8.28137380723943,34.1,39.4966355926497,0.0969221359795515,25.6128699974092,5.40126,55.4310971170289,1286.90282128221
HTI,2005,18.053012942039,8.86270292207163,34.5,39.7930846200523,0.369835650694654,25.0367007859813,6.3762,54.296439294312,1304.33303731231
HTI,2006,17.716303487923,8.47020352088079,33.9,40.0691742465931,2.10244121995639,26.494693007675,6.796,52.6501128741064,1305.03813815611
HTI,2007,19.0751062719029,8.06216511098069,35.5,40.5092488146252,0.807269738778004,25.2963112825586,7.2,52.1017042943899,1343.61111422048
HTI,2008,18.4326161641106,8.68209202650165,36.1,40.8861500027428,0.285633151798952,26.701201891474,7.6,51.1602844261798,1356.53400140048
HTI,2009,18.7934646435559,8.21108523727505,36.6,41.4418741460844,0.478313239983432,26.2255411512356,8.1,51.6516283735763,1412.89653523429
HTI,2010,20.2326950876929,7.79703967463653,37.2,41.6456468205565,1.50093014768549,23.5332687261618,8.37,52.5004487393192,1317.58389339746
HTI,2011,20.0431188990154,8.51878003547407,37.8,42.1101366689403,0.91476918408797,24.5925802703743,9.0,51.2340187151589,1369.16921255852
HTI,2012,19.4699035948555,10.814964045335,37.9,42.4687000556365,1.13794476642421,25.3732825170097,9.8,51.0111681886198,1354.88546124499
HTI,2013,19.3274999569264,10.7615276089025,38.9,43.0749117365222,1.0865204500402,25.6899193261312,10.6,51.0790194647682,1392.38204736859
HTI,2014,17.8297636475726,11.4152315549394,39.6,43.4888727681183,0.653599798370867,26.5606297593527,11.4,51.8125576630482,1411.76834802154
HTI,2015,17.2198989989619,10.7679267730686,40.8,43.9677215304352,0.711667596569424,26.0556909416746,14.2,52.4407421977879,1411.12684746796
HTI,2016,17.9835139851461,10.4552757071217,40.4,44.4264844063213,0.745596209929376,24.4486778891376,22.8,53.1971109122167,1416.74881879698
HTI,2017,18.8264709950195,9.82631897315958,43.3,44.8570290716919,2.48360915333592,23.7054083866046,27.2,53.5223517763075,1432.67228609541
HTI,2018,18.7060141160075,11.2063306533874,44.4,45.234535794399,0.640093066153268,24.1385210331551,32.4736,53.4912479714213,1437.35251928349
HTI,2019,19.1874037315046,10.3687008659048,45.4,45.5271306436053,0.499464210439719,23.3823262210182,39.262,54.3640695246585,1394.42114071112
HTI,2020,20.362493732044,8.60933596942957,46.3,44.1937610421117,0.17231607778598,23.327525652015,39.262,53.9204199080319,1331.69778506932
HTI,2021,20.684893342416,8.31227901324057,47.2,43.923406295934,0.244929572826407,25.5323969166346,39.262,51.7413950007284,1292.71954963551
HTI,2022,20.2753493141772,8.23905048963665,49.3,43.9306089097916,0.194598953085393,29.3411380317267,39.262,48.167465368414,1256.72143592448
HTI,2023,17.4571299152426,5.16811191601216,51.3,44.2123985347712,0.119129583029912,31.9840013125009,39.262,47.5486447484926,1219.11871645847
HTI,2024,15.8601607482058,4.11425205774259,51.3,44.3827106088033,0.0792936453462934,33.3589256118432,39.262,48.3129615585975,1154.87300909888
HUN,2004,4.35683545455054,38.9490966515472,100.0,61.9011243762617,4.36291277823616,26.8778725721925,27.74,54.3555693723428,10786.4881991495
HUN,2005,3.72514185336456,43.2545318007203,99.9,62.7580502169847,11.010544401215425,27.2089503526625,38.97,55.2362663318157,11272.7345428122
HUN,2006,3.53874601085628,47.2791787368685,99.9,63.0176644779506,11.010544401215425,27.2157712360963,47.06,56.0697458908412,11734.4544729813
HUN,2007,3.48786630899698,53.1980228492073,100.0,63.0260043612585,11.010544401215425,26.7120407420711,53.3,55.8105907838157,11791.7074416876
HUN,2008,3.47814940071837,59.3602856793598,100.0,63.4619121885098,11.010544401215425,25.7747485981168,61.0,56.412478905794,11929.7209867703
HUN,2009,2.99527728031797,59.902839903581,100.0,64.2340427632153,-2.28280495631194,25.1371137759844,62.0,56.8583070750119,11142.885928524
HUN,2010,3.00710894106453,60.3209175671504,100.0,64.7554716412838,-4.3599322772924545,25.2266979655838,65.0,56.6270118030494,11287.3686666108
HUN,2011,3.97302154410133,58.4470053209195,100.0,64.27523119767,7.45442145492381,25.1359185300274,68.02,55.9639510898261,11536.3578996772
HUN,2012,3.88850753892061,50.4166616959194,100.0,65.1444479333131,8.30549850772091,25.0498656722544,70.58,55.199441422864,11440.7622718825
HUN,2013,3.92253734459854,46.096882400305,100.0,65.3275705622734,-2.74986395257086,25.0561210392632,72.6439,55.4667804576846,11729.5720798501
HUN,2014,3.94529830379291,42.5320276713183,100.0,64.8216356072609,9.1265022330579,25.6873886769853,75.6532,54.8738788494878,12287.3779441033
HUN,2015,3.76135548183773,35.0976712570947,100.0,64.7707039451397,-4.3599322772924545,26.3916783181703,72.8347,54.1102603119559,12782.9412577973
HUN,2016,3.8677257212942,33.3191543197899,100.0,64.5221482439007,11.010544401215425,25.4486066021034,79.2594,55.5583018252813,13145.6559885563
HUN,2017,3.74894666908719,32.3908602743309,100.0,63.4399952715494,-4.3599322772924545,25.1587549896178,76.7505,55.9261229091602,13734.2442804335
HUN,2018,3.47162730279737,32.2649787904592,100.0,62.6263013871514,-4.3599322772924545,24.9697501840475,76.0744,56.0731413227318,14533.7783144312
HUN,2019,3.32505112170721,33.1721052698328,100.0,63.1294647051426,11.010544401215425,24.6337376234071,80.3717,56.5905221339387,15290.8085466331
HUN,2020,3.36254685371176,37.6296063212563,100.0,63.3620122874256,11.010544401215425,24.3596848911298,84.7712,56.7924026680508,14664.2971195385
HUN,2021,3.45755919325803,38.4125853084098,100.0,64.2341725884873,11.010544401215425,23.8976973303284,88.6408,57.3674994014629,15787.9535427563
HUN,2022,3.14310033852095,36.0420465985177,100.0,64.3628015412007,-1.08324491969383,24.2330845363481,89.1428,57.6155871264755,16487.7973935944
HUN,2023,2.92332182995561,32.8734694326412,100.0,64.5402734165606,-4.3599322772924545,25.3398219332592,91.4501,58.2753662016599,16375.0462724192
HUN,2024,2.71112134044753,32.4386581915965,100.0,64.9441934000781,-4.3599322772924545,23.693891331248,93.779,59.5231534203363,16518.6369936397
IBD,2004,9.41261842609643,57.3339675647392,86.7184905424753,37.1839836578489,2.79540854820014,35.9596879752049,8.7,50.5058350287956,3247.0612433535
IBD,2005,8.58674970760379,55.9593416725206,87.7333227566688,37.6935041318987,3.13085585754709,36.554156690847,8.7,50.3874371046345,3445.04385258554
IBD,2006,8.07079003170199,57.8080621614798,88.1680891466254,38.4337699342109,3.48995803004622,37.1808167071903,10.5,50.3369865089144,3692.82779557534
IBD,2007,8.03562896257528,60.8526931203031,89.3242121638932,38.7904723908988,3.88059277507984,36.8792931556087,13.7,50.7182963140416,3983.15719895369
IBD,2008,7.96199604377737,60.5438683983914,90.1665294008948,39.2893938371235,3.67098083161204,37.4765344909571,17.1,50.423295060211,4176.83978299189
IBD,2009,8.31691371307819,70.3617246957288,90.6731762332912,39.9791078029334,2.55885778171798,36.222636962716,20.7,52.0683574003062,4249.10322422767
IBD,2010,8.1441219232703,71.6303433786914,91.4540571407595,40.341359138614,3.09170208708399,36.6886255205657,25.0,51.2740144401676,4532.44068726031
IBD,2011,8.02053647666418,72.7313572438772,92.5084956175417,41.1241212725458,3.08217966474318,37.0270590807619,28.5,51.0627091436346,4770.23592201554
IBD,2012,7.8734042410493,77.1335255233081,92.7691494735879,41.6188092547211,2.674728722555,36.7310690326027,31.5,51.7781829722878,4976.44743175894
IBD,2013,7.97332083618417,82.2784489731223,93.7820283085729,42.8558299591886,2.69624515156335,36.0705154934104,34.0,52.9874371216863,5178.96430999103
IBD,2014,7.99988430226433,87.992444613681,94.4238714593445,44.0073479396492,2.3928431793333,35.6303900866514,36.4,53.8409425354273,5369.52452689677
IBD,2015,8.16979836543773,97.0292680402419,95.1768053412642,45.1139273088314,2.35065235299543,34.7286754421114,39.1,55.3932657059059,5546.04775275526
IBD,2016,8.19308537177583,98.5901030495976,95.8363715979019,45.7282236586789,2.11540928496882,33.9146029534373,43.2,56.2205829298195,5737.47076646059
IBD,2017,7.84230067146461,98.1535604368562,96.6040591336246,46.21383718336,1.82763781669311,34.1870301720817,46.6,56.2546863415623,5977.69739757901
IBD,2018,7.49996756892398,103.470216287738,97.7498443251445,46.8151968468622,1.96534539329249,34.8489116617222,50.3,56.2579359850358,6214.51417284405
IBD,2019,7.68737020391331,105.858559277734,97.8771993471199,47.4005034604251,1.83543369963187,33.9496750930475,56.3,57.239083850905,6411.71326335692
IBD,2020,8.50667844346395,120.01044234376,98.0570730806839,46.7782475544879,1.78740721235978,33.5069332559143,65.4,57.3261945524371,6286.40775617083
IBD,2021,8.10810983914685,116.841736666303,99.1094167920247,46.9130529858535,2.2273308000832,35.1495106790412,70.3,55.9678303433407,6728.66940868672
IBD,2022,7.92182278840715,128.318155291728,98.9686574577803,46.6312136764091,1.58409876168934,35.2430390174132,74.4,55.9901509011109,6949.77744058703
IBD,2023,7.73958867645346,130.179845795317,99.0885820346684,47.2395553045146,1.05908735713781,33.8460160182782,77.3,57.2332450235053,7249.2635017382
IBD,2024,7.70004819602647,133.339925793041,99.0885820346684,47.6584595700811,1.03726762971019,33.1223319804589,79.9,57.7564469055898,7523.39788740048
IBT,2004,10.5523597117147,53.6036075031127,76.1444536080495,35.8254759364753,2.72059937501932,34.9909774099659,7.2,50.1564695984616,2729.87046222028
IBT,2005,9.74168965709174,52.463711502813,77.0597690009746,36.3044044031978,3.05971159630135,35.6282120917841,7.2,50.039941526481,2885.28754662659
IBT,2006,9.20970657448837,54.1496681948775,77.8552266546228,36.9497295386167,3.41376484709143,36.2086152680656,8.7,50.0488877332563,3077.74191466409
IBT,2007,9.11735606169409,57.3661475519163,78.6119806911976,37.3082182168134,3.81443967405231,35.9598968740668,11.3,50.4257916760671,3301.24424278247
IBT,2008,9.07962359236562,57.4178626584471,79.4533189795659,37.7777783656593,3.62938875279321,36.5597115151257,14.0,50.1351447499597,3448.17245200466
IBT,2009,9.4551218704211,66.6976257613244,79.9501521552814,38.3998546284258,2.56354767918159,35.2752218687861,16.9,51.7636211562198,3502.68472824197
IBT,2010,9.18820140960904,68.0003764757378,80.6491330581851,38.8157844675368,3.05982301034895,35.8276195220938,20.3,51.0074344597661,3719.8597539937
IBT,2011,8.96897383557288,69.0185774691979,81.9189102960738,39.4859052241366,3.06617107617024,36.2817276515888,23.2,50.7793952942043,3896.56523344649
IBT,2012,8.82688379562692,73.2860242844542,82.4356902701651,39.9675927932674,2.68223359775561,35.9568119452749,25.7,51.5105363606364,4047.32325168607
IBT,2013,8.89161552740573,77.7600921799561,83.3593364046462,40.9581842400565,2.68998606320856,35.2942898261322,27.8,52.6872223499724,4201.8456378006
IBT,2014,8.93435615206625,83.0520594248068,83.9395090540728,41.9695697613906,2.37665033904692,34.8434321245256,30.1,53.4862969243717,4347.00390778606
IBT,2015,9.13552441913774,91.4965728678344,84.8020928694012,42.9323736300157,2.34973160264657,33.8531806510859,32.8,55.0464410866739,4474.43525326247
IBT,2016,9.10473667192033,93.1189229472778,86.1979701404555,43.487258240236,2.11660244024801,33.1094032691011,36.4,55.8080180649322,4610.83755480503
IBT,2017,8.6952674902696,92.88577540751,87.1780648108782,44.0285554876015,1.8623021829659,33.4984056501485,39.5,55.7793886494063,4784.65501107103
IBT,2018,8.35662598161553,97.7658422845053,88.2029739724979,44.6569473084125,1.9629281986159,34.2047301205071,42.9,55.724027779346,4955.36761741777
IBT,2019,8.70506505083009,99.4503232678071,88.5717841906219,45.2307121726638,1.82472581516087,33.2693523307557,47.8,56.6041065715357,5093.37981842859
IBT,2020,9.5513168150237,112.932066343892,88.9116377393905,44.4149102406701,1.75627022246941,32.8002726356733,55.1,56.6563366055014,4971.5872211169
IBT,2021,9.09188561715261,110.70184777093,90.0199738356034,44.5240233421019,2.19837994174309,34.3956170814617,59.3,55.3383798431559,5284.67426657771
IBT,2022,8.89956084954316,120.218984950207,89.9613796377975,44.3696412632604,1.57621792489236,34.5345751553544,63.0,55.302759668635,5436.74748762757
IBT,2023,8.6431698451699,124.471990179493,90.3146248872835,44.8753945700068,1.11477553355406,33.3149009873229,65.5,56.5598284535909,5638.70628095248
IBT,2024,8.4926899261341,128.370169627392,90.3146248872835,45.3098319449285,1.12502756481527,32.6934790233352,67.7,57.0731377155486,5826.39109857059
IDA,2004,23.1842063027792,15.41557042569,40.4881193660397,30.3677284891099,1.87956022655268,24.2239180426322,2.2,46.2117175285115,1003.9852047643
IDA,2005,22.8833755373523,15.6368262434916,41.5224300100053,30.7732195895451,2.23896949966413,25.0705794646508,2.2,45.9817355177749,1041.06280109594
IDA,2006,22.074807989735,15.7662100451888,43.9691700385374,31.1077701254233,2.54109847972813,25.1956769881104,2.8,46.7281111143151,1077.82305096995
IDA,2007,22.0753598081248,17.5661773012551,44.2109151672772,31.5390692484925,3.00945385970205,24.9226740720854,3.7,46.8842538941346,1114.49335203344
IDA,2008,22.5552673924284,19.337758197094,45.5166817282672,31.9787637270801,3.12173734128013,25.4815037844504,4.2,46.625793078529,1143.00694096765
IDA,2009,23.1263513584564,19.7437747848077,46.4303387780008,32.4634647923942,2.62047461771674,23.8810146743206,4.9,48.0652607388077,1172.44269252611
IDA,2010,22.4085354996654,18.4820491692614,47.3155875679755,33.1761331131858,2.65056407506287,24.9320176787621,5.9,47.6542907133226,1216.18056240843
IDA,2011,21.5791105228554,17.8152053430777,49.6621142107405,33.5128914786478,2.85228597545355,26.395383215278,6.8,47.1108110125949,1238.54733221968
IDA,2012,21.592497690824,17.8616498644802,51.3189495560506,33.9784482678971,2.78509377591431,25.630803900269,7.9,48.0290201792844,1252.842684541
IDA,2013,20.7873582949146,17.9509308043983,52.2817303551995,34.2066374882235,2.6080768084441,25.2586833157273,9.4,48.8545271738693,1291.78901874009
IDA,2014,20.4889334609418,19.6362141659597,53.0005784584853,34.7772549004469,2.1748293479133,25.087733888918,11.6,49.0908092520659,1333.06862092098
IDA,2015,20.6999678214114,21.020995636318,54.5223994493809,35.3126787401334,2.3386238355169,23.3485985534445,14.2,50.8104539005258,1350.30758062231
IDA,2016,20.1868120241441,22.5245024757632,58.3948761048664,35.7730976131563,2.13118619761814,23.3103510301162,16.9,50.7711616298223,1364.45810556663
IDA,2017,19.5712491817253,22.9024415622703,60.3179355432412,36.6044037908908,2.30651150802134,24.7121897208161,19.2,49.8312614792451,1388.62153707152
IDA,2018,19.2978908069206,23.1609909585907,61.3544488370868,37.4182200584388,1.93182772134544,25.9414018337377,22.0,49.0466414928615,1418.00708422156
IDA,2019,20.4957239035162,21.681400994279,62.769644320149,38.0468419968933,1.69817354838734,25.2601115149974,24.2,49.20903816309,1441.63139770219
IDA,2020,21.5840423621025,22.5268653626357,63.9370743593769,36.8685860147652,1.39213251161409,24.5512464802928,27.0,48.9123573269061,1384.63983352976
IDA,2021,21.4272641221795,23.1721598718522,65.598211852635,36.8502444971849,1.83004609716895,24.9170502122868,29.8,47.5887004121149,1408.70089156521
IDA,2022,20.9590741339581,23.5076896955084,66.1569043335557,37.2952360286385,1.47670011276758,25.7378382208979,32.8,46.9568686680456,1441.8927324741
IDA,2023,20.7576254713785,23.5076896955084,67.5014937828868,37.4313878006631,1.87883882502642,26.1531686877225,34.5,47.8063249654843,1454.79918171861
IDA,2024,19.6992462754974,23.5076896955084,67.5014937828868,37.9590889835325,2.4207073270639,26.5817586657965,36.4,47.7462548197852,1485.87854475786
IDB,2004,23.0543211201301,15.3521940267566,59.1432742468789,37.7462556582567,1.23790812509528,23.8652665558104,4.4,47.7490616165533,1452.76112133181
IDB,2005,22.5689387410811,15.0206324315299,60.2242112828434,38.0817793502797,2.23527884362057,24.7825078438255,4.4,48.0764075190226,1501.63150824282
IDB,2006,21.5698952943042,14.7679092242028,61.1269826223224,38.1849577612214,2.42688369506419,24.2015329395171,5.4,49.2562391572778,1548.60504186971
IDB,2007,21.3782072688364,17.7493571914135,62.3043148414168,38.3411362569623,2.68402928069746,23.2880411916533,6.1,50.548204363988,1590.6428814843
IDB,2008,21.8228830033014,20.4931627235179,63.3309391549099,38.5981708358291,2.56580818096647,24.1906141495113,6.8,50.0057416122403,1614.19473989247
IDB,2009,22.1584413886755,19.6405015285813,63.1155416562242,39.1760682272756,2.30955423261692,22.0630449728397,7.7,50.8804345553524,1665.56682453196
IDB,2010,21.8780467632675,16.48007940005,63.9547486455891,39.4737004524221,1.68440374259843,23.9136477661943,9.1,50.0468251671745,1720.09334929676
IDB,2011,21.6975627103457,14.8923672702511,68.0498486783031,39.69374476909,1.7885412056695,25.3739080142641,10.3,48.8753488880677,1749.06036275665
IDB,2012,21.284878771587,14.2689409203225,67.7534282751763,40.1379907497393,1.26290812189826,25.1103643278798,11.8,49.5621644983321,1786.6430670936
IDB,2013,20.6826082010209,14.291808954726,69.2012849039335,40.4248062610691,1.22611762796284,24.1787124245278,13.9,50.8341048978441,1848.24174811877
IDB,2014,20.3129082650168,15.4801955540999,68.4749901174028,40.7850833514006,1.1812217011752,23.6898824631465,16.1,51.4695078449567,1914.26316168169
IDB,2015,21.0431790402978,15.7839526319263,68.7868324940631,41.0998964480777,1.20846403276952,20.9220802134587,19.0,54.139951098834,1947.85246838642
IDB,2016,20.9854075849799,17.0122235209034,72.5460349141719,41.0459300660545,1.05781478707363,19.5534203037538,20.6,54.6874304830625,1953.37240963399
IDB,2017,20.0357253631183,16.2477463870497,71.6466137332559,41.9438701077397,1.44597197493458,21.7137634316416,22.3,53.3357680015445,1968.31540790627
IDB,2018,20.0883697085549,16.0644417764549,73.151878223369,42.8887519648715,1.02909161952094,23.2372843656911,24.1,51.8457999608973,2003.84851119473
IDB,2019,22.5198086689672,13.9120811521328,73.9089088089712,43.1645481106458,0.691469599504785,22.0743987543561,26.9,51.949433682592,2023.85818922165
IDB,2020,24.2620771086078,15.1067376524165,74.4924621989682,42.2723122797502,0.495414882620541,20.4034815652953,28.7,51.7004112607945,1918.37984704312
IDB,2021,24.5002217199858,15.7247701727176,76.4698873250238,42.6195827505939,0.816857144233531,20.8513268353024,32.4,50.6245983478147,1960.8295587467
IDB,2022,23.7688459760193,15.5594848296743,77.0721324965067,43.3693815982496,0.689047970934923,22.2405611649752,36.5,50.2564116578089,2014.88221922079
IDB,2023,22.9353687925265,15.5594848296743,77.9201343756954,43.7932376534752,0.948761259378364,22.0558092340007,38.3,50.9436816846939,2032.83591744395
IDB,2024,21.2057375547189,15.5594848296743,77.9201343756954,44.2413696899304,1.19189187942523,22.1473560382595,41.2,51.1429629104399,2076.03245502265
IDN,2004,14.3357802955642,27.6587104878441,89.0,39.7886583628212,0.738243979887563,44.6276159754602,2.60029,41.0366037289756,2065.70617470842
IDN,2005,13.1266186400506,27.6587104878441,84.8,38.3648350904152,2.91611483313067,46.5410588710711,3.60202,40.3323224888783,2155.4478015921
IDN,2006,12.9738027192484,27.6587104878441,90.6,40.5038242639647,1.34794264068931,46.9435587410796,4.76481,40.0826385396719,2244.0802226202
IDN,2007,13.7166831034562,27.6587104878441,91.1,41.1092215565331,1.6030105718879,46.7991415207073,5.78627,39.4841753758365,2355.1528565328
IDN,2008,14.4817402607761,27.6587104878441,92.7,41.2105251833877,1.82632902403998,48.0607447690172,7.91748,37.457515026462,2464.60193418272
IDN,2009,15.290148146172,27.6587104878441,93.6,42.0005634480942,0.90391941965406,47.6521225811621,6.92,37.0577298834625,2546.21969707767
IDN,2010,13.929212707137,27.2530411349395,94.2,42.9720752142772,2.02517914569356,42.7758663362749,10.92,40.6659902908934,2670.8129098953
IDN,2011,13.5122870743946,30.0821993577662,94.8,43.5903168345826,2.30298429381592,43.9134234267133,12.28,40.5846042111279,2799.62468790318
IDN,2012,13.3739742350727,33.4341714348422,96.0,43.7825025272112,2.30978031853073,43.5937444233376,14.52,40.8733748934867,2930.518445323
IDN,2013,13.3566991621949,36.0581396070456,96.5,44.2424703975957,2.55135633401058,42.6356774375889,14.94,41.5165374799893,3055.24246006469
IDN,2014,13.3367549992146,36.4235451552096,97.0,44.497023084378,2.81997260412102,41.9283421270033,17.1432,42.2421853142869,3170.72103011429
IDN,2015,13.4926435578886,39.1187982955119,97.5,45.1010964067699,2.29761639380441,40.0478624042506,22.0627,43.3090809246806,3288.22269725538
IDN,2016,13.4787485470271,39.4024246939413,97.6,46.6339424180905,0.487372471368879,39.3084439802081,25.4474,43.6417488094502,3416.81005170972
IDN,2017,13.1566308462661,38.7323495613041,98.1,47.3557647336161,2.01948919812582,39.3791548040237,32.3358,43.6140553296427,3553.51999262321
IDN,2018,12.8084975586902,38.8054496665639,98.5,48.1687622744529,1.81428979349441,39.7297374523848,39.9046,43.4048373057688,3701.32155461912
IDN,2019,12.7126026577522,38.3726939516609,98.9,49.1356329001475,2.23336204282241,38.9517679950779,47.6906,44.220745839176,3850.90321738979
IDN,2020,13.6984142796138,38.6795390891453,97.0,49.0568463452771,1.81058402027127,38.2383937187942,53.7265,44.4134399516292,3739.44906563161
IDN,2021,13.2801691376596,36.9908270556254,99.2,49.2513693430476,1.7878556314554,39.8448191919686,62.1045,42.8228206251521,3850.68877253903
IDN,2022,12.3996501634108,35.2884329632688,100.0,48.8471685544592,1.87264100861425,41.4292641760979,66.4846,41.7909255847112,4024.91225288391
IDN,2023,12.5294214769584,36.0128888595253,99.4,49.2692149419358,1.57116694173474,40.2156823106794,69.2084,42.8793517397051,4192.65167890692
IDN,2024,12.6086658797584,36.3924507638113,99.4,49.7537526677536,1.73651146010755,39.3184857249869,72.7808,43.7719167888796,4367.86266621191
IDX,2004,23.2984792314452,15.4833113076692,30.3187820346722,26.3703391472986,2.53911139316174,24.515516802123,1.0,44.6282386666764,762.575661839901
IDX,2005,23.1928931228016,16.3036140470026,31.3066620418745,26.8156239760472,2.24283093178158,25.2861342699798,1.0,43.8105035198154,792.915050928441
IDX,2006,22.6284948818535,16.8821830081098,34.5806985469341,27.2735919779033,2.66789522606952,26.2100324665186,1.5,43.9854582042236,823.90017446983
IDX,2007,22.8156457568445,17.3679141788258,34.4168942603711,27.827806174468,3.36114374943333,26.6462417915435,2.3,42.9625052236105,857.07992787155
IDX,2008,23.3016283416297,18.1511526944508,35.8391531336874,28.3447490559733,3.69773242671034,26.7869247615205,2.8,43.1902753878186,887.590717483649
IDX,2009,24.0452940297292,19.8485870421343,37.3351272716701,28.7517694150434,2.91683855996611,25.5861187676023,3.4,45.444118432153,904.189618538802
IDX,2010,22.9241274387145,20.5056801343489,38.2163645640414,29.6842152726202,3.5982858152229,25.9032430693982,4.2,45.3844762269104,941.170103265961
IDX,2011,21.4688346512652,20.5927667217517,39.5865729644305,30.0899153892311,3.90191130595717,27.3844098315072,5.0,45.4144785631446,959.3674453315
IDX,2012,21.9224592525827,21.87521979318,42.3080291510044,30.5529302942114,4.49560078520163,26.1778596836147,5.8,46.3950093543064,960.714392094918
IDX,2013,20.8998659374817,22.2437790853738,42.9979384611427,30.7437388208943,4.12650359251421,26.4097934513496,6.9,46.7316850154513,987.02078318094
IDX,2014,20.6809346372929,24.8662619584566,44.5118966979033,31.4030372811577,3.28622630301044,26.6099618959345,9.0,46.4858322751717,1014.81643854082
IDX,2015,20.3420463988561,27.3483811045759,46.705998397654,32.0409576900659,3.53802959583669,25.874131738328,11.6,47.3410289175718,1023.43894668408
IDX,2016,19.4498204813957,28.362314139025,50.6602264813623,32.7826055946813,3.14353594506749,26.7985075560021,14.9,47.1462250754563,1043.11282497367
IDX,2017,19.1674456373012,29.6078030508139,54.1427240952534,33.6156576003153,3.08211996657868,27.3681158495693,17.5,46.742413922593,1073.15500247042
IDX,2018,18.6116271353126,30.1782992251089,54.9412739063695,34.3888744265324,2.73952280152733,28.3128838068017,20.9,46.608290064217,1100.05510569349
IDX,2019,18.4524665367398,30.5350506487816,56.734623782158,35.2176746364598,2.7514282605149,28.4659568039467,22.8,46.4544227795766,1126.69021132065
IDX,2020,19.1013401987024,30.6320957648746,58.2365188467346,33.8952444383469,2.24687724251463,28.39507727598,26.0,46.3409767367717,1096.83173371503
IDX,2021,18.6014314314045,31.7544495429153,59.7411600659608,33.6215233119535,2.78639895862026,28.653656043835,28.4,44.8108473847874,1111.69190494885
IDX,2022,18.4257448845152,32.6332884772144,60.2901358794059,33.8745950619497,2.21805608444456,28.8895693928945,30.7,43.9946019772121,1134.36793858317
IDX,2023,19.1721551479925,33.4491439572201,61.9201921189084,33.7310008060003,2.6241211383024,29.3344145461457,32.5,45.4870459777708,1145.56246386603
IDX,2024,18.9002260223486,33.4491439572201,61.9201921189084,34.2578387438345,3.25295994868789,29.3695548629941,33.9,45.7248826185129,1171.26544835908
IND,2004,17.8146906487994,36.1918038545968,64.4,25.5820631919076,0.765596855110284,29.219106305293,1.97614,44.1148589722471,892.596614581612
IND,2005,17.6202069548839,40.0679804780573,68.8,25.9783149220993,0.886098378458823,29.5337641914637,2.38807,44.4429329227804,947.732565646672
IND,2006,16.8094420944381,43.6277524334268,67.9,26.20309067095,2.13016842534495,30.9272399435883,2.8055,44.043235711462,1008.23275343783
IND,2007,16.7501197597569,45.6277647457138,72.3,26.309209260168,2.07339404668754,30.9032382510869,3.95,44.0081579238245,1069.24696813025
IND,2008,16.7909423598037,49.559366687116,74.1,26.3693638512179,3.6205232354017,31.1367192409548,4.38,45.8825499068249,1086.50605251513
IND,2009,16.7442701563161,48.1244479112046,75.0,26.4920231164018,2.65159033235479,31.1213721116744,5.12,45.9848828116978,1155.10163274172
IND,2010,17.0265090136912,50.5553749785224,76.3,26.5660351341417,1.6350340943491,30.7250782285817,7.5,45.0337495625601,1235.15939133951
IND,2011,17.191973558015,51.2892331325447,79.5,27.3773195279181,2.0020634629993,30.1616797630407,10.07,45.4421452512796,1281.61054354933
IND,2012,16.8453770661356,51.8885076473464,79.9,28.2198150791246,1.31293453035323,29.3985276965289,11.1,46.3011472980511,1333.09626557668
IND,2013,17.1484235433697,52.385709516972,83.1,29.0034439664578,1.5162764665975,28.4048995600246,12.3,46.6987147692338,1399.4537980287
IND,2014,16.7919345145039,51.8821873589628,85.1,29.8492736825481,1.69565958990806,27.6564012026443,13.5,47.8224137556558,1484.31640682913
IND,2015,16.1745081068401,51.8675240772049,88.0,30.7722358188634,2.09211521443253,27.34739147794,14.9,47.7837481204463,1583.99815907985
IND,2016,16.3638005616331,49.1012254191449,89.6,31.6056633714195,1.9373641224439,26.6189999399789,16.5,47.7494012900074,1694.46534973825
IND,2017,16.5583314049368,48.7940213990706,91.8,32.4671651415297,1.50731583255894,26.5000166464804,18.2,47.6708899682407,1788.69770318446
IND,2018,16.031630686449,50.3381627463062,95.7,33.3391272966505,1.55821483801456,26.4120919013735,20.0813,48.4315663156522,1883.35772705062
IND,2019,16.7555683032837,50.7424617406439,95.9,34.0970739669082,1.78482633957161,24.5914753075066,29.5235,50.0849578546822,1936.03067741067
IND,2020,18.6685376603727,54.5052902460387,96.5,31.6208572724385,2.40620322673636,25.1229058078344,43.4054,47.9326881092162,1806.50110583878
IND,2021,17.3725615260314,50.1421581396983,99.6,31.4503271149612,1.41217101040888,26.466523606501,49.652699999999996,47.8472234596709,1965.30943437506
IND,2022,16.5461295925754,50.1421581396983,99.2,31.0186666923037,1.49248825904,25.3845195629461,55.9,49.7252249980944,2098.2112447615
IND,2023,16.1931893571591,50.1421581396983,99.5,31.4572072768006,0.771919134264091,25.302936496264,55.9,49.5071878364149,2270.9051808027
IND,2024,16.2854335605917,50.1421581396983,99.5,32.2743097449178,0.694133152879562,24.6285041297852,55.9,49.874440225505,2396.94999213544
IRL,2004,1.57408727204836,104.899559324705,100.0,66.030950255595,-4.3599322772924545,30.7660924583293,36.99,55.6088911099172,42135.66185499995
IRL,2005,1.03354966551094,124.640380550943,100.0,66.2896033387626,11.010544401215425,30.0341921238419,41.61,56.7283489883681,42135.66185499995
IRL,2006,0.921152718855531,141.48987381863367,100.0,66.7042802697566,9.50555829114517,30.0803731990164,54.82,56.9183200417932,42135.66185499995
IRL,2007,1.04322286551282,141.48987381863367,100.0,68.7900092081239,11.010544401215425,28.5265724364426,61.1583,59.2648667781983,42135.66185499995
IRL,2008,0.850028643552735,141.48987381863367,100.0,71.4268913079153,8.45449268903961,25.9255497868699,65.34,62.5731441921768,42135.66185499995
IRL,2009,0.557956348121,141.48987381863367,100.0,74.5566452888981,11.010544401215425,25.6117523039931,67.38,63.6935033036541,42135.66185499995
IRL,2010,0.955429971049666,133.426753126152,100.0,76.1651516474016,11.010544401215425,23.3585048483704,69.85,66.7587910328311,42135.66185499995
IRL,2011,1.20481169133057,114.741522540828,100.0,76.8242375703952,9.83474085171317,24.3019357364641,74.89,65.9202399670773,42135.66185499995
IRL,2012,0.98628534243733,110.636331079402,100.0,77.231632259694,11.010544401215425,24.0639568673216,76.92,66.3652752162247,42135.66185499995
IRL,2013,1.07000530417849,102.404683746299,100.0,76.9929188348265,11.010544401215425,23.8396733678378,78.2477,67.5381296669956,42135.66185499995
IRL,2014,1.21732475012945,78.3674079003117,100.0,77.2572236431789,11.010544401215425,24.4288440676474,83.4917,67.1617863407972,42135.66185499995
IRL,2015,0.86869465225802,51.2657972598874,100.0,76.5641502516577,11.010544401215425,38.4401729288171,83.4948,54.2201976171835,42135.66185499995
IRL,2016,0.925941331563359,47.386841437796,100.0,76.1721873924755,11.010544401215425,36.5192338386058,83.5,55.7172942122237,42135.66185499995
IRL,2017,1.11981590911886,42.6227340344542,100.0,76.1133632727943,11.010544401215425,36.2543208523413,84.114,55.6039787570193,42135.66185499995
IRL,2018,0.928168981879793,39.7179106627463,100.0,76.4211057443353,11.010544401215425,36.848503844665,87.0001,56.2353719627882,42135.66185499995
IRL,2019,0.953896616119834,36.0552722551197,100.0,76.801823592927,7.67467578422042,35.880910077936,87.0001,57.4736058194846,42135.66185499995
IRL,2020,1.00897235932956,32.3402464273232,100.0,76.6973921597929,8.0934578228257,37.1803685713508,91.9999,55.7688116989414,42135.66185499995
IRL,2021,1.03312440304987,26.4830620089049,100.0,76.0630774423964,11.010544401215425,38.0466211469982,96.4235,55.1666541370771,42135.66185499995
IRL,2022,1.17281530326124,25.4419666716094,100.0,76.776195762458,-4.3599322772924545,40.756447602572,96.6206,53.5115628227866,42135.66185499995
IRL,2023,0.846910710164401,25.2225553670442,100.0,78.0908405790581,-4.3599322772924545,34.0037014019007,96.4974,60.2983373398224,42135.66185499995
IRL,2024,1.02114448018423,23.7845375555383,100.0,77.5947638686205,0.791076186083952,33.6325795420542,96.4974,60.5635643631863,42135.66185499995
IRN,2004,6.88957846945821,35.071095896488,98.3,44.0193313320535,1.61769687939769,47.4704724796045,7.49,47.9180928342311,4607.45169088209
IRN,2005,6.50138220908685,38.348153226962,98.4,44.4228204534828,1.28425430112768,49.6372490521282,8.1,47.9812176030011,4650.35841490708
IRN,2006,7.11821124095933,44.7948027977428,98.4,44.7779720988768,0.872560020177082,48.2599008746838,8.76,49.1253327032366,4778.7934584732
IRN,2007,7.18556823147499,47.0472761389845,98.7,44.7367506941307,0.5769461352122,48.235663136428,9.47,47.6077676817297,5084.71796043623
IRN,2008,6.12277259111112,45.3150694425274,98.8,45.0565733473302,0.487596567096289,47.6687887779159,12.02,48.6423388030411,5035.94008533618
IRN,2009,6.9244896148629,49.2122294086103,99.7,46.5740135709758,0.720530462050838,43.0965172977284,13.8,51.4807181924139,5023.89314362941
IRN,2010,6.49939072557201,52.0229498170448,99.4,47.0322654494284,0.74916862626536,44.2093794197457,15.9,51.1373145239641,5249.06133369759
IRN,2011,4.64211620456629,49.2475078971103,99.5,49.0339758700425,0.679834574763516,46.2322885720868,19.0,48.7236875755503,5321.75870744453
IRN,2012,6.79693716710654,49.6173234830957,99.5,47.391066769666,0.723850091355471,42.0941632127045,22.73,50.4291162835523,5058.64637811835
IRN,2013,8.77490977276026,44.5964991335657,99.8,47.8673922129726,0.609501593960532,42.7788684660118,29.95,47.6419116595481,4916.97291948475
IRN,2014,9.37842415684426,48.9844792976358,100.0,48.689510703435,0.45545387401938,39.2282280462408,39.3536,49.3556902392447,5093.20319702187
IRN,2015,10.0916014141126,56.3719593551977,100.0,49.7102427958867,0.500987695412685,32.1747396532204,45.335,55.1819574554845,4952.73355532178
IRN,2016,8.44788029281743,57.8313383703997,100.0,50.6680482832161,0.70452835935243,34.3222829592861,53.2268,54.0362259638003,5312.61724954192
IRN,2017,8.49044927227644,57.8313383703997,99.9,50.7119293382189,0.983654956177998,36.1413931191139,64.044,52.2187211572302,5395.2398398598
IRN,2018,9.63092024660805,57.8313383703997,100.0,50.9920906306507,0.576106085876311,37.1484284566829,70.2006,50.0804565914419,5127.22495367018
IRN,2019,11.8081014676882,57.8313383703997,100.0,50.8459690258415,0.433347777066285,33.4149250633862,72.4509,51.6940341555612,4952.45669081078
IRN,2020,11.6933506979702,57.8313383703997,100.0,49.8044176390066,0.47769170946132,37.2091421301924,75.5699,48.8099207761974,5132.82430762118
IRN,2021,10.6344854027271,57.8313383703997,100.0,50.4237969371411,0.34982143161472,39.2258766162135,78.5957,47.7420163958042,5300.62271961895
IRN,2022,10.6950417706195,57.8313383703997,100.0,50.5016773470293,0.354893288694741,41.2187779051327,79.061,45.3409025944645,5465.31447539413
IRN,2023,10.750872506583,57.8313383703997,100.0,50.9235642909999,0.310885408088419,38.77615836267,79.6309,47.6289165729509,5687.84396330117
IRN,2024,10.8003685937198,57.8313383703997,100.0,51.2854523696268,0.304914200880697,36.0697232843721,79.6309,49.7874655706935,5834.44296939863
IRQ,2004,6.93856130624701,1.26692713974143,97.3,63.0927538831533,0.818918786960291,51.54601351155545,0.9,31.7220633285599,3354.26588756715
IRQ,2005,6.88686273542446,1.55617716768862,97.4,63.3020084388836,1.02925980764254,51.54601351155545,0.9,30.0180595268732,3310.86344473993
IRQ,2006,5.82603290514173,2.26399132037921,97.6,63.5998750179836,0.587900739517653,51.54601351155545,0.952344,33.2310996364157,3471.98744698568
IRQ,2007,4.92949827595085,2.47580446081963,98.1,64.2780541518814,1.09391286623188,51.54601351155545,0.93,35.4162594088609,3565.58054079041
IRQ,2008,3.84778019548826,2.68222036334891,97.9,64.3748579291614,1.40995173662765,51.54601351155545,1.0,34.2660921070952,3781.78001712762
IRQ,2009,5.22993319137947,3.77873014813253,98.1,64.8807835976359,1.43142990859109,51.54601351155545,1.06,43.5373054440268,3768.17284328983
IRQ,2010,5.16228354680036,5.39309563014871,98.4,64.7879581352703,1.00796493975113,51.54601351155545,2.5,39.6860480275684,3881.94327045302
IRQ,2011,4.56377343749618,5.41445203995753,98.0,64.7402592048668,1.12086339764167,51.54601351155545,5.0,33.4821077639761,4030.01686860986
IRQ,2012,4.12427143758484,5.90755944993835,99.3,64.3491039405485,1.55961531280073,51.54601351155545,7.1,35.8893880581268,4387.90469058707
IRQ,2013,4.76843971585529,6.33564916159929,99.0,64.3025451926869,-0.995279210263068,51.54601351155545,9.2,37.9634247963375,4504.82687537354
IRQ,2014,4.92940777204755,6.81429545062197,99.2,64.4825074478661,-4.3599322772924545,51.54601351155545,11.6453,40.1122330492623,4446.97343234862
IRQ,2015,4.19186817517212,9.8758223889244,99.4,64.743581088631,-4.3599322772924545,45.340288824262,15.2,51.2496561823717,4440.14189252367
IRQ,2016,3.97718981146129,10.0766837568499,99.7,64.6173724842682,-3.75180911604806,46.1825020614016,19.9,50.7798718007565,4932.9272911439
IRQ,2017,2.97672780101335,9.54983973287939,99.9,64.765265367694,-2.68799428357231,51.3296814634291,49.36,47.0337230035122,4736.32710809857
IRQ,2018,2.81581764320492,8.58001733266219,99.9,64.9264494724896,-2.14854834807913,51.54601351155545,33.9,44.1911800508283,4749.00921836896
IRQ,2019,3.77000825306199,8.80896032816847,100.0,65.1269841378566,-1.31640616709339,51.54601351155545,44.3263,44.4241091757329,4898.14897652265
IRQ,2020,6.08867414692412,13.3148576834755,100.0,65.0585599706015,-1.58049696252586,39.9040972152303,53.6778,54.8196487805,4213.99843766061
IRQ,2021,3.27919752953038,11.1956027502836,100.0,64.8404047883806,-1.25770209772783,51.54601351155545,65.0022,42.6181068349405,4182.5006404573
IRQ,2022,2.05870621388374,9.54125684121782,100.0,64.5210097530017,-0.726653366772653,51.54601351155545,78.7156,33.1587203052795,4412.99733146512
IRQ,2023,3.10603121448412,12.5518993190744,100.0,65.0181172620081,-1.99474822313262,51.54601351155545,81.7291,43.6679408901657,4337.08705324182
IRQ,2024,3.39457505861722,13.9566761171787,100.0,65.0594602798714,-2.73525447039729,51.54601351155545,81.7291,45.76618170304,4180.29619477317
ISL,2004,5.2287722880465,141.48987381863367,100.0,70.3221372112793,5.40905235148605,21.3111439861402,83.88,60.2341882541868,42135.66185499995
ISL,2005,4.65967867624861,141.48987381863367,100.0,71.7778259367074,11.010544401215425,20.4017247228488,87.0,60.4397043292362,42135.66185499995
ISL,2006,4.71370483416326,141.48987381863367,100.0,72.1382337916052,11.010544401215425,21.8846027987055,89.51,58.9557544477476,42135.66185499995
ISL,2007,4.14525624981175,141.48987381863367,100.0,73.1841466702615,11.010544401215425,19.7564514418821,90.6,62.6184397154973,42135.66185499995
ISL,2008,4.84443918773815,141.48987381863367,100.0,73.392702814414,6.59629631732958,22.6306546995652,91.0,61.5631835010302,42135.66185499995
ISL,2009,5.60323353565693,141.48987381863367,100.0,75.664816857458,0.481270991693296,19.3938111719419,93.0,65.3710907478186,42135.66185499995
ISL,2010,6.22541481370984,141.48987381863367,100.0,75.9715096762306,1.84577695426495,21.855496243023,93.39,62.1190815422903,42135.66185499995
ISL,2011,6.35940252295156,134.860191549767,100.0,75.9566165499828,7.19083904863256,22.2264364274742,94.8197,61.4275346226053,42135.66185499995
ISL,2012,6.48947569648814,116.320244870751,100.0,76.2268272224192,6.85345908435807,20.9475410570084,96.2098,62.1885296541203,42135.66185499995
ISL,2013,5.79441427283695,106.388456955791,100.0,76.9190677873116,2.90937107233191,20.8890786203018,96.5468,63.1097105892852,42135.66185499995
ISL,2014,5.22442058265989,93.2716453077666,100.0,77.0331217296608,4.24755010057716,20.6391066712987,98.158,63.9201712078885,42135.66185499995
ISL,2015,5.25016602196432,86.3304492544149,100.0,77.9243352205818,6.47308431453939,19.94941842555,98.2,64.6413824972141,42135.66185499995
ISL,2016,4.53958611104236,83.0289019358564,100.0,78.6450414757955,-4.3599322772924545,19.5126644938287,98.24,65.5966757488533,42135.66185499995
ISL,2017,3.74803357222705,85.6751270718392,100.0,78.7603425751198,-4.3599322772924545,19.4710396712039,98.2552,65.6689894901616,42135.66185499995
ISL,2018,4.24664556519569,89.4921756721559,100.0,79.1772010796093,-2.33423231382448,19.7316038131118,99.011,65.2509630267277,42135.66185499995
ISL,2019,4.31813380817638,87.7115547810861,100.0,78.4906242982259,-2.22712995709055,19.5699967953928,99.5049,66.1182821819613,42135.66185499995
ISL,2020,4.60069241499649,98.409254247691,100.0,78.0106683401318,-3.98671122506617,20.4242530347691,99.5328,65.1625630589225,42135.66185499995
ISL,2021,4.19210472871823,99.5228207903758,100.0,76.9958460207364,1.52832650765088,20.8451221479382,99.687,64.7448152680387,42135.66185499995
ISL,2022,4.0879858932462,93.0637783457122,100.0,77.9519664790404,4.74021987239207,21.4503791547989,99.8082,64.4414035899052,42135.66185499995
ISL,2023,4.18531065954127,88.3542234313203,100.0,77.9753224412096,5.95630440129812,20.0165908882214,99.8301,65.3769109593883,42135.66185499995
ISL,2024,3.98201137564491,90.9015313312732,100.0,77.885485109651,8.11751049330284,20.0940830059377,99.8301,64.8920846344191,42135.66185499995
ISR,2004,1.61692444844401,72.0128329445673,100.0,78.706532469466,2.10420736029139,20.5600049745173,22.7705,67.3435928085763,28883.247588548
ISR,2005,1.87834313014638,74.5926339832096,100.0,79.2304166370549,3.26627070729098,21.2815520903908,25.194,66.4381457928712,29623.7172812577
ISR,2006,1.81906318672985,72.6119912753129,100.0,79.5474758662904,9.05944013221796,21.583247837902,27.8811,66.4997468232451,30734.9619835354
ISR,2007,1.74717094647667,65.7399933230551,100.0,79.3416060737803,4.76393877718242,21.8363414090712,48.1281,66.169199829256,32103.1628576567
ISR,2008,1.80943795765309,69.0121716122564,100.0,79.3744301820786,4.64409119960907,21.3620647541489,59.39,66.6168416014614,32554.0413211945
ISR,2009,2.14139661336725,65.0748073576816,100.0,80.6847382433334,2.15877755898524,20.6116501009124,63.12,67.1933730455872,32178.5727387015
ISR,2010,1.82975876400948,66.9353545932834,100.0,80.8380636224154,2.91418894955553,20.8142494931167,67.5,66.8073454381095,33344.7213294093
ISR,2011,1.85000171535157,67.3742050777583,100.0,81.1691292260373,3.22758725723671,20.1347126935193,68.8739,67.5742463422278,34540.6749784398
ISR,2012,1.4926299498497,66.2660468804081,100.0,81.4010037961,3.42096752579402,20.4568472081077,70.8,67.9642024448898,34738.6587001
ISR,2013,1.52142807731562,64.6741387060083,100.0,81.0221165129789,3.96752765564861,20.5672452681451,70.2503,67.6558406489673,35489.5086561247
ISR,2014,1.3878333514616,64.9406090311312,100.0,81.2067854572559,1.9201815482971,19.9174851566845,75.0178,68.1297878667769,36129.3146105805
ISR,2015,1.4205563555958,65.7174213698368,100.0,81.4047197250832,3.73553271836246,19.9747306038652,77.3521,68.2995655495163,36213.1041481958
ISR,2016,1.45144669238151,64.7280770833528,100.0,81.4837266336144,3.72366398162517,19.1238077128283,79.6531,69.1522281136475,37093.7879065422
ISR,2017,1.43332361550204,64.6451089520793,100.0,81.6154692459717,4.71262751632939,18.564684688678,81.5812,70.3290660609826,37963.0491190696
ISR,2018,1.38933071555976,65.4861679257107,100.0,81.9782374511816,5.71739368118438,18.8202979612975,83.7332,70.2311874351943,38729.6426036983
ISR,2019,1.34643940764737,64.4510008112366,100.0,82.6819903887717,4.33363467004394,18.9233446958735,86.7879,70.5181067774691,39407.2016076709
ISR,2020,1.36656606491536,67.9621912366011,100.0,83.2930944204726,5.1047506129271,19.4382959029959,90.1273,70.3061114030538,37935.5432717179
ISR,2021,1.32603835479545,69.1844619109808,100.0,83.2526581611004,3.86849852798664,18.8400586353819,90.2969,70.7410571741361,40804.9689802536
ISR,2022,1.1618336562619,70.1421605731468,100.0,83.5037474343924,4.35725962102686,19.4269429799466,91.8508,70.3167224788312,42135.66185499995
ISR,2023,1.28614593929466,69.5545496625765,100.0,83.7639192031524,3.15712318737314,18.5022962917969,87.0384,72.1468413146559,42011.6213954855
ISR,2024,1.28207722826492,69.5545496625765,100.0,83.9434795008134,2.73472411141711,17.3458552066585,88.1824,72.5367368776929,41845.1660567523
ITA,2004,2.34229627595505,67.4938632024209,100.0,65.0255208419331,1.10881762156492,23.0557086867301,33.24,64.6815651520198,33348.9744820456
ITA,2005,2.03006110909468,70.5936221522486,100.0,65.117483790243,1.9711754818286,22.8922792357491,35.0,65.02391377712,33407.6754716472
ITA,2006,1.94158568418969,75.4232323557397,100.0,65.6768696095385,2.91006549515942,23.0039063656952,37.99,64.4423662008526,33873.0493680093
ITA,2007,1.89414967924379,81.4531164394226,100.0,65.9017762963661,2.9684958153757,23.4052972949308,40.79,64.324004009337,34159.9109244074
ITA,2008,1.87300893559166,83.3822670885069,100.0,66.5003066718546,-0.393031898243064,23.2117440039014,44.53,64.9396356603088,33550.6340800063
ITA,2009,1.80208177882956,87.1861669932861,100.0,67.0704802264505,0.751632233908177,21.3840948097691,48.83,66.8187271211764,31587.0638416305
ITA,2010,1.76928173132246,92.6676294931465,100.0,67.6227259610388,0.462974196548407,21.369080166955,53.68,66.4497865718155,31928.5543621096
ITA,2011,1.84910093882918,93.5718818734975,100.0,68.030685989836,1.49396922230512,21.2407342221272,54.39,66.2096070490808,32039.5032494316
ITA,2012,1.90886941227517,93.2686875516145,100.0,68.725189348861,0.0016635941816028,20.7948320119101,55.83,66.4231181546189,30953.4147447427
ITA,2013,2.05779366637333,90.3656642019387,100.0,69.3516758233459,0.907076904789878,20.6001539419293,58.4593,66.5056088758581,30330.0221599668
ITA,2014,1.90848213125891,88.187471051349,100.0,69.4555366858576,0.783743281747353,20.1870844682284,55.6385,66.7725633816902,30325.0287793923
ITA,2015,1.99152552817849,86.9158529570859,100.0,69.6483296752598,0.720886367724088,20.2895283210976,58.1417,66.682063975246,30639.8829751432
ITA,2016,1.84915248302101,84.4917347012215,100.0,69.9932195229982,1.35957350873308,20.6626457226581,61.3243,66.3771213146536,31077.6792675211
ITA,2017,1.89343264776643,80.4167170633531,100.0,70.2144001191583,0.44334154868577,20.7926142437946,63.0773,66.2798589618875,31635.52277108
ITA,2018,1.85755612561626,76.4482228153834,100.0,70.1698419626902,2.10769610409512,20.9865490224579,74.3872,66.170569852449,31819.3971830067
ITA,2019,1.81866879873849,73.4404069738438,100.0,70.2347505303616,1.77066894209208,21.0122984359559,67.8507,66.0942211230759,32180.4341017428
ITA,2020,1.9280162015612,82.6528242104143,100.0,69.5666378030234,-0.893869914296462,20.9642039077686,70.4834,66.7072551997983,29469.7989238626
ITA,2021,1.83339290794707,76.0051221503914,100.0,69.3103608911394,1.20474315612308,22.5572771105288,74.8623,64.8364560164046,32267.7091050201
ITA,2022,1.89037175125669,69.5868608578087,100.0,69.3415735737185,2.94181405797187,23.2791441111799,85.0607,64.5973224396351,33891.8866526216
ITA,2023,1.85975769551569,63.1270384971691,100.0,69.7681231887873,1.8137542726883,23.6677353518388,87.0278,64.3071085027142,34239.6554751239
ITA,2024,1.99727734716288,60.3701258499539,100.0,69.890477971121,1.13001784266315,22.3316588315233,89.2207,65.0483624576143,34495.2545799636
JAM,2004,4.98216525525125,20.0058261236853,87.2,61.5025876306273,5.49763452709418,22.2583396101571,10.0,64.2416981310858,5507.20135110043
JAM,2005,5.18624085360629,20.9780756444602,88.0,62.3337225542047,5.67333342894728,21.9006506006203,12.8,64.466581747768,5525.73577833713
JAM,2006,5.15582607453948,23.4390781501805,88.7,62.2203028351245,7.06060472344707,21.2201148487383,16.4,64.6583862018319,5656.66803579988
JAM,2007,4.61760640988582,27.3066857340295,89.4,62.5545539917439,6.34318590681939,21.3153996242232,21.1,64.7508220118514,5710.53878446758
JAM,2008,4.89912215623133,30.1913240242059,92.0,63.0803436872695,10.0413036123443,19.6881228419841,23.6,66.4662878316978,5639.58974873397
JAM,2009,5.47226787895058,28.6034758668077,91.0,63.0604543285426,4.00285728105842,18.0908593404592,24.3,68.1390609555653,5372.14234169511
JAM,2010,5.26899732039303,26.40566482272,92.2,63.721996516667,1.4052035043033,17.9863304478474,27.67,66.5416067752678,5271.57221477938
JAM,2011,5.64728677796925,26.795738299769,91.1,66.2865249272265,1.19599317121359,18.2490235366752,37.4386,65.8655341895153,5339.62170188798
JAM,2012,5.77144048591992,28.9883287447322,93.1,66.4009969808017,2.79145695894721,17.9938605582722,33.79,65.4468445187143,5284.00852557589
JAM,2013,5.97047963265033,29.7697687864501,93.9,66.5302904642286,3.81898294324016,18.0990659844033,37.1,64.2717387661162,5289.88438546111
JAM,2014,5.97248983885497,29.3229510546383,93.3,66.585990499367,4.18835617241287,18.3652279034414,40.4027,63.637141895437,5307.19165380801
JAM,2015,5.85612196392822,28.4748645365791,94.9,67.3223223535579,6.18152374482186,17.2364205205086,42.2212,61.7226422165952,5339.30718256806
JAM,2016,6.09832325620201,30.2517787133858,96.6,67.5705137575303,6.22844979056863,17.0837288086486,44.3669,60.9430993067356,5472.28314023034
JAM,2017,5.91066469479472,38.2460519475779,97.4,67.514165040185,5.63139063640052,17.3098108220914,55.0721,59.6293382461793,5586.1365723133
JAM,2018,5.90087317528371,40.2619240422802,98.2,67.6150221141509,4.59566903085149,17.881931896287,68.2145,59.1337209917931,5717.87621107532
JAM,2019,6.30529102020964,44.9080839791819,98.9,68.5813862884374,3.90817004443178,16.6720709416832,70.841,59.5798411143145,5814.79275311692
JAM,2020,7.72056947491963,52.3597017235394,99.7,68.2792373817075,1.76731178461616,18.0639893861305,76.384,59.0280856506309,5317.84145033966
JAM,2021,7.38278062941281,50.0226967195617,100.0,67.167306501548,2.00753132739669,18.2161735064365,82.3607,58.3464329452192,5607.45378253877
JAM,2022,6.79979684725228,46.1904521881869,100.0,67.6970986282805,1.69418617103882,17.4494491248565,82.4453,58.941665644667,5965.46127464873
JAM,2023,7.78255651221101,44.5663459970311,97.7,68.2061044031337,2.29897160435092,16.7222660185948,89.473,59.8829097334048,6127.90771263434
JAM,2024,7.96876352019587,45.1317231126657,97.7,68.6194013025245,1.38581813054415,16.4757796489003,89.473,59.9583265823094,6096.4327030963
JOR,2004,2.49786797513256,74.6988592122014,99.2,70.0738523211651,8.2092227069918,24.7957581974811,11.6587,64.3513082598969,3935.15704743447
JOR,2005,2.75835798153626,88.0918929819844,99.0,70.4198879704424,11.010544401215425,24.9215738997938,12.9329,65.0443667652595,4151.61313015439
JOR,2006,2.58350975139105,91.7685988347041,100.0,70.893627883232,11.010544401215425,24.8496543455046,13.8671,63.7999512898814,4209.86864014361
JOR,2007,2.53146818560253,91.6320592187152,98.8,71.2388382653217,11.010544401215425,27.5444511305466,20.0,63.1399767543462,4287.35229821209
JOR,2008,2.87730028271515,78.4345636727236,100.0,71.5123297914777,11.010544401215425,29.6449857442188,23.0,58.7905592630613,4489.95545537311
JOR,2009,3.23670988202659,73.3197634332712,99.4,71.9559159094711,9.83417874476547,27.7593449666661,26.0,59.7286781481598,4615.23067817324
JOR,2010,3.57519109394284,71.2547588240457,100.0,72.4844600446282,6.22247566973912,26.2668286391472,27.2,59.1152821637538,4621.5742854131
JOR,2011,3.50500327354367,71.8259479340805,99.6,73.0652267180609,5.03335872688489,26.7946694331519,34.9,58.905338980586,4631.67703841605
JOR,2012,3.30511928769937,71.2890289167952,99.5,73.5508892965021,4.89480688682321,25.8078043078824,37.0,60.2740705401065,4677.47613977192
JOR,2013,3.58301864444177,70.5272251240948,99.7,74.0904087221227,5.64977168714588,25.6406605947577,41.4,60.4143618522153,4556.52023716712
JOR,2014,3.96844457372356,66.6639415522239,99.8,74.7236049396178,5.91204890205889,25.5087965588519,46.2,60.0883163094394,4282.11872849239
JOR,2015,4.39226865861151,66.7111710317066,99.9,75.4090602023503,4.14720229174937,25.2328062594007,54.22,60.1407620756871,4042.75678097555
JOR,2016,4.50634129998352,70.9530803561467,100.0,76.0157641042139,3.89285142868971,24.6693119626594,56.15,60.6938974836959,3933.14704611068
JOR,2017,4.44200042789941,74.4929698437643,100.0,76.4756704093343,4.87814133167977,24.5139698529782,64.5,60.3679183488979,3940.70199181145
JOR,2018,4.38084392944674,75.6212145728557,99.9,76.6016381987018,2.20177686575576,24.0778332538588,65.2,60.4766455270866,3928.77026821205
JOR,2019,4.37193790468563,76.8998139579809,99.9,78.2054585617772,1.63970565115643,24.1116880393062,70.0847,61.2229700766062,3919.06426916073
JOR,2020,4.64657447164546,83.1365317979583,99.9,79.1208996535678,1.73975978294192,23.5538100159112,78.4178,61.7764845713797,3806.87949354914
JOR,2021,4.78675277704391,81.9629622069253,99.9,78.3075439873341,1.34316062049226,23.4204240200794,86.0,60.843839640665,3874.32714084633
JOR,2022,4.81784457116001,84.2333003504334,100.0,78.3730304716286,1.97382535440765,24.4882015845826,90.5,60.4423893118368,3909.80228869045
JOR,2023,4.81197818811884,81.8151952854052,100.0,80.3522103383423,3.92718313792336,24.7963140068339,92.5344,60.7775742112037,3958.23043952182
JOR,2024,5.06726012545217,80.1570512555613,100.0,80.5257087286844,3.06387579665258,25.1350172397528,92.5344,60.3920761551012,4016.83429143296
JPN,2004,1.23095748420526,141.48987381863367,100.0,67.2386960180522,0.153847735604894,29.9669305435635,62.3939,68.9896824882617,32515.1158024695
JPN,2005,1.11162940578642,141.48987381863367,100.0,67.8416072048561,0.113001254131506,29.8717070448265,66.9211,69.4739647063861,33098.5474664881
JPN,2006,1.08249674589504,141.48987381863367,100.0,67.8871466507358,-0.0520879011005226,29.6655718124813,68.6853,69.4497937291725,33531.518563066
JPN,2007,1.05336413232639,141.48987381863367,100.0,68.1214893867863,0.472322726975046,29.5972958103344,74.3,69.5604171252242,33990.0360341367
JPN,2008,1.05410176653648,141.48987381863367,100.0,68.652490446501,0.48220858946511,28.7829764402439,75.4,70.2614584639798,33557.6454041595
JPN,2009,1.08231650645818,141.48987381863367,100.0,69.3381151442183,0.231146374633735,27.1112122235818,78.0,71.9107064636731,31651.0837739562
JPN,2010,1.10828108130349,141.48987381863367,100.0,70.0547294074661,0.12920448958805,28.3359701667911,78.21,70.5441965333058,32942.2020783835
JPN,2011,1.08027176258707,141.48987381863367,100.0,70.4131193366535,-0.0136482744839263,26.7014360671016,79.0541,71.6911224449386,33011.1342301291
JPN,2012,1.12285396244805,141.48987381863367,100.0,70.6286161291871,0.008720201501896,26.562641428228,79.4964,71.7471232811569,33518.4449368599
JPN,2013,1.06671782970179,141.48987381863367,100.0,70.9247554935138,0.204293384186424,26.6507450551464,88.2194,71.6207726116305,34239.8862473488
JPN,2014,0.996605700341743,141.48987381863367,100.0,71.0612932885343,0.403354543401035,27.3136267349767,89.1068,70.8840213488149,34386.9058552671
JPN,2015,1.03412007048647,141.48987381863367,100.0,71.3122063874196,0.118161987748241,28.5837114240167,91.058,69.7955308631099,34960.6393843385
JPN,2016,1.12498130848332,141.48987381863367,100.0,71.74478891057,0.818481615264516,28.6299476490573,93.1827,69.8870573141604,35242.199377148
JPN,2017,1.12844054943922,141.48987381863367,100.0,71.8207570774402,0.381319638034272,28.8824260088632,91.7265,69.5357755666973,35861.9728545672
JPN,2018,1.044248235947,141.48987381863367,100.0,72.0388444152747,0.501685482403774,29.0140076866127,88.7464,69.4031278581593,36138.5290824814
JPN,2019,1.03894744464527,141.48987381863367,100.0,72.3988075614519,0.780785313301259,28.8040848106902,92.7304,69.6276716636423,36043.7844013518
JPN,2020,1.06638425931073,141.48987381863367,100.0,72.8110170425052,1.23830386396694,29.0568076109153,90.2195,69.4747111995642,34642.9718743239
JPN,2021,1.01041770067097,141.48987381863367,100.0,73.1363947306635,0.695100892094565,29.2191940850705,82.9141,69.0185642532758,35741.1601062924
JPN,2022,0.921881300110971,141.48987381863367,100.0,73.2828315340337,1.12971840820326,27.7174374582966,84.9234,70.3587115927394,36238.3294895302
JPN,2023,0.937452748505902,141.48987381863367,100.0,73.2860158386442,0.474278368651713,28.6021835997719,86.9815,69.7727958101915,36952.5150709861
JPN,2024,0.937452748505902,141.48987381863367,100.0,73.7727064050579,0.401239653950032,28.6021835997719,86.9815,69.7727958101915,37152.5636003552
KAZ,2004,7.12295798751998,37.7291069327007,100.0,49.0893650077847,11.010544401215425,35.3518419501918,2.65039,53.3800989868324,6233.29439373307
KAZ,2005,6.36952301555866,37.7291069327007,100.0,49.589407577147,4.45711144385218,37.6280181516768,2.96171,52.0218847182371,6787.4115548789
KAZ,2006,5.49583486199441,37.7291069327007,99.8,50.023642985025,9.39605595950726,39.3564557485124,3.26837,51.624997728548,7450.39687062615
KAZ,2007,5.66029151907027,37.7291069327007,100.0,49.8544122707745,11.010544401215425,37.7308974758662,4.02,54.2303277391062,8036.87599811505
KAZ,2008,5.31580324655219,37.7291069327007,100.0,50.9162443887779,11.010544401215425,40.2502455752721,11.0,52.104868253495,8216.52181589585
KAZ,2009,6.14688498650048,37.7291069327007,100.0,52.3445673477936,11.010544401215425,38.4314808509372,18.2,53.9952116833093,8218.39912556048
KAZ,2010,4.51052752955614,37.7291069327007,100.0,53.0015744265775,5.03630628288047,40.6024221199984,31.6,51.6800394874896,8704.70655484556
KAZ,2011,4.9889741557576,37.7291069327007,99.8,54.5822576873708,7.14351039762779,37.2660880953566,50.6,48.8890328062873,9223.3021336315
KAZ,2012,4.28833015629833,37.7291069327007,100.0,55.078051103185,6.56164821145973,36.3028533254093,61.9066,51.3898529954355,9531.91477617058
KAZ,2013,4.50354556962711,37.7291069327007,100.0,55.9809098070275,4.23069709209016,33.6988156382046,63.3042,53.1795606876032,9959.72586930534
KAZ,2014,4.32955246164473,37.7291069327007,100.0,58.0798258854916,3.3006311188168,33.2094258316125,66.0,54.8385964696408,10226.7100539683
KAZ,2015,4.71054741881579,37.7291069327007,100.0,61.4255042504877,3.56737402233377,30.8547873936113,70.8299,59.297627869996,10196.1226255982
KAZ,2016,4.55600427070659,33.0302298204432,100.0,63.4144839987443,11.010544401215425,31.9797903606788,74.5877,57.857435042574,10151.423313302
KAZ,2017,4.51698454026741,29.1875977429896,100.0,64.7832457072819,2.85205738000704,32.3252253010728,76.4267,57.304415099355,10404.2718646317
KAZ,2018,4.39585810287636,25.9325339763811,100.0,65.7738758391874,0.196995426846668,33.4962004017876,78.9039,55.454732268099,10670.2120148279
KAZ,2019,4.46633595812751,24.2664786023711,100.0,66.4825761836826,2.05367649290766,33.028795913527,81.8776,55.5282559332057,10989.6840718388
KAZ,2020,5.3912826934481,25.6352310952022,100.0,66.843922660303,4.21199990309163,33.0977971542858,85.9426,56.1027808941057,10565.0359816235
KAZ,2021,5.03000193996331,26.010222362402,100.0,67.2777229361142,2.31675874599247,35.2669295966944,90.924,53.9193570155211,10873.3915275276
KAZ,2022,5.24714480730074,25.0218936908865,100.0,67.7986244203723,2.25355434978679,34.9793974237581,92.2969,52.6439186616041,11058.3482413407
KAZ,2023,3.82500311361663,26.0459503517965,100.0,68.1669269347162,2.18549414987511,32.4284843310401,92.8785,56.3444686710489,11453.3952725363
KAZ,2024,3.88229151651226,27.2796795779653,100.0,68.5077877324854,0.678943746848058,32.112807813811,93.3917,57.9427973400804,11872.7842626298
KEN,2004,24.9290410875057,27.2875160327278,22.6,31.9908876144992,0.286194263505208,16.2050773387406,3.02353,50.3566785049309,1191.25443604556
KEN,2005,24.2362747002419,26.2768754700489,24.5,32.5284303869965,0.113202068934601,17.0126260396617,3.1019,50.3566785049309,1223.44738472019
KEN,2006,20.5196878049409,22.8883109960388,26.4,33.0876092065941,0.196219632064752,19.3841059353688,3.6,50.3566785049309,1263.54164666211
KEN,2007,20.5866644602991,23.0449642815856,28.3,33.6422798211421,2.28124317373484,19.3021680815154,4.4,50.2276478618764,1309.91092948216
KEN,2008,22.1963401579826,25.380611749054,30.3,33.9837011211912,0.266291327300955,18.5827717274425,5.2,50.1247655109144,1273.77226103073
KEN,2009,16.2549814662286,21.8748215770177,23.0,34.2627099256416,0.274534230856511,18.386624667775,6.1,58.4144115871026,1276.73503486074
KEN,2010,17.5677598863696,23.9866365463318,22.250000000000014,34.7173869763658,0.392164287395035,18.5746727706851,7.2,56.99824606755,1340.16467408856
KEN,2011,18.8947112249953,27.3659528452877,36.2,35.0930699818739,3.09471103381268,19.6629008334867,8.8,55.2138923736953,1370.58000874482
KEN,2012,18.8297259329446,26.4022341140294,38.1,35.6194401325621,2.44725940988928,19.26155255789,10.5,55.6497106996552,1396.30178709756
KEN,2013,18.6165515854622,28.3321722043471,40.1,36.1026199275683,1.81417037253291,19.0802591143975,13.0,56.0807083434218,1413.94142522583
KEN,2014,18.3478393393556,34.5220651778387,36.0,36.6424106527257,1.20220842439576,19.0360328023672,16.5,56.9548463607011,1450.59338202277
KEN,2015,19.4696147780528,36.6993293508397,41.6,37.0609551388433,0.883799936312692,18.8940456983605,16.5879,56.1313780292221,1489.11959777284
KEN,2016,20.0345164328349,35.5710732134397,53.1,37.5166095242734,0.627591266355583,18.1621592865164,16.6,56.4465087468317,1517.97796057742
KEN,2017,20.8936374065292,33.1505993031106,55.8,37.9149339692134,1.64083690398642,17.5035092078691,17.8271,55.8541060679002,1542.33773973372
KEN,2018,20.314910419968,31.1986897673002,61.2,38.4561325394663,0.832686217791619,17.313146131064,19.5,56.0189509830887,1596.69045914945
KEN,2019,20.8611638110686,30.8320287701597,69.7,38.8931489020253,0.468168547481475,16.9305452274709,22.6688,55.9598629656759,1645.70961777862
KEN,2020,22.7027261604451,32.1498074208935,71.5,37.493766717775,-0.0053684543935162,17.4002876322786,25.7516,53.9774355183867,1609.33414078281
KEN,2021,21.4770750957252,31.1231240199267,76.5,37.4165918822409,0.382593996518954,17.1524357767952,28.834400000000002,55.1214442175046,1698.89578271444
KEN,2022,21.0361920649933,31.2584163915549,76.0,40.2182050412647,0.691645983068062,17.5274480968435,31.9172,55.4146210848294,1747.53198804428
KEN,2023,21.4522060902205,31.7980848696513,76.2,40.6847771202981,0.472521238226254,17.1222148239844,35.0,55.4743471461612,1811.21651838425
KEN,2024,22.4728462758555,31.7980848696513,76.2,41.1825728790071,0.385110027210407,16.4676669412723,34.9762,55.3035358055896,1860.02287047776
KGZ,2004,29.9044500994693,7.0766512596091,99.3,49.9826533633403,7.93380357994973,21.6893695542269,5.09039,39.6009070414952,831.482103944381
KGZ,2005,28.4832783609781,7.94670492927595,99.4,50.3642347768599,1.73012109521201,19.9674526656306,10.5338,42.4302670387872,820.709519437592
KGZ,2006,28.6802911420992,10.5575505645426,98.9,50.5459654241817,6.422443742837,17.5544661208558,12.3069,43.3774662763917,837.138026647346
KGZ,2007,26.8802101795871,6.3510543411204,99.5,51.4409637094745,5.46786640053175,16.6822999949964,14.03,45.5406958675158,900.02796489729
KGZ,2008,23.4855331532901,13.7738524922404,99.5,51.6056506863122,7.33453630196803,20.4289120967446,15.7,45.8087821868921,966.409971184817
KGZ,2009,18.7607374707352,13.7282828488358,99.5,51.9240070095271,4.03784480909439,23.6357293329934,16.0,49.8977502063632,981.220904665529
KGZ,2010,17.4482561772443,13.6444808173144,99.0,52.1736583181152,9.86092233978431,26.2652737926744,16.3,49.3384967869844,962.764789828724
KGZ,2011,16.56531665018,11.4882726388139,98.3,52.1598137516509,11.010544401215425,27.4490880946162,17.5,47.8653557076126,1005.4831781815
KGZ,2012,16.654196378216,13.3711059406232,99.8,52.2308076253232,3.95036874399421,22.2571297250342,19.8,51.0390815511772,985.8472865972
KGZ,2013,14.6378725497812,15.6624944687285,98.9,53.3042542036225,8.34375023535304,24.843594671242,23.0,49.6332622937347,1069.78404438716
KGZ,2014,14.7186631194877,20.0519633598482,99.8,52.4700198444848,4.59301012553734,23.8882289228189,28.3,50.6119382870719,1088.58214229508
KGZ,2015,14.0607643300857,22.8152642735408,98.7,53.7328357646478,11.010544401215425,25.0780623169816,30.247,52.1498322606782,1105.65193844261
KGZ,2016,12.8344731564928,20.6133934551959,99.7,54.5049047408101,9.08868385870298,26.5464240007793,40.5,50.1483211681284,1128.3161612818
KGZ,2017,12.5145788958853,21.4014706830143,100.0,54.8680509608922,-1.39184288798722,27.3080934715766,50.8,49.9324474240762,1157.18275758067
KGZ,2018,11.6752864842384,23.3748120920843,100.0,55.2448016812366,1.74369178553725,27.4785136821163,62.8,49.7676969702079,1175.0712778747
KGZ,2019,10.3739026248931,23.30019174134,99.9,56.438344467347,4.3096066288398,26.5803149529246,64.1,50.3261850794905,1201.87701429721
KGZ,2020,12.1696556730884,26.6168221726631,99.9,56.3149037185476,-4.3599322772924545,26.9042468476068,72.0,50.6891009156643,1093.32856461422
KGZ,2021,12.4122330298243,24.1631715005894,99.7,55.9826983329652,2.44569276771409,23.7483015677374,77.1177,51.036010149015,1132.5546781282
KGZ,2022,10.9968056651977,20.7968569789079,99.7,56.4512510286438,0.451992680624909,24.1941421977643,82.5991,51.0155429673593,1212.17812721768
KGZ,2023,9.49216108207808,19.9450057285295,100.0,57.2271667203738,1.04737270916902,23.5839337797005,88.4701,51.299348443838,1298.25724482211
KGZ,2024,8.60760362906387,23.1629552991392,100.0,57.5034772397002,4.03548948093475,24.7426957796029,88.4701,52.1398197179977,1391.68404329929
KHM,2004,26.6286627547039,8.18815770495118,22.250000000000014,23.6020900627194,2.2337173477841,27.6802685813967,0.300437,39.4440355684958,775.847139030978
KHM,2005,27.4457888917427,7.99396282488354,22.250000000000014,24.7014527626642,5.36603852621255,27.4192470160455,0.317322,39.3541365970232,866.340290123209
KHM,2006,26.2857429362019,10.4471373960597,27.5,25.8762051493829,5.78657071926189,29.0700225848228,0.468357,39.1127580064829,947.065220050691
KHM,2007,25.4656283422573,15.5303740236918,22.250000000000014,27.1526619169617,8.56334609470361,28.1400350776131,0.49,39.1671077567889,1030.23117620792
KHM,2008,28.0340869915092,19.9475689912403,26.4,28.4051350118975,6.69590818514056,26.0495966887473,0.51,39.4864614805622,1090.57475806147
KHM,2009,28.0893239418879,20.4608476270489,25.6,26.3379421160864,7.42542554520067,25.5665162922046,0.53,39.7876010219043,1117.25834194514
KHM,2010,27.8742916555508,22.4361253557847,31.1,29.2410557377919,10.169807189939,26.0088985136981,1.26,39.7207719064236,1155.85236856699
KHM,2011,28.0358544598065,22.6086429598106,37.4,26.9805179010436,9.59845134883877,26.6606926732023,3.1,39.0826288683331,1221.38839852454
KHM,2012,26.7953499375283,30.5425881520531,42.3,29.0426647890614,11.010544401215425,27.6110297650086,4.94,39.4003358287519,1295.25271477893
KHM,2013,24.447155140413,39.9894575353834,50.9,31.1946604215913,10.4430587644193,28.9581198037895,6.0,40.4061547515332,1376.29557595926
KHM,2014,22.1938152404445,47.4846013792973,56.1,30.2358663135732,8.40902020300656,29.9169916479613,14.0,41.6886643787156,1464.53115866927
KHM,2015,20.1408488554582,55.4895476723686,62.7,32.6102017562834,7.54029662001984,31.4639051712341,6.43319,42.2063048789912,1547.32010444393
KHM,2016,18.9079815555917,61.5608886370159,68.8,36.696322866151,9.32318507305764,33.0562094608004,32.3985,41.7636314521345,1645.46671578126
KHM,2017,17.8681771583586,65.4627205323548,89.1,36.3027275126302,9.49760203098743,34.2980809169165,32.9003,41.4183127540152,1753.93530504662
KHM,2018,16.4979479082228,73.8164269734727,80.7,35.9839108164185,9.69240300027112,36.8714237524226,42.6031,40.2202510794724,1884.28374817086
KHM,2019,15.4385065177157,84.3236738579749,84.0,35.658762651713,9.98500044202808,39.0455946521572,52.3059,39.1377249484506,2008.32094006706
KHM,2020,17.0396522911435,103.732769960087,86.4,37.9549737883533,10.410239809326,37.4576122779361,53.6508,39.1436352494164,1908.63427518336
KHM,2021,16.9044143710096,121.842231182128,82.5,36.4540258308825,9.4684591111041,40.3205085730071,57.9592,36.4869248742341,1938.76436741728
KHM,2022,16.5440859884848,132.817046084495,92.3,36.765430397567,8.94830125779534,40.8649626222158,59.6606,36.3854761335897,2011.27433313262
KHM,2023,17.0784472455351,130.129720395296,95.0,37.1323568741375,9.35096701989758,40.5173741615592,60.7171,36.1518032053909,2085.05748462122
KHM,2024,16.576872609135,124.659765749466,95.0,37.4015058521057,9.48089832015712,41.7506561774631,60.7171,35.5947222438947,2182.71843902341
KIR,2004,22.6130628192732,32.8688540294339,62.4,49.9543541630426,1.87697867593672,8.95312920919141,3.5,63.4678709104852,1378.9582420937
KIR,2005,19.9785633659329,33.7215866396037,69.7,50.3642347768599,2.28808112178245,8.42015582448247,4.0,64.8679710349696,1368.99716100101
KIR,2006,21.629619313767,34.8081787114827,68.8,50.6231769549281,0.506000711616138,9.76537798158119,4.5,65.8064075025563,1419.38709899471
KIR,2007,22.6952247259956,37.7291069327007,67.7,50.6590283450837,0.835207086847366,11.3340080213383,6.0,62.2164343902892,1433.3573454448
KIR,2008,24.6515028674001,39.431944966087855,69.4,50.9593888378512,-0.86226187796661,11.0150397953615,7.0,63.0035230470424,1361.83587176171
KIR,2009,26.6757157326737,41.32547358889725,64.2,51.6048881399569,3.56373391370914,10.5783627345128,8.97,61.4868706520033,1340.27593200253
KIR,2010,24.6569946903248,42.195981646899696,63.2,52.5390147086811,-3.99041060819927,11.9776131472528,9.07,62.8655191985669,1328.78764145125
KIR,2011,25.7140622476367,42.449202388170605,74.9,52.6145323962141,-0.177954446979993,13.2156381400186,10.0,60.6301794980662,1348.06011226744
KIR,2012,25.2322476766993,43.24887542568235,76.7,53.1341994600021,-1.15262125678328,13.4930209021933,10.7468,60.3834756097529,1405.50280446236
KIR,2013,23.6658767644122,42.30243639204765,78.8,53.5430702246149,0.415473344082877,14.3769824347141,11.5,60.4059371269253,1493.49134858915
KIR,2014,25.2959324632137,43.742921585242954,83.4,54.1410067239807,1.31418451065811,14.115070360461,12.25,60.4057847268205,1492.8506819325
KIR,2015,22.9196558548307,47.51686846027865,90.6,54.4112830836989,-0.427973964466896,14.7267735467294,14.9,60.1257553564511,1639.85274740652
KIR,2016,27.0676830423644,47.0982594371968,92.6,54.5049047408101,0.875179449056022,14.6506389824021,19.4194,60.6899418609663,1731.43693824902
KIR,2017,31.0321353962347,45.600325891793204,85.7,54.188247670037,0.352123235920718,12.4167579233588,25.3096,61.8480869743744,1769.51191332519
KIR,2018,26.8094183340618,45.86608163933535,87.5,54.7593556383935,-0.490061067482829,11.0818123847419,32.9864,62.6799649634935,1803.94864980951
KIR,2019,26.9783472046262,46.1406537653286,89.3,55.8657560901886,-0.257289445431518,9.56440607223913,39.5737,66.9541660211934,1835.21963082467
KIR,2020,26.9646503707969,51.46377338764225,91.0,56.0999877808229,1.18792048651839,9.86434176063188,51.680275,66.5038862549563,1777.0447605811
KIR,2021,24.7156302819661,47.77472256475425,92.8,55.305223900281,0.36155661211342,10.7795268669017,63.78685,64.2239342429592,1893.52661599343
KIR,2022,27.4729810409509,45.7439409376828,94.4,55.997466048887,1.58130645815643,10.6026974808208,75.89342500000001,65.0135840829881,1948.24312238625
KIR,2023,27.1870061420609,45.427065277604356,95.9,56.4243401985256,1.77076659064425,11.4550652843384,88.0,67.1060228718493,1968.80973802094
KIR,2024,27.1870061420609,45.49182954994115,95.9,56.8251366111918,2.62220169231084,11.4550652843384,88.0,67.1060228718493,2041.87601786956
KNA,2004,1.78207404484777,54.6902376829384,96.3,49.9543541630426,9.07455659677946,22.7029949657687,24.7377,67.946778895684,14619.795111247
KNA,2005,1.66096991437951,54.4590341466716,96.5,50.3642347768599,9.90185105493234,22.2498223290128,34.0,68.8226335916613,16000.5658929826
KNA,2006,1.18856039358131,51.6980665777737,96.7,50.6231769549281,11.010544401215425,23.1516391558233,38.5,62.4362039634006,16457.8622372067
KNA,2007,1.15524939953897,54.7394240947412,97.0,50.6590283450837,11.010544401215425,23.2344833885883,43.5,64.1501931684461,16508.1437081315
KNA,2008,1.22394357477247,55.0816994242226,97.3,50.9593888378512,11.010544401215425,21.9404982450459,49.2,65.0976059282683,18325.7612670282
KNA,2009,1.12219809235891,58.8446525778029,97.6,51.6048881399569,11.010544401215425,23.2274914615363,55.7,65.7275153788017,17671.2547069735
KNA,2010,1.26846576046116,60.2166427273679,99.8,52.5390147086811,11.010544401215425,22.5446364872963,63.0,65.8023152948339,17688.0690103409
KNA,2011,1.33469179826796,58.4331878889898,100.0,52.6145323962141,10.5862643242429,20.9395556933708,63.2,64.8931316308224,17958.6813977053
KNA,2012,1.16601837961175,59.1834278065739,100.0,53.1341994600021,11.010544401215425,18.6845911299958,64.0,67.6537697967103,17770.4963640576
KNA,2013,1.08373424583277,55.3580261553056,100.0,53.5430702246149,11.010544401215425,19.7121899986448,64.6,67.0665910014907,18773.8926898397
KNA,2014,0.937876842883261,52.3613412689151,100.0,54.1410067239807,11.010544401215425,21.3786128291905,65.4,64.7753530166881,20187.8061975481
KNA,2015,0.848520023215322,53.8785064809441,100.0,54.4112830836989,11.010544401215425,22.7382472431805,66.2,63.8719288063455,20328.8003530109
KNA,2016,0.789799919806063,51.4686526315015,100.0,54.5049047408101,11.010544401215425,24.5143300679441,67.0,62.8492390772547,21133.6575914414
KNA,2017,0.902993860903204,49.2745914276904,100.0,54.188247670037,4.54372053093376,26.2859866005102,67.8,61.9232332576458,21191.6047083703
KNA,2018,0.916165522176504,49.170118485695,100.0,54.7593556383935,3.72038789959679,24.5506901344489,68.6,63.3502827968679,21635.4972146482
KNA,2019,0.899635933284524,48.5172889900743,100.0,55.8657560901886,5.63784923158187,25.3018009434309,69.4,62.8364441145891,22297.7644995701
KNA,2020,1.12671217092169,61.5059980977042,100.0,56.0999877808229,0.321150763222841,23.1359387242886,70.2753,64.1840450182059,18918.8263456611
KNA,2021,1.23971220042445,68.1809358662457,100.0,55.305223900281,2.23512681815828,22.5775143640975,74.3716,64.8584295253377,19031.8211910603
KNA,2022,1.18610039775686,63.0959748816919,100.0,55.997466048887,4.1869384420309,21.7505830496705,75.5566,65.0977787505755,21050.758653729
KNA,2023,1.3967146856778,61.7075986050395,100.0,56.4243401985256,2.82603990513145,21.3250720986857,76.4208,65.4747286212486,21664.0333984701
KNA,2024,1.28792753551453,63.7069742117507,100.0,56.8251366111918,3.74957950139418,20.8513587091026,76.4208,66.1311026415219,21692.2406392872
KOR,2004,2.83577440437347,101.992541192444,100.0,64.1636563278537,1.61486572889407,34.6033711629612,72.7,53.687155797211,21244.8136800528
KOR,2005,2.50593990708172,106.121988835135,100.0,65.0994911989133,1.403996477148,34.0824608322854,73.5,54.4153166953969,22123.7613066851
KOR,2006,2.3878051747446,117.535674488688,100.0,65.8984788987711,0.836569086676283,33.5291229527825,78.1,55.152768118836,23162.1860111297
KOR,2007,2.17912737068276,124.027715958864,100.0,66.5675008548912,0.722975995794071,33.4934744112004,78.8,55.5065734495518,24391.7651013448
KOR,2008,2.04179163138255,136.196660706156,100.0,67.1983963777707,1.02488987542862,32.5801769931808,81.0,56.5890054547363,24934.5396367691
KOR,2009,2.13804528061097,132.599106034348,100.0,68.1693135482432,0.917731561520283,33.0718219588777,81.6,56.2870631890006,25009.9148311999
KOR,2010,2.0444228836758,124.679568065827,100.0,68.0550958104192,0.796207328344812,34.4083287071276,83.7,54.8789736739052,26623.0487122927
KOR,2011,2.10765665250747,127.08181388669,100.0,68.4328760201358,0.747683727442323,34.8688946576209,83.7591,54.6912359976241,27393.455357272
KOR,2012,2.08215187594443,125.135860183943,100.0,68.8844421970112,0.711120351080011,34.7007966708538,84.07,54.980397416291,27944.0564190045
KOR,2013,1.99508166521127,122.756788077341,100.0,68.8260077369321,0.889863368558993,35.1987111905484,84.77,54.9344398143733,28732.711152033
KOR,2014,1.95176665660859,125.488630227146,100.0,69.0122724528392,0.595893048504325,35.0245177739824,87.5568,55.1954830462876,29470.6732991655
KOR,2015,1.89858430952633,125.858810840683,100.0,69.465359459589,0.266636382581676,35.113231110723,89.8963,55.1116628446164,30171.7906545222
KOR,2016,1.73945648142804,128.040688171137,100.0,69.9606553922218,0.766507046338007,35.226493712639,92.843,54.9765180712598,31005.4072876388
KOR,2017,1.71494254133381,129.53913562367,100.0,69.9074527909621,1.04741749331971,35.6298842658067,95.0694,54.5655362570163,31979.9027302467
KOR,2018,1.59932774432361,133.504139589217,100.0,69.801462778167,0.66781363782051,34.9767074768513,96.0229,55.3852876556229,32852.8887488942
KOR,2019,1.50689433955588,141.48987381863367,100.0,70.2789176664635,0.550202642546341,33.6464921028153,96.1576,56.9367708221081,33496.3113815643
KOR,2020,1.57795135359259,141.48987381863367,100.0,69.9825667659051,0.502554290313687,33.3563261777639,96.5051,56.9193572011009,33215.9298928108
KOR,2021,1.66515978191584,141.48987381863367,100.0,70.0491246502855,1.13577953855347,33.152604676808,97.5713,56.9003312416072,34792.9397214598
KOR,2022,1.4483461547482,141.48987381863367,100.0,70.1109264373538,1.39186469730544,32.5112580507246,97.1686,58.0714839153337,35809.0138105144
KOR,2023,1.44773871445502,141.48987381863367,100.0,70.684251824038,1.03221435142435,32.5234690063974,97.416,58.8846232184384,36347.7036392553
KOR,2024,1.45825105459538,141.48987381863367,100.0,71.1441056814925,0.811874572082119,33.9025438024037,97.8956,57.5005082410932,37048.4264001496
KWT,2004,0.404756603698185,56.3645435498696,100.0,78.3472235437668,0.0399618649631494,51.54601351155545,22.9271,47.0401906716711,37918.5405829238
KWT,2005,0.301358018412085,50.9326670396555,100.0,76.6028345832604,0.289490192089246,51.54601351155545,25.9261,47.0401906716711,40451.2551656974
KWT,2006,0.236515719642342,49.9541424184326,100.0,75.4196469857986,0.119445435810722,51.54601351155545,28.7912,47.0401906716711,41137.969927672
KWT,2007,0.213317127370276,59.5793877338048,100.0,74.1027687608609,0.0972971788343997,51.54601351155545,34.8,47.0401906716711,41113.8693942735
KWT,2008,0.160020999601209,57.2649281419896,100.0,72.3454026534677,-0.0040383793398518,51.54601351155545,42.0,47.0401906716711,39852.5129115699
KWT,2009,0.262327765426512,79.0719269941829,100.0,73.2004875508358,1.05086514387032,51.54601351155545,50.8,47.0401906716711,35124.0853941026
KWT,2010,0.451728985475114,74.6393830657528,100.0,73.4090347125646,1.13036730425536,51.54601351155545,61.4,47.0401906716711,32568.4981754501
KWT,2011,0.438835825324165,60.8062581893838,100.0,73.1758256338504,2.11573865053542,51.54601351155545,65.7691,38.8294818780374,33545.346271839
KWT,2012,0.359874300848834,55.7433682729455,100.0,72.8808216001988,1.65046109668041,51.54601351155545,70.45,36.780475654361,33578.3309651964
KWT,2013,0.355177608949371,59.751887354111,100.0,72.8787179200292,0.823130244872496,51.54601351155545,75.46,38.1405373589437,32311.1800008536
KWT,2014,0.450636106109894,67.6407157377814,100.0,73.0057640453209,0.298681408941651,51.54601351155545,78.7,42.1708386044131,31073.1537300624
KWT,2015,0.537729008869637,98.5107903934076,100.0,72.909060302524,0.248414926379679,51.54601351155545,82.0,58.4383547268602,29882.2126495698
KWT,2016,0.518592131185869,105.186812834562,100.0,72.8095375020939,0.266918369047007,51.54601351155545,85.6,60.710435050585,29454.4426388829
KWT,2017,0.525092139249465,98.699107218372,100.0,72.7776426562893,0.0936402094114043,51.54601351155545,98.0,56.789146483868,27048.3706935958
KWT,2018,0.44590687116951,90.6280713315415,100.0,72.9779711278391,-0.0154187787915342,51.54601351155545,99.5988,51.7512772593754,26706.0191660864
KWT,2019,0.370434138380291,91.9570581282983,100.0,72.4294228604942,0.366059041832984,51.54601351155545,99.5427,54.6024842626311,26580.2264741607
KWT,2020,0.496326689989677,91.9570581282983,100.0,73.1722488510042,-0.502546857177857,48.4612101735294,99.1059,66.9624896439687,25541.5378987908
KWT,2021,0.473024818982534,91.9570581282983,100.0,72.686641020989,-0.183575378772919,51.54601351155545,99.7,53.4881361305761,26203.2617257856
KWT,2022,0.402460238899801,91.9570581282983,100.0,72.4679238289394,0.409943823254395,51.54601351155545,99.7237,44.820980636545,26579.8321646876
KWT,2023,0.468735596188185,91.9570581282983,100.0,72.8453906954066,1.27859898143139,51.54601351155545,99.7473,52.0739013795774,24716.196765637
KWT,2024,0.492980678536301,91.9570581282983,100.0,73.3523054142385,0.383567812220823,51.54601351155545,99.7473,55.8544139729526,23867.826500295
LAC,2004,5.35116383240437,20.4161829940984,92.689959545234,59.519887603808,2.84852056009035,29.0270732934965,16.2,56.3897237475779,6762.11459440306
LAC,2005,4.86573986290295,22.3906485690512,93.04014702185,59.7379712992631,2.61849917806775,28.816043033277,16.2,56.793254309628,6946.74709329377
LAC,2006,4.6158393328014,25.7173415188963,93.7685069423419,60.4239743527955,2.24009308522547,29.1269814472693,20.4,56.6658542052401,7223.70712678657
LAC,2007,4.76914741785999,29.589313317546,94.0663055310297,60.908926980556,3.14408421019559,28.3736663842399,23.3,56.9189869345535,7518.27936660187
LAC,2008,4.88663012853363,32.1411726540556,94.8911389721167,61.3034874453612,3.06458221857868,28.3604331120729,25.9,56.5096251098527,7709.18247419356
LAC,2009,4.77459854760753,34.2284375970643,95.0660550330478,61.9773955412221,2.10965553678211,26.2921174290678,30.3,58.4288451066639,7438.00793773364
LAC,2010,4.71600924922314,37.8177137092321,95.5656140241753,62.3393132106411,3.25567171186875,26.9852620584046,34.0,57.2567700056829,7849.05546645435
LAC,2011,4.81325759858254,41.3102921270074,95.9136719967164,62.6601254725916,3.21932856894743,27.3289617097063,38.7,56.8169939058556,8108.49237821588
LAC,2012,4.56553319834985,43.4970814762733,96.2882383879193,62.9350491372933,3.21077952236465,27.0564087801811,42.1,57.5767024165286,8210.27585605715
LAC,2013,4.74021016317736,45.082578277748,96.6272723274953,63.2067166326574,3.23052673127623,26.0767627748384,45.1,58.4624737681483,8349.88402062256
LAC,2014,4.72458736353747,46.1407642888964,96.7821493871975,63.394381282797,2.85893057143853,25.5356136427925,47.7,59.061060498863,8370.00694208678
LAC,2015,4.69396762842883,45.1345083467449,97.0444842543207,63.7305678817221,3.16831357090491,24.6012057193756,53.3,59.9927509930151,8308.73911709951
LAC,2016,5.18973183538432,44.2878893782065,97.2783725152738,64.1950591919722,3.37438318580737,23.7942513280376,56.4,60.4350849249063,8184.512260438
LAC,2017,4.90298849146701,44.2009445729028,97.5494520001496,64.4104751089657,2.99479672606353,23.923532686066,59.2,60.489656407171,8264.74819899468
LAC,2018,4.722943178241,47.9328678475702,97.5550235798694,64.5982713614104,3.28176693467064,24.7899549661664,62.6,60.0281633008335,8307.30884340362
LAC,2019,4.70559702302521,46.2397294238863,97.83219501534,65.1510531388779,2.86919262724439,24.6793822981221,67.9,60.2247285344451,8275.309631343
LAC,2020,5.69116972596275,49.8768457582784,97.9857774825804,64.2565012536813,2.28183120626359,24.5733619787261,73.3,59.7543533636849,7669.33977303708
LAC,2021,6.07240917636343,47.6370390644582,98.1210875680183,64.2368756118248,2.60672826221498,26.5185471419794,75.3,56.9284188994219,8145.29208280277
LAC,2022,5.781476683018,47.5668131739757,98.4626020716217,64.9714654381793,3.24286464112003,27.1905672578375,76.6,57.1824947703762,8412.36598280101
LAC,2023,5.72024554158414,47.7848932044741,98.2687443423624,65.6221741856653,2.58752296966212,26.8103369133191,79.7,57.7064968481558,8532.81169578021
LAC,2024,5.66858004923563,49.690526245048,98.2687443423624,65.9554938596281,2.74014863385705,25.9165369527242,81.4,57.9914638975884,8638.66600811342
LAO,2004,30.5213475173909,6.71332919412939,53.5,12.123122669603,0.714895049062071,19.3595097686057,0.361434,44.0601141074548,1088.76034728831
LAO,2005,28.2951353434837,7.3547831441171,57.2,12.6246298459616,1.01332132437858,23.2287895606829,0.850357,43.3904134909633,1148.68153852071
LAO,2006,26.7296699146578,5.87385055148659,57.0,13.1083330673701,5.42138961728604,26.1754512486046,1.16989,38.1438717266097,1228.08927619923
LAO,2007,25.788148677301,6.54326011608132,55.0,13.689545136108,7.66062749777557,25.3930205228552,1.64,41.6699062812217,1301.08597549864
LAO,2008,24.1764814314586,9.56628324453861,66.0,14.3573278967324,4.18200303606929,26.9497231702456,3.55,44.1080874597489,1381.73754223953
LAO,2009,24.2053770855586,17.2418186461681,67.4,15.0122588867428,5.45905949594973,25.163093788149,6.0,45.6988801729367,1463.3379666846
LAO,2010,22.5957941345194,20.9192615607493,70.2,15.6664041341671,3.90935018167503,30.4660210858755,7.0,43.5714766178165,1564.91068311647
LAO,2011,20.7912551864005,20.9192615607493,70.0,16.5103361009837,3.43702755895922,30.815970194642,9.0,41.7741927844051,1666.40086189871
LAO,2012,18.5484865737637,20.9192615607493,76.4,17.4536436459561,6.06067602678934,32.4366446720109,10.7477,40.1523222378494,1774.63585203672
LAO,2013,17.9304984280697,20.9192615607493,79.3,18.5521530332513,5.68624628337024,30.4277075542967,12.5,42.4921486144815,1890.27861294875
LAO,2014,17.8487917824206,20.9192615607493,82.5,19.6463623546187,6.53385086120159,28.815000545489,14.26,44.1576786053302,2006.31195444447
LAO,2015,17.5877596970627,20.9192615607493,89.7,20.7592256027653,7.47075777292731,27.6933442499915,18.2,44.1689693992427,2121.01339097363
LAO,2016,17.2301765948066,20.9192615607493,89.0,21.7731758005097,5.87774436155716,28.7595046372574,21.87,42.4771231213113,2234.76098741846
LAO,2017,16.1997598561979,20.9192615607493,93.6,22.9559052518719,9.87799160512334,30.91247539947,25.5104,41.5278261302034,2351.57441747595
LAO,2018,15.7091868201084,20.9192615607493,92.9,23.342344814088,7.4856486219066,31.533192488879,36.3,41.60838243206,2459.97874636195
LAO,2019,16.0503390570341,20.9192615607493,98.4,23.6326860001921,4.03149139231071,31.531381987864,47.0323,41.5143522873285,2554.95638019245
LAO,2020,16.3377623592616,20.9192615607493,99.3,23.0695516672768,5.09807193491087,32.4163678323352,54.0,41.0498993391489,2529.74622698761
LAO,2021,16.0676970155249,20.9192615607493,100.0,23.0424322229682,5.69344695957329,34.1299777246213,62.0,38.8487055906363,2556.58912640405
LAO,2022,14.8688822282276,20.9192615607493,100.0,23.2556199789363,4.69509225789707,34.1089797342112,62.7001,40.2787651580097,2589.05015191628
LAO,2023,16.1390568351887,20.9192615607493,96.5,23.3633634152757,11.010544401215425,30.5335808308347,63.6255,43.9974165114598,2648.88726608035
LAO,2024,16.771883812878,20.9192615607493,96.5,23.6880438034049,5.98958863567394,29.0463781785597,63.6255,43.534650358474,2721.07810663082
LBN,2004,3.82091029633439,78.1256871956206,99.9,71.5447748471786,8.97351609461343,14.5751663754257,9.0,69.0739947560555,6633.75258002393
LBN,2005,3.57963505822563,69.6695264463214,99.2,71.8653506238166,11.010544401215425,14.7600382336009,10.14,71.1421422568266,6707.18024635316
LBN,2006,4.46973485890735,71.8110942239205,99.4,72.2242987071485,11.010544401215425,15.008151375903,15.0,72.7943057979431,6696.37428200596
LBN,2007,4.89276661829071,74.1064201249241,97.8,72.2353671111985,11.010544401215425,15.5098773512385,18.74,70.7510991777324,7179.34520092306
LBN,2008,4.52188617992645,76.2752727111609,99.9,72.2964078394202,11.010544401215425,16.212003826201,22.53,72.4380677565016,7701.29823027979
LBN,2009,3.95087208611483,72.0446936132977,99.3,72.233127718226,11.010544401215425,15.4395167882731,30.14,69.1877288219295,8375.48851252821
LBN,2010,3.86195936751946,82.528480012555,99.5,72.539798797123,11.010544401215425,13.809376206629,43.68,71.8617767348569,8955.54336184707
LBN,2011,3.80460970714467,89.987856569182,99.7,72.7282124061712,7.85693989450406,14.506216070168,52.0,73.5399992816103,8936.20027462737
LBN,2012,3.76453077704882,89.9553302724696,99.5,72.9080592131484,7.06847166156729,15.4855197381508,61.2498,72.9665422887919,8920.8056984673
LBN,2013,3.9553991560217,93.3172929302942,99.6,73.2091004889142,5.67636791033718,16.3437962275105,70.5,72.0828493278447,8443.53856528784
LBN,2014,4.02280590517852,98.2255475847967,99.7,73.7338373480916,5.95175528625723,16.2094101272442,73.0,73.7326618919194,7830.4151113336
LBN,2015,3.28466326670943,100.566123866429,99.7,74.1922702895506,4.32469174487594,15.7051846447457,74.0,73.8065438599639,7714.1099998804
LBN,2016,2.72714945763945,103.999348177296,99.8,74.4063753088623,5.02174040562454,15.9539038084869,76.11,74.20253290968,8019.1416913426
LBN,2017,2.79291148520091,106.567725062094,99.9,74.7490982816252,4.756779140202,14.9268797796791,78.1808,75.4187807415965,8305.57405425721
LBN,2018,3.23189728304163,106.567725062094,99.7,75.2192008834658,4.84140308956364,13.8056023781184,80.9,76.9908055119369,8388.7235123835
LBN,2019,3.16909985150245,106.567725062094,100.0,75.9019558706478,3.69413245000342,12.4991181838946,81.4812,79.3126428766445,8064.04873416236
LBN,2020,3.07825000560689,106.567725062094,100.0,75.681331430119,5.06712986613403,6.63816639544826,82.0665,87.4214492992388,6440.82843092922
LBN,2021,1.40016561487545,106.567725062094,100.0,75.4108516763283,2.5929006838647,2.7586320737767,82.656,87.7410494702222,5973.41933892988
LBN,2022,1.1895732629522,106.567725062094,100.0,76.8972652016381,2.50966160641735,2.39076209975393,82.798,87.7410494702222,5909.03651555028
LBN,2023,0.966455367369224,106.567725062094,100.0,76.3636463691127,3.26435467389127,2.0863020184691,83.4933,42.3804623372256,5834.63415739394
LBR,2004,37.39843224498363,3.35211576211892,22.250000000000014,40.9419952911306,8.4004160144418,7.72698996655518,0.0310112,27.1750501672241,535.995882066218
LBR,2005,37.39843224498363,3.80967005163199,22.250000000000014,41.4214874398691,8.72519614731938,7.2181875658588,0.20446646666666665,26.7272602739726,539.665378841936
LBR,2006,37.39843224498363,4.74413233794056,22.250000000000014,42.1703063708959,9.63866591009294,7.7032618409294,0.37792173333333334,30.2998033958892,551.377446611852
LBR,2007,37.39843224498363,5.25937488093712,22.250000000000014,43.176612286791,9.58759370688019,7.92931536780772,0.551377,28.4765404224326,574.609394348543
LBR,2008,37.39843224498363,6.12664985588776,22.250000000000014,44.0906720914927,11.010544401215425,7.0949594438007,0.53,27.7257821552723,591.185378141907
LBR,2009,37.39843224498363,7.9469631760414,22.250000000000014,44.8461113562143,7.22870048206176,5.00973981900453,2.0,36.9545135746606,603.256211077605
LBR,2010,35.9187152152152,9.36698515953382,22.250000000000014,45.9590638571658,11.010544401215425,4.99961461461461,2.3,52.5302337337337,621.783295071575
LBR,2011,35.9187151793161,10.3742636363462,22.250000000000014,47.0673123879947,11.010544401215425,8.30011676396997,2.5,49.3673565471226,646.908727016597
LBR,2012,35.9187147650069,10.0467756206278,22.250000000000014,48.4079078364232,11.010544401215425,14.5889259761557,2.6,34.5571020921947,674.360011422232
LBR,2013,35.9187149834944,11.8207741493068,22.250000000000014,49.960223532398,11.010544401215425,19.5182541497806,3.2,36.7766177374964,717.007280358975
LBR,2014,35.918715038076,11.4404481833926,22.250000000000014,50.1716882858308,11.010544401215425,18.554810004303,5.41,40.7273599259933,707.157694930142
LBR,2015,35.9187152008861,12.7449494275786,22.250000000000014,50.5216561838615,7.21023781604438,16.8248454785241,10.0,44.5122901827187,692.590082351257
LBR,2016,35.9187135102446,13.0206645953549,22.250000000000014,50.4686199499045,9.1719033259717,13.7704420019235,15.7,46.0395120131722,668.031513175601
LBR,2017,35.9426159185731,16.7523537949631,24.2,51.1559534434797,7.30948578439651,15.4416514284322,16.3,44.2886245963006,671.260899835355
LBR,2018,35.4966999096751,16.9764079051885,22.8,51.0446993587661,3.77268493884788,16.9238649522893,17.2777,42.9373526844517,665.875439637137
LBR,2019,36.4371513224574,14.3078715677321,23.1,50.2931750850288,2.61121194879185,16.9896070200098,18.3141,41.3512545877187,636.699384824869
LBR,2020,37.39843224498363,13.418605423168,27.6,48.5095078540971,-2.96003538007919,16.8438326901547,19.4126,38.8263231219741,605.025475431411
LBR,2021,37.39843224498363,12.8996951357409,29.8,48.0941405009292,-1.11842850292887,19.1148297227238,20.5771,38.4012084088197,621.927983063426
LBR,2022,36.2030463526172,14.787430409394,31.8,48.5507855339067,3.09332516183889,20.6885472727514,21.8966,37.3426880514025,638.005183858289
LBR,2023,34.5650022779043,14.787430409394,32.5,49.2130157347932,7.11347042965831,23.3467448747153,23.4979,40.4903758542141,653.329188343162
LBR,2024,33.8327272928139,14.787430409394,32.5,49.8454333925667,9.86626133953545,22.652179108455,23.4979,41.9269228267256,665.101337624192
LBY,2004,3.34262291274763,10.3399986065631,91.8,64.3454188691819,1.07782345154323,51.54601351155545,3.53284,23.562871722763802,11529.1086646221
LBY,2005,2.51001097978428,7.38438933023316,90.1,64.3634774394462,2.19289483627204,51.54601351155545,3.91779,23.562871722763802,12628.896152656
LBY,2006,1.51764483817067,6.00761862776023,88.4,64.4220269686889,3.43460585952791,51.54601351155545,4.30105,23.562871722763802,13176.7758911904
LBY,2007,1.54141662252696,6.15367601264239,86.8,64.8694356221823,6.89224565927254,51.54601351155545,4.722,24.5170340448071,13712.9602583972
LBY,2008,1.38365254109486,7.29914417131654,85.1,65.0037191656257,4.74139501074499,51.54601351155545,9.0,23.562871722763802,13403.0004645911
LBY,2009,2.15806763082219,11.1782655695724,83.5,65.8068937185309,2.25461670882223,51.54601351155545,10.8,33.6406666526731,12549.0854345521
LBY,2010,1.79953001101668,9.26018623627628,81.9,66.1890904953958,2.36664960687642,51.54601351155545,14.0,32.1610487205157,12913.9334939386
LBY,2011,3.05766833710666,14.1819194729211,80.3,67.3370520407752,1.9532543226373549,51.54601351155545,14.0,60.4271917105475,6569.59477578957
LBY,2012,1.81559365235981,9.33808515595023,78.7,67.8811445585035,1.53985903839829,51.54601351155545,15.2,38.0498684426903,12599.258882136
LBY,2013,2.41548515289585,13.7369369068516,77.1,68.5655312242318,0.931638601844643,51.54601351155545,16.5,49.5688944454069,10126.314927806
LBY,2014,3.51667860719144,19.3187188616,75.5,69.3402022821929,1.0292078816622101,46.7692775548728,17.76,67.8416782304827,7644.24843947404
LBY,2015,4.3862973349324,21.5199787186929,73.8,69.8269235287996,1.1267771614797772,34.8289693278703,29.3959,72.4462059977024,7458.48917756374
LBY,2016,4.61177989572916,18.8829258302328,72.2,70.1752025633774,1.2243464412973444,26.0770762664238,41.031800000000004,77.8397088024993,7236.16409923502
LBY,2017,3.87477645520451,14.7896283143846,70.6,70.0667334358079,1.3219157211149115,38.9800161101817,52.667699999999996,64.0663893322394,9435.60060040046
LBY,2018,3.66012922036917,12.8465423346937,67.0,70.1462746804808,1.4194850009324786,49.676758007488,64.3036,52.9941083689439,10020.9165751361
LBY,2019,2.04201619232517,14.6289531807933,68.5,70.5602919999959,1.5170542807500458,49.9776179313478,75.9395,56.1374562146309,8768.4104874586
LBY,2020,4.326770152924,21.8337391546377,69.4,70.8522995606084,1.614623560567613,15.9502036425113,87.5754,87.7410494702222,6102.79864032512
LBY,2021,1.9292341608539,11.0391738497626,70.2,70.7442987653212,1.71219284038518,51.54601351155545,88.5598,32.2272169143777,7731.35448152581
LBY,2022,1.68643769937353,10.7185706773584,70.0,71.0829316779967,1.62326033379453,51.54601351155545,88.6412,26.5756015796149,7002.68189296358
LBY,2023,1.7692779613025,12.2180075415622,73.2,71.1197134094979,1.80500147243983,51.54601351155545,88.4989,23.9767815007079,7630.49664928174
LBY,2024,2.39197609901835,13.041851907924,73.2,71.3953153831706,1.80500147243983,51.54601351155545,88.4989,28.3399914639351,7696.0807819319
LCA,2004,2.98042746454348,57.3071875,89.3,69.0381331815595,11.010544401215425,15.5718308786508,21.3952,69.7136291606465,9637.37801390276
LCA,2005,2.98042746454348,62.5332028701892,90.1,69.5585101307294,10.1698606969307,15.5718308786508,21.5676,69.7136291606465,9527.58469430542
LCA,2006,2.98042746454348,69.6993904268402,90.9,68.7429474159332,11.010544401215425,15.5718308786508,24.5,69.7136291606465,10045.6504032593
LCA,2007,2.91458779159669,85.6786023151377,91.8,69.5210741724707,11.010544401215425,13.33867026693,27.9,71.7690590429257,10147.4432459936
LCA,2008,3.58977133209373,88.8712771202775,92.7,69.7291614795142,11.010544401215425,12.9331554810898,30.0,69.7650567741251,10583.4310172598
LCA,2009,3.64863368192877,93.513750652637,93.5,70.1377933518547,9.63093050790719,13.1941065698207,31.0,70.8763072196869,10219.8024011561
LCA,2010,2.69060872867551,90.8805128871388,94.2,70.7189031456376,11.010544401215425,11.6993633883331,32.5,74.0905547615954,10191.3146827694
LCA,2011,2.34543994710244,88.1706182402116,95.4,71.10980622431,6.19533348387191,11.0709394039579,34.0,75.6520096349124,10576.8979743596
LCA,2012,2.36885770168429,92.844575867407,95.3,71.525605745352,7.38092558879021,10.8823311302478,45.865,76.0388954291382,10517.2777635533
LCA,2013,2.62387744085513,89.3881857481274,97.2,72.0432619630047,7.56598774359971,10.2372040525891,49.4,75.2064438129313,10279.4155096001
LCA,2014,2.21690522571356,79.3569492673838,98.1,72.4431282810607,3.84517869828728,9.9830608960786,53.2,75.1996696874735,10369.9382566513
LCA,2015,2.15259095649537,70.9051905184372,99.0,72.6184361294401,8.42203722655325,10.8633516574705,57.3,73.9894234965568,10334.9860823918
LCA,2016,2.07707722588586,64.0454146325026,99.8,72.9270176341872,8.64914217402882,10.9907295637127,58.2226,73.7632976351171,10644.1612913407
LCA,2017,1.56172395644149,58.8737129259668,99.9,73.3096175194268,4.500439600106,10.8835128503547,59.1601,74.8904736135924,10960.4843512477
LCA,2018,1.62887405698184,55.9031409378605,100.0,73.8242759032547,2.20879100094065,9.85698830819217,60.1126,75.463197581848,11233.8883578457
LCA,2019,1.7304677212091,53.9600313216425,100.0,75.3390520918196,3.60370334233035,9.04474293097749,61.0805,76.099394954953,11114.7785940338
LCA,2020,1.98095868617899,78.6029535281272,100.0,75.6154546547785,6.61223231489807,12.6673649469867,62.064,70.4066659420362,8379.27495097388
LCA,2021,1.71440472884516,63.0459991272266,100.0,72.865568060375,3.76096784623319,11.2859523148332,63.0633,74.2809537033364,9336.92127417129
LCA,2022,1.51833975460569,51.0712484566023,100.0,72.4658984007526,2.47761444857422,8.86594059124188,65.3544,77.5848848992859,11224.2899455738
LCA,2023,1.12520860480534,50.6183389342295,100.0,74.9977464280885,8.35645076926594,9.68490196526682,70.0834,76.2502190826723,11440.0829538276
LCA,2024,1.12953634378355,50.7158185941966,100.0,76.0980873624982,7.32073642166254,9.75347513320073,70.0834,75.898187714585,11854.9517233237
LCN,2004,5.88260856149059,22.813373769438,93.2191410103356,60.3359023119776,2.95865040855257,33.7942965742316,16.6,63.1300369912312,6962.62599800076
LCN,2005,5.40450924460351,24.7542633304394,93.5227442363084,60.5885082418367,2.78164810369933,33.8013695188853,16.6,63.311608673295,7160.79420102627
LCN,2006,5.16889287527885,28.0306911378243,94.2593346225013,61.20155196408,3.12471354578017,34.3248495515414,20.7,62.956183355251,7448.60250979921
LCN,2007,5.32209916332362,31.912138647536,94.4765421959323,61.6387944616484,4.04476594444961,33.4074469539056,23.7,63.4386388741315,7751.40903587761
LCN,2008,5.46707135045508,34.3182341745715,95.2230808289009,62.0241333729733,3.79160134689717,33.4990761434967,26.4,63.0025795924933,7945.73521560181
LCN,2009,5.48589752083397,36.3559076356338,95.4266624028369,62.655146066786,2.70203461743365,30.9349023593294,31.0,65.3909890447773,7675.9903619546
LCN,2010,5.40870204024272,39.1601745648439,95.8790049109191,63.0234615513388,3.66529985910518,32.1666359187761,34.6,63.6640149269449,8060.79704671081
LCN,2011,5.48822896151792,42.8557061117336,96.1841031200508,63.3760384409961,4.07415714890796,31.9002209182904,39.3,63.6900117269913,8325.46913166974
LCN,2012,5.14621900087677,45.0532566887328,96.569234553016,63.6735064788349,3.92667124802709,31.2015230347121,43.0,64.0312334303295,8455.45328055859
LCN,2013,5.43970690014879,47.0754771750019,96.8646822286805,63.9394549133503,3.91950329657234,30.7460024860839,46.1,66.2801337912997,8595.42651886992
LCN,2014,5.47645189059869,49.056423029161,97.0540254170861,64.1440111840172,3.97407744582236,30.3807491321481,48.7,67.3855941163631,8610.67003577239
LCN,2015,5.4596997960045,48.6323606722408,97.2847276074314,64.4662492143927,5.01953474987783,29.7431019277465,54.4,69.1793203513602,8547.2373391789
LCN,2016,6.02233892502805,48.21328837051,97.4783821342287,64.9476901051352,3.45844562536521,28.8380405729562,57.5,69.8616942293563,8405.14560348327
LCN,2017,5.72855915718504,48.1794760922251,97.7105992174177,65.1072911908032,2.96900157118702,28.9689112327727,60.2,70.0376082153555,8458.83384476335
LCN,2018,5.51284761509973,52.6653474043954,97.756715207991,65.2909570369657,3.24407893922642,29.9962861829886,63.5,69.7023194424602,8489.63171792301
LCN,2019,5.52162469744915,50.8550868446478,97.9982113870485,65.8175452960517,3.06850252884064,29.9860670323363,67.8,70.3059149075483,8447.24518593474
LCN,2020,6.60562598218445,54.7767244592062,98.1499942926254,64.9420378484855,2.57304914638452,30.1850611885851,73.8,70.0111769372818,7812.42544444341
LCN,2021,6.97167280166001,51.3704803438624,98.2756305609279,64.9026756938393,2.84554064336662,32.3285143838797,75.8,66.8034888353918,8316.14222192774
LCN,2022,6.63398030325015,50.7138381482407,98.5788786006825,65.6125249285062,3.41933199109378,32.8886249957991,77.1,66.8108276609682,8604.53059795142
LCN,2023,6.58020132780092,50.8918664253486,98.4226177260082,66.2305983109629,2.66840134960928,32.2156223640504,80.0,67.5596071689664,8737.77637787076
LCN,2024,6.53293593840574,52.1682934472263,98.4226177260082,66.5803713034365,2.83050765549262,31.3256460779393,81.7,67.5873139684766,8873.03538905768
LDC,2004,23.1978380562193,13.5448103585492,24.9097194152985,25.8272783506165,3.00612262528857,25.8645864758209,0.7,42.9700306482743,717.390630227449
LDC,2005,22.6924088505308,13.990519867647,26.2711807463561,26.2225850879163,1.6138939951066,27.9839323812661,0.7,41.4882706505946,752.258316981262
LDC,2006,21.7440722058078,14.6951417160778,29.1393924235058,26.6497982647965,2.1477959279455,29.5103567653123,1.0,41.4898136058341,784.786114587078
LDC,2007,22.0708773379527,14.8027681310637,29.352471209982,27.0804168395475,2.46886238586483,30.8411964762876,1.8,39.5252494573689,822.42722071663
LDC,2008,22.1559732451716,15.7990378361263,30.7412938067805,27.4897754824621,2.98040939287167,31.1233138892383,2.2,39.7658285389375,855.395791284952
LDC,2009,23.5529275033551,17.7761361175453,32.1444306248649,27.8075113712121,2.48427688304646,27.5623008916293,2.6,43.6144878604695,870.835035166982
LDC,2010,22.9858805407294,18.7560944803375,33.0164522875586,28.609700077655,2.63989935229795,28.8601751413483,3.3,42.9555612643605,904.747247036902
LDC,2011,20.9658752644408,18.1955123177997,34.4991777686772,28.9305260852716,2.89203921589457,30.9185812996353,4.0,43.0852922580567,913.190170022172
LDC,2012,21.3841574629694,19.5622257575511,37.8232434782994,29.4611757004129,3.58419699592832,30.5248610840209,4.8,43.633094591827,921.298988545368
LDC,2013,20.6470730210134,20.3304258631975,38.2306245326965,29.5645309941618,2.7134595392648,29.6058599366417,6.0,44.9739110920286,951.753124130944
LDC,2014,20.6203133605186,23.1217981199559,39.4878234772477,30.1959452319605,2.95693652414186,28.9272914525198,8.2,45.380683650762,979.192124616685
LDC,2015,20.9298085059029,24.9824705495519,42.3127281274977,30.8570755929257,4.05991326286005,26.6622444654456,10.7,46.7446968446038,982.894810600519
LDC,2016,20.4289790022045,25.7980604080807,46.3458332429442,31.5787228490771,2.75978451856263,27.2625701911978,13.8,46.361167127058,995.154750826763
LDC,2017,19.912836766732,26.6729536111003,50.2044940868735,32.5003345860958,2.05293562297157,27.9163736766331,16.2,46.1587267478404,1015.62255142587
LDC,2018,19.1522270349106,27.162461823062,51.0874202600401,33.2008506184401,1.67138203885586,29.3534316841047,19.5,45.6895727003726,1038.13136576604
LDC,2019,18.9241373013614,27.9202194375189,52.8787122662405,33.9743787987095,1.8102970553696,29.6422194842816,21.2,45.2794533941207,1063.5016284707
LDC,2020,19.8571289809922,29.5058315156099,54.4736840146264,32.6160519321963,1.92997621210149,28.9295635790402,24.1,45.2073431110293,1037.48119670683
LDC,2021,19.2059861733308,30.3377359416093,56.1055373553461,32.2340019264289,2.11845715628035,29.4222835631751,26.1,43.5189742088598,1042.66310509177
LDC,2022,18.9062443827452,30.140744235235,56.7383129284796,32.6666200017208,1.72402594359215,29.4179971708575,28.2,43.1082204280012,1067.73895636262
LDC,2023,19.8961376147464,31.6243073278142,58.4341452966049,32.4648997975007,2.44930315985576,29.9830865898442,29.9,44.2444721400732,1075.21265110133
LDC,2024,19.8971121253134,31.6243073278142,58.4341452966049,32.9628897309083,2.52512385087427,29.5745960090567,31.4,44.8289012707691,1091.33824852468
LIC,2004,24.5255977522503,7.77539820625109,22.250000000000014,24.6996404439891,3.01690437048114,27.5596392299604,1.0,37.6202641075266,745.570250035604
LIC,2005,24.3561683696028,8.50422684645165,22.250000000000014,25.1090515797629,1.98623838254548,28.7915873047039,1.0,36.3754418353943,768.323976866058
LIC,2006,23.8874293591445,9.34947219441726,22.9522639867575,25.6414077795242,2.88981216868522,30.2272724313231,1.3,35.7616224683275,785.049519848458
LIC,2007,24.0913421845614,9.52679777542941,24.4183216636459,26.1169113094085,3.44061896181935,31.5155774754764,2.5,33.8429253787577,805.246330809582
LIC,2008,23.949423301737,10.4525767734513,23.4447318784019,26.5538538567747,3.74994178901254,32.0784624323616,3.0,35.7723704098858,821.632312533321
LIC,2009,25.516037914223,12.2548100840821,24.9584480599723,26.8933055572638,3.41260691725718,29.793184002572,3.7,39.5832723469144,824.836701745066
LIC,2010,24.7918041473757,12.4136825306839,26.4471371996466,27.9565535767066,4.43495880241945,29.9460397378899,4.3,40.0123035571444,853.991903353526
LIC,2011,22.5199116294175,11.2940584778596,27.6664094687004,28.3036065875618,4.4708696061173,31.4539246243597,4.9,40.9691851266177,829.429080797719
LIC,2012,24.1023476806306,9.86280627229453,30.0776466504548,28.7334538695884,6.76250196871427,28.2514569046105,5.4,42.7550644568502,771.968149923314
LIC,2013,23.1584307635526,10.3641209253785,31.0725397139029,28.2742809398236,5.20811203566542,26.9901711350627,6.0,43.9343659873255,772.184540301735
LIC,2014,23.6025325675995,11.6451811589004,33.4716403056895,28.6564908959899,3.49956741595466,27.7789349441702,6.9,42.8298543944148,775.290079464044
LIC,2015,23.7693390733355,11.9321846660227,33.0702183882953,28.8550927171015,3.42946574142293,25.6737537522539,7.9,44.1412142789962,740.889503942237
LIC,2016,23.8382706829644,12.7229125651312,36.4336124161591,29.2285880539517,3.0452968225004,23.3647765011397,10.0,44.7436530926777,725.544504224031
LIC,2017,24.4920680391873,12.4172751122268,38.1792563861523,29.623086567869,3.04833909679766,23.2855347792811,11.4,43.8277455737602,719.4917896822
LIC,2018,24.4165325933638,12.1467910550522,39.6838027900568,30.3462222784121,2.98761575338286,24.8442340794597,13.8,43.3288030649308,719.528260376391
LIC,2019,24.2840410881014,12.2258496641159,40.7021444975815,31.3542457186521,4.09307727760215,24.3650827680927,16.4,42.2825097049735,720.16386550217
LIC,2020,24.5695554434903,12.9029233847091,41.7368456716846,29.372143271446,3.31306526793433,24.8214983841775,17.6,41.8327169605066,691.991878569926
LIC,2021,22.4769633817456,13.6730031598933,43.015465793649,28.7985091371367,4.06619671069045,25.4016455689401,19.0,37.4502119804491,682.068551545596
LIC,2022,22.1946830654313,13.817891660922,43.0060882829376,29.3423294074826,3.87632500824737,24.3933052263639,21.2,36.223543209938,686.608999787945
LIC,2023,25.4548026849405,15.5652767921217,45.2721918756793,28.9624247919921,4.23320469978233,26.781212219276,22.0,41.9626019304255,666.803267849144
LIC,2024,25.0522361538084,15.5652767921217,45.2721918756793,29.503013071908,4.83379599669612,25.662402200015,22.5,43.8164623047779,663.92559694882
LIE,2004,0.115518531775731,32.8688540294339,100.0,49.9543541630426,11.010544401215425,39.3045826652038,64.0074,54.6581627672383,42135.66185499995
LIE,2005,0.115518531775731,33.7215866396037,100.0,50.3642347768599,-4.3599322772924545,39.3045826652038,63.3714,54.6581627672383,42135.66185499995
LIE,2006,0.115518531775731,34.8081787114827,100.0,50.6231769549281,11.010544401215425,39.3045826652038,64.2142,54.6581627672383,42135.66185499995
LIE,2007,0.115518531775731,37.7291069327007,100.0,50.6590283450837,11.010544401215425,39.3045826652038,65.0802,54.6581627672383,42135.66185499995
LIE,2008,0.115518531775731,39.431944966087855,100.0,50.9593888378512,11.010544401215425,39.3045826652038,70.0,54.6581627672383,42135.66185499995
LIE,2009,0.115518531775731,41.32547358889725,100.0,51.6048881399569,11.010544401215425,39.3045826652038,75.0,54.6581627672383,42135.66185499995
LIE,2010,0.115518531775731,42.195981646899696,100.0,52.5390147086811,11.010544401215425,39.3045826652038,80.0,54.6581627672383,42135.66185499995
LIE,2011,0.115518531775731,42.449202388170605,100.0,52.6145323962141,11.010544401215425,39.3045826652038,85.0,54.6581627672383,42135.66185499995
LIE,2012,0.115518531775731,43.24887542568235,100.0,53.1341994600021,11.010544401215425,39.3045826652038,89.4077,54.6581627672383,42135.66185499995
LIE,2013,0.115518531775731,42.30243639204765,100.0,53.5430702246149,11.010544401215425,39.3045826652038,93.8,54.6581627672383,42135.66185499995
LIE,2014,0.115518531775731,43.742921585242954,100.0,54.1410067239807,11.010544401215425,39.647172626367,95.21,54.6581627672383,42135.66185499995
LIE,2015,0.115518531775731,47.51686846027865,100.0,54.4112830836989,11.010544401215425,37.2602648896845,96.6412,54.6581627672383,42135.66185499995
LIE,2016,0.115518531775731,47.0982594371968,100.0,54.5049047408101,11.010544401215425,41.9543783150565,98.0939,54.6581627672383,42135.66185499995
LIE,2017,0.134897728698707,45.600325891793204,100.0,54.188247670037,11.010544401215425,44.078617141423,99.5466,51.5779897101267,42135.66185499995
LIE,2018,0.139045930996547,45.86608163933535,100.0,54.7593556383935,-4.3599322772924545,41.7550346850839,96.34635,54.1408183846224,42135.66185499995
LIE,2019,0.139140766681258,46.1406537653286,100.0,55.8657560901886,-4.3599322772924545,44.2952285660684,93.1461,52.1559001938591,42135.66185499995
LIE,2020,0.211170416188623,51.46377338764225,100.0,56.0999877808229,-4.3599322772924545,40.3036198267405,94.3499,56.1414010408873,42135.66185499995
LIE,2021,0.161805584367091,47.77472256475425,100.0,55.305223900281,-4.3599322772924545,40.7763902142195,95.5694,55.1051736298386,42135.66185499995
LIE,2022,0.169219054065488,45.7439409376828,100.0,55.997466048887,-4.3599322772924545,39.3533011817131,96.4528,56.6982542234256,42135.66185499995
LIE,2023,0.159394839929758,45.427065277604356,100.0,56.4243401985256,-4.3599322772924545,39.1138727542888,97.3444,57.4267188977442,42135.66185499995
LKA,2004,12.5438041438828,32.3863508511647,76.5,42.840471559347,1.12667735136244,28.6181015199147,1.44616,58.8380943362025,2149.10628588002
LKA,2005,11.8194768226447,33.0761025922139,78.1,42.8182656642934,1.11612854301768,30.1880884644457,1.79205,57.9924347129097,2268.6880127005
LKA,2006,11.3362802346632,34.6704920581445,82.1,43.111543798719,1.6970072277349,30.6422951801489,2.53757,58.0214245851879,2426.34873273046
LKA,2007,11.6831643328505,34.2395036816845,80.0,43.7212372704187,1.8639738781084,29.9198197775274,3.88,58.3970158896221,2573.54362192705
LKA,2008,13.379200767591,29.5420065164895,82.9,43.8784241758399,1.84752962305149,29.3711947494741,4.825714285714286,57.2496044829348,2708.58594222506
LKA,2009,12.691971303497,25.7400301594433,87.1,44.1126185794962,0.960390452698523,29.6714387318411,5.771428571428571,57.6365899646619,2787.27350976338
LKA,2010,9.04833700762336,24.6842616568751,85.3,44.3020283016122,0.814446069624814,27.7831982984661,6.717142857142857,53.0103501842047,2993.01411511147
LKA,2011,9.5331593503241,33.738796952333,87.8,44.4134148451236,1.41088360121529,29.0731497643121,7.662857142857143,53.3645298046069,3232.37350382301
LKA,2012,7.91028886852632,34.0180437824337,87.0,42.9355017095941,1.3359173422599,30.9698538096371,8.608571428571429,54.2044930627604,3484.79049033884
LKA,2013,7.92460411652105,33.5393607635157,90.2,44.5379934722695,1.21148000445532,30.7956807273264,9.554285714285715,54.5155556703844,3728.93586647848
LKA,2014,8.08070792331863,34.4936288808734,92.7,45.5282659876807,1.08277813761066,30.5178954294297,10.5,54.6273859142795,3929.92062032185
LKA,2015,8.21693887941642,39.381850442699,94.3,45.5659383623092,0.798746315198801,29.5354178735039,15.26,54.2106196152554,4057.7158346231
LKA,2016,7.26171847779131,42.4756652876969,97.5,46.5079604490188,1.01937184461335,30.4827177292135,22.19,53.4181636951136,4214.74117992085
LKA,2017,7.4306787795994,43.8827525641269,97.5,45.5216696232903,1.45462805347273,31.1282786464433,25.1,52.2395328655965,4436.00789945768
LKA,2018,7.59206395115246,46.6984073263911,99.6,46.5643007672248,1.70888696252001,30.0568195254141,28.3,53.6373194378959,4493.03575444544
LKA,2019,7.2562467000326,47.0084929450456,99.8,47.0660897659976,0.835367459152173,29.1910098710383,32.0,55.7458586321945,4455.78189608267
LKA,2020,8.25132326058186,47.0084929450456,100.0,45.9635610435397,0.514700552667608,28.235832875126,36.1847,57.8323873797115,4227.23315306594
LKA,2021,8.78994016463402,47.0084929450456,100.0,46.7246841886543,0.66882570941316,29.9540097663376,44.4531,55.8743853501457,4357.97225779491
LKA,2022,8.44795287007937,47.0084929450456,100.0,47.0188930391918,1.19249322228342,29.8058315790625,48.3,57.0665321893625,4033.14561476298
LKA,2023,8.12391264498649,47.0084929450456,100.0,47.2795375609099,0.851705946554554,25.7826769471156,51.2,59.8415064855768,3964.91987394354
LKA,2024,8.2996858332285,47.0084929450456,100.0,47.6151920138261,0.769118881748846,25.5288051289463,51.2,57.4695113471552,4186.4986638365
LMC,2004,18.3436597373208,31.8666741409393,62.5400415902315,30.7257169816165,1.41647960705861,28.0166549067753,3.6,46.7072600670206,1177.31848324728
LMC,2005,17.9340296929407,33.3590215553154,65.248435602704,31.195537415501,1.90190219129857,28.6565470857366,3.6,46.9624852219406,1233.84653222683
LMC,2006,17.2893763582688,34.8081787114827,65.9772207361908,31.5405033331519,2.92982771850412,29.3430520502131,4.4,47.0253344191678,1296.74423468298
LMC,2007,17.1129374386432,37.4315096639505,67.9437721090107,31.8327342668405,3.00164991701112,29.3321799589193,5.6,47.223628461278,1361.57389659824
LMC,2008,17.3733545479762,38.9618786839399,69.8332089052172,32.1065610782562,3.61042919731291,29.7440668926836,6.4,47.6800450004444,1399.51493678141
LMC,2009,17.4250084219099,39.3980386539051,70.5839666200194,32.4847897109305,2.87135302795066,28.6651694558264,7.5,48.4327559291681,1457.71947779502
LMC,2010,17.240536658418,41.350025595497,71.6877391821018,32.7372114968745,1.9768025129917,29.1600290426938,10.1,47.3590955482781,1531.26610674398
LMC,2011,17.2796581115528,41.0683893014541,74.603675894421,33.3431515886834,1.99247710677185,29.6341864191483,12.2,47.0730773655831,1577.16915781801
LMC,2012,16.7265052641202,40.4651258889735,75.1540848733681,34.0473941837892,1.74270943013802,29.6817032744994,13.6,48.127928156859,1631.61006000183
LMC,2013,16.6190664866932,40.0219269069002,77.1188804443074,34.6688138012783,1.75187353922092,29.0128554302446,15.2,48.7782992603074,1696.68881831092
LMC,2014,16.3507886032828,40.7685570748724,78.2897096917029,35.2822712071413,1.9767498994398,28.3681305870149,17.2,49.6648265764649,1771.90910691003
LMC,2015,16.161843791066,41.8811144917258,80.658695354603,36.0413671390427,2.39798906576335,27.0779673396908,19.5,50.6274580448436,1848.28029294397
LMC,2016,15.9902466410347,42.9799531522865,82.7167145232316,36.6150195161158,2.10455132179199,26.4874314601798,21.9,50.7011502047715,1924.41858580699
LMC,2017,15.8159772156346,43.4486921667163,84.659238704957,37.3776001628656,1.91597099239148,27.0648376451481,24.4,50.0729145348727,1999.67367968704
LMC,2018,15.4271432744063,43.7240477130739,86.9121805698534,38.2627114917322,1.80304385500882,27.5817654197364,27.2,50.0387926450578,2078.47285786989
LMC,2019,16.183625712871,42.8831414860713,87.6135221862236,38.8093668678702,1.70243078232023,26.6008624424448,33.4,50.9109792472823,2133.36043908301
LMC,2020,17.538208585304,46.4718732364926,88.3804143922632,37.3477897255982,1.8336808263245,26.2426603169865,42.5,49.9942145151653,2021.05503375347
LMC,2021,17.0645117148287,45.3155057522775,90.555734236785,37.4051726790666,1.53252340186105,26.9951338901787,47.4,49.4512316464143,2125.14051338163
LMC,2022,16.4265715533327,45.3155057522775,90.5768405981587,37.4328791621291,1.53111069801376,27.1271680676293,52.3,50.0571913572998,2230.23361306221
LMC,2023,15.9679771322887,45.3155057522775,91.2680749757223,37.8330036184112,1.36473695823367,26.876294815842,55.4,50.1014240383392,2335.33048087966
LMC,2024,15.704575746726,45.3155057522775,91.2680749757223,38.3331673220784,1.83008928999368,26.6629267817806,58.9,50.181637044361,2425.46811159982
LMY,2004,11.2440887474715,58.4549896408848,75.9638782207172,34.8130282047597,2.500679620054,34.913975863584,8.350000000000001,48.4895494275853,2533.63490609155
LMY,2005,10.4722212416234,57.1933977932783,76.9875686095955,35.3117592919554,3.01594656818792,35.5073972430419,8.95,48.5553004010024,2681.80911389239
LMY,2006,9.9467348817753,58.6169225775753,77.7787032314498,35.9615852985788,3.15267693708715,36.1968990660559,11.3798,48.5417149085395,2861.63623205145
LMY,2007,9.90942756898239,61.263608691633,78.5860233254477,36.2884068565916,3.53538257294477,36.0402132643876,14.8133,48.8006150809062,3071.96637646344
LMY,2008,9.9087549510023,60.3847536412396,79.4746201146453,36.7672855761396,3.39978291140046,36.8322221457874,19.5,48.4251957232484,3209.89152688519
LMY,2009,10.0752945910633,70.0715504254078,79.7439424772855,37.396642840844,2.47898295226103,35.4673358845087,24.05,49.9019002546728,3292.95225009223
LMY,2010,9.84591176141518,71.7135532540747,80.4697385791145,37.8095902245926,3.06081983087238,35.8516528485695,28.33,49.2903969143293,3513.14255185016
LMY,2011,9.63133661333211,72.8252696074085,81.8904976048903,38.492176397355,3.0141977677423,36.5257563072822,32.0,48.9368216143278,3685.31687703342
LMY,2012,9.49670497433793,77.5817519307134,82.3434400406383,38.987825783696,2.63772185632292,36.3313592061183,35.34,49.6634192582084,3833.91840392667
LMY,2013,9.49100658155746,81.9680519379492,83.3205776475688,40.0361573257556,2.67125736345354,35.5295409045506,38.5,50.5133791782648,3994.67974612361
LMY,2014,9.41701337216641,86.4603799537007,84.0197763138971,41.0648032429627,2.34909251653705,34.8600771217825,43.0074,51.4139757390869,4145.78134336883
LMY,2015,9.44053191829734,94.8350607026004,85.0403535635607,42.0462504480958,2.34791332933612,33.4317754224468,46.5,52.9819047905736,4284.85686298442
LMY,2016,9.37415150705569,96.584289080891,86.2056624089071,42.5971208577868,2.0051845339993,32.6651713183638,51.5,53.7093072350567,4431.18235187323
LMY,2017,8.97462910761005,96.7767066265665,87.2277670796171,43.1275575733985,1.82022909093755,33.0521017014171,55.4032,53.6620531952832,4608.67872042193
LMY,2018,8.6372016603543,102.31679513083,88.3266471423387,43.7687474927005,1.97490719648024,33.6788827915394,60.1126,53.6981221587668,4779.40840873637
LMY,2019,8.97911350374221,103.967080995915,88.6903151850414,44.3616774711951,1.71805797359778,32.6819946652923,64.3,54.5133916814189,4919.20859980592
LMY,2020,9.80904379854341,118.220821966656,89.015749732089,43.5492463032288,1.74578798502263,32.2682869717842,70.0528,54.4286336549725,4809.84896387149
LMY,2021,9.34082885927639,116.274398655488,90.1519963114906,43.6589119173971,2.0570872946439,33.8602021037641,74.3716,53.1930022597987,5112.9703250261
LMY,2022,9.19497112117227,123.680480795601,90.0927677222263,43.4772811197101,1.59184204823022,33.9713736387678,76.6,53.1225588937719,5268.23590331493
LMY,2023,8.94286998913465,128.996217992236,90.491567372195,43.9765532658982,1.0704974948342,32.8150037069061,79.4848,54.3205315638602,5470.5324742774
LMY,2024,8.81860189144634,133.742627555163,90.491567372195,44.4031937598839,1.10854928202763,32.211878676148,79.9923,54.815787008362,5652.87507726956
LSO,2004,5.98400675567569,5.25596010229191,22.250000000000014,43.4180754648654,3.68383275611256,34.6653077489584,2.17552,48.7010986075853,817.793597897186
LSO,2005,5.67113040473066,7.23312264139718,22.250000000000014,42.8523964943923,1.6309558178279,33.7701071067011,2.58025,48.8777892583314,853.960500629797
LSO,2006,4.8427648086475,7.36080443565175,22.250000000000014,42.3926799635517,1.35116866658488,35.4813196531581,2.97971,47.453282212477,893.750686627156
LSO,2007,4.88998680002259,9.9923700762125,22.250000000000014,41.8056862056862,4.49541724323026,39.1258617120697,3.44543,48.7741435228289,927.26863327342
LSO,2008,4.8970487478767,10.0237879220093,22.250000000000014,41.1606289636,0.623122767576779,40.56384007448,3.58,48.1946196438854,971.881366821351
LSO,2009,5.50352430775727,12.6072342040108,22.250000000000014,40.8981421625116,5.24720669313801,33.3003223937152,3.72,53.8868003720555,952.747929746529
LSO,2010,4.86217527655246,13.4113788716402,22.250000000000014,40.2315460416833,0.425490583298807,31.463352131548,3.86,53.84333484589,995.233432451681
LSO,2011,4.54395157549887,14.3488582863768,22.5,39.5856562291993,2.37160157638289,33.1996499097292,7.0,51.8923641324372,1031.99721564343
LSO,2012,4.89530867188129,18.5687326980566,22.250000000000014,38.8572434027424,2.28650169667391,30.8179398182836,10.0,52.8520996716815,1086.39034816283
LSO,2013,5.06436346227762,19.9473003777666,26.9,38.3950696611509,2.13033827559342,29.0232445602992,15.0,54.8845910948592,1093.95323489272
LSO,2014,3.9607145663379,19.3315018437025,27.8,37.9762944443896,3.86963158626918,32.1608736210412,22.0,53.0682808394329,1100.04993684215
LSO,2015,3.78190344669127,18.2736366996778,31.8,37.3892464840436,4.79809498524625,33.7385657003649,25.0,51.5336434103419,1121.19851342518
LSO,2016,4.92411763358152,18.2128934613148,35.1,36.7973738000092,3.74733138412509,30.5866475742865,32.4539,53.3450312980122,1147.58748801671
LSO,2017,4.9636238571378,20.0038403177699,33.7,36.5290008274151,1.82806623182623,28.5730617255808,39.0,54.5137388790934,1097.82166812752
LSO,2018,4.24977543430507,20.1314045454092,47.0,36.202313237509,1.59898721077784,31.139042579725,40.8,52.4296644724323,1068.44462913373
LSO,2019,4.46380208822172,21.3224677858948,44.6,35.7912215674485,1.49464849213428,30.5436539026894,42.3017,52.6035846981333,1040.99351014117
LSO,2020,5.30771204408517,21.9341136983369,47.5,35.2331420212074,1.36347415769606,31.0792075147298,43.6575,51.8634418089356,944.834128375429
LSO,2021,5.95625262808585,22.3287794465889,50.4,34.9426296504865,-0.512915958026648,32.0714579927576,45.0567,49.8038795533452,955.221236301503
LSO,2022,5.95085393730342,21.6960639454113,50.0,35.2356389346788,-0.332065069453934,30.4887414630726,46.5007,50.0662331477834,967.51928598325
LSO,2023,6.63922934834694,24.8667315527873,57.3,35.4850086719833,-1.21096656797415,28.7322628790645,47.991,50.5669605687668,974.382478149793
LSO,2024,6.50245582420134,25.580568001763,57.3,35.7676196175503,-0.5534084172031,30.9373582742703,47.991,48.0439628685052,991.069661910744
LTE,2004,8.35006225592265,75.4087887286024,96.7359835008107,37.2335168025091,3.37688103412338,37.7283540806156,8.350000000000001,48.084619741872,4352.77899604091
LTE,2005,7.3404096967105,72.0806750913272,97.1664597205879,37.9364540015322,4.5380214432811,38.1037469747186,8.95,47.9793724190703,4662.84590388694
LTE,2006,6.81590441914356,72.433588163466,97.8894700699554,38.7563188866447,4.50281621117076,38.3424259031483,11.3798,48.0910170158307,5063.68908694481
LTE,2007,6.68325175754659,75.2025963821519,97.6286750102813,39.1397963064391,5.1492344456189,37.7697029296831,14.8133,48.9607623316266,5544.40085964957
LTE,2008,6.76985986892669,75.5340920209491,97.9949263472304,39.8304457312865,4.23487908715378,38.034530889155,19.5,48.4665937894338,5891.622096914
LTE,2009,6.94240967763172,90.7959824187681,97.6887829474675,40.6835899966936,3.82000757793916,37.6276065425693,24.05,50.3010255695229,6074.36748179082
LTE,2010,6.62848774368083,90.6977995814298,98.3525114394724,41.1329096344182,4.22396443232144,38.1085465747622,28.33,49.7775027079718,6525.60694866136
LTE,2011,6.66732291428994,89.8177089880178,98.6260218375387,41.9877932894968,4.00829620669556,38.4164179988666,32.0,49.3381724362156,6949.99107912565
LTE,2012,6.61514190305495,95.2442170728909,98.7121889212507,42.3521773547358,3.79956991186889,38.1743100604418,35.34,50.0829204204434,7305.27620420521
LTE,2013,6.68423694741855,100.370353273152,98.8979674454125,44.1361648507624,3.48322901702962,37.3185853573015,38.5,51.2465189606905,7662.87637611851
LTE,2014,6.63109977620581,106.554321805501,99.0043394238424,45.8188786019291,3.44790374576085,36.8702991332311,43.0074,52.1525269423732,8010.29794417952
LTE,2015,6.79219153763256,119.242416849865,98.7802217306047,47.2119332400691,3.70981537167685,36.1201191380621,46.5,53.7407966206475,8331.63270803563
LTE,2016,6.67994696222898,120.825750618964,99.1163496922603,47.7425684066639,2.65963034230667,35.0341895231105,51.5,55.0293565858371,8646.07589908332
LTE,2017,6.24894522597009,118.624054851899,99.2721123074965,48.2139075852478,2.37613762934298,35.2101460748498,55.4032,55.132375883559,9041.21609671517
LTE,2018,5.96083598014213,121.852737629714,99.2806763593238,48.7460001587518,2.69126444570405,35.8646532733839,60.1126,54.9266037599871,9481.09349361995
LTE,2019,6.01843141988366,127.446347437786,99.3289771232339,49.3321657415371,2.46699796387964,34.9602004407362,64.3,55.909985008104,9886.07149064231
LTE,2020,6.68477180847944,141.48987381863367,99.3868589990754,49.7529131088299,1.61535709816199,34.4289106941852,70.0528,56.2013774246979,9878.28626310562
LTE,2021,6.42138526651929,139.615541124796,99.4116181588713,50.041832966207,2.6321669577972,35.9797735329914,74.3716,54.8410767997666,10610.1004840522
LTE,2022,6.28832485779069,141.48987381863367,99.4771148303382,49.9783101640417,1.3953408938821,36.2151811149684,76.6,54.7692444284225,10941.5382468571
LTE,2023,6.06383326361503,141.48987381863367,99.457096381276,50.8864538302989,0.466140675252275,34.5943740213531,79.4848,56.4647200699846,11413.7698244462
LTE,2024,5.94591220417333,141.48987381863367,99.457096381276,51.3351730260118,0.802707025961775,34.1113217614521,79.9923,56.902551800355,11914.0272194525
LTU,2004,4.15167623775201,59.4105561876374,99.4,55.5121216493467,3.86727514737432,29.527855822781,31.23,56.4136355802795,8851.92598922347
LTU,2005,4.32727074499656,59.4105561876374,99.4,56.6690288282132,4.9513140342573,29.7236068505939,36.22,56.5173523499693,9692.86853763267
LTU,2006,3.8728905163979,59.4105561876374,99.4,56.5966317406331,7.50221604684683,30.1705478851017,43.9,56.480638797473,10577.2145522871
LTU,2007,3.47267609522387,59.4105561876374,99.4,58.1260798777246,6.54805565260343,29.645016281565,49.9,56.6453735171211,11889.3545234657
LTU,2008,3.28158323801393,59.4105561876374,99.4,61.4187431094609,3.61122070655171,29.2009086287297,55.22,57.206064566221,12324.5197331387
LTU,2009,2.52928276861212,59.4105561876374,99.5,64.167160979587,-0.96067117365502,25.0207491016076,59.76,62.3997102039979,10612.9204044582
LTU,2010,3.06871518554059,59.4105561876374,99.7,66.6101136658248,3.00969561169119,26.2116518144494,62.12,60.0343254564853,10884.1161852582
LTU,2011,3.51897129368263,49.8995105232055,99.7,66.9557575244776,4.35509015104087,28.3534317115284,63.64,57.6254914588371,11836.7200384033
LTU,2012,4.00007448760216,46.7563131176007,100.0,66.1199510788003,1.5855600934776,28.2001999312223,67.23,57.6622186397042,12516.6184065667
LTU,2013,3.53435810553224,43.2212775427398,100.0,66.0521797823082,1.66003716547755,27.6242689150869,68.4529,58.9225729509242,13145.8069309969
LTU,2014,3.4401608409572,41.0078195548277,100.0,66.1102532755331,0.739699359398684,27.726441177948,72.1335,58.7478006463531,13753.1895982305
LTU,2015,3.43671864804715,41.452200938262,100.0,65.8583638052665,2.49622116332616,26.9636978611038,71.3781,59.2019719495734,14269.8039878287
LTU,2016,3.12061896056681,42.7658484020997,100.0,66.8870970946004,2.7403147410033,25.9974602207029,74.3766,60.4983280052475,14823.107153522
LTU,2017,3.54933633712632,40.9797374311557,100.0,67.0821460387132,2.89745572307538,25.720457681502,77.6153,60.2020468532002,15695.9993288456
LTU,2018,2.88685726647675,39.993553498832,100.0,67.050085371139,2.39550085067309,25.5788787201366,79.7226,61.178353815629,16604.9021440809
LTU,2019,3.12404744403716,38.7394336544601,100.0,67.8640652931615,6.23035300556357,25.2564149405008,81.5819,61.179068325455,17431.7239081591
LTU,2020,3.53241993914326,37.0340108299265,100.0,68.9456174992853,7.94344900363669,24.7876900738526,83.0555,61.0170094436429,17443.65526328
LTU,2021,3.39582123831296,37.2020567095125,100.0,68.4337463487832,3.74064234382321,24.8587509219797,86.9305,60.8775666305138,18569.7057246217
LTU,2022,3.9279382912554,35.6991095636078,100.0,68.817194402231,3.40588108209325,25.6398695886222,87.7242,61.0306838894474,18884.5152531698
LTU,2023,2.71539099968174,34.3868073370538,100.0,69.132329866569,4.80150438624708,24.2370942924201,88.5029,63.0899070350123,18685.5523679178
LTU,2024,2.57325294659349,35.9687269117612,100.0,69.1655900056089,5.53816765536591,23.394637462385,88.5029,63.5886178536833,19092.6451176955
LUX,2004,0.535432004959881,65.9964688128905,100.0,79.1850666555834,11.010544401215425,15.4393460205431,65.88,72.9001733879492,42135.66185499995
LUX,2005,0.35650094088746,71.2724479975652,100.0,80.9673105721025,11.010544401215425,14.4661273579401,70.0,73.9922867769233,42135.66185499995
LUX,2006,0.311756721900439,74.7241152133084,100.0,81.4783217610857,11.010544401215425,13.5205791243289,72.51,75.9521165224508,42135.66185499995
LUX,2007,0.363222868939437,85.3118398397658,100.0,81.2340085800581,-4.3599322772924545,14.4759684439971,78.92,74.5781635960329,42135.66185499995
LUX,2008,0.307778948525776,101.153326883708,100.0,83.0558728345707,11.010544401215425,12.8051473899025,82.23,76.8613570571973,42135.66185499995
LUX,2009,0.233334868942186,100.973750998797,100.0,85.3816276921145,11.010544401215425,11.0066049191433,87.31,78.686285175163,42135.66185499995
LUX,2010,0.268412058048641,86.1171271698051,100.0,85.3329997629895,11.010544401215425,10.997972653402,90.62,78.9069308415746,42135.66185499995
LUX,2011,0.25111528958498,84.1766300496446,100.0,85.3230324934719,11.010544401215425,10.7084382796237,90.0299,78.8372958017318,42135.66185499995
LUX,2012,0.287951499538819,83.5829451760101,100.0,86.0250131475151,4.7244838569188,10.4267187903737,91.9499,78.8749543859531,42135.66185499995
LUX,2013,0.261907196956465,86.66145807119,100.0,86.3496296176946,11.010544401215425,10.4429419766443,93.7765,78.9577970757573,42135.66185499995
LUX,2014,0.289550438585059,86.3059645397737,100.0,87.3256724688168,11.010544401215425,10.810880633632,94.6702,78.2098746195357,42135.66185499995
LUX,2015,0.223732628740735,91.7840511552667,100.0,86.2567409586303,11.010544401215425,11.539623433831,96.3767,79.7312744577697,42135.66185499995
LUX,2016,0.214197008159042,96.2530859448861,100.0,86.3045343296553,11.010544401215425,12.0959325625638,98.1367,79.1113386071195,42135.66185499995
LUX,2017,0.23457255011554,100.473133493731,100.0,87.9255347906792,-4.3599322772924545,10.8183368591649,97.363,80.0810053034631,42135.66185499995
LUX,2018,0.233738394048527,105.495019442592,100.0,86.5356740215816,-4.3599322772924545,10.9720784332984,97.0613,79.3906348113495,42135.66185499995
LUX,2019,0.214828063048275,109.012204271952,100.0,88.7026624212452,11.010544401215425,11.6004638626305,97.1206,78.7000438836607,42135.66185499995
LUX,2020,0.20041631187567,110.212149628241,100.0,88.979000724113,-4.3599322772924545,11.3427753359144,98.4596,79.3002230832453,42135.66185499995
LUX,2021,0.194861687098922,102.997694439279,100.0,88.8113745531814,11.010544401215425,10.5920031023214,98.6609,79.9504470861718,42135.66185499995
LUX,2022,0.242167478298755,102.548904653446,100.0,89.7257444704528,-4.3599322772924545,9.11380045625511,98.242,81.1291600502247,42135.66185499995
LUX,2023,0.187252170632403,93.2053363391819,100.0,90.0506619729089,-4.3599322772924545,9.28622097638849,99.3479,81.8147238273129,42135.66185499995
LUX,2024,0.20948876007365,85.1436082593373,100.0,91.2807977979994,11.010544401215425,9.65986766346083,98.7606,81.1809383770858,42135.66185499995
LVA,2004,4.36504580120425,96.644175615306,99.7,59.7581193433342,4.27849106532647,22.3401097520348,38.58,62.6488857845553,8957.23393555082
LVA,2005,3.86773701723693,96.644175615306,99.7,61.4726063989466,4.96633075101776,21.0400390822509,46.0,63.5485658100672,10106.2626157732
LVA,2006,3.42315192809587,96.644175615306,99.6,61.1699073407269,8.34682590505321,21.8741590495671,53.63,62.6075963955879,11507.4648265658
LVA,2007,3.45397603560539,96.644175615306,99.7,61.1866683378637,9.22286409647281,22.7520647205745,59.17,62.0827699537043,12810.0409502542
LVA,2008,3.09128712531246,96.644175615306,99.7,62.6439735378614,4.20174399569372,22.844745207144,63.41,63.5707018330978,12506.6945041012
LVA,2009,3.28684121352283,96.644175615306,100.0,66.9061828074949,-0.583936207217178,21.5222929684733,66.84,64.869110958931,10675.425174228
LVA,2010,4.11588497283241,96.644175615306,99.8,68.3112103563211,2.0239348136408,20.8612025977954,68.42,63.7264639687939,10500.8666223014
LVA,2011,3.77780079362838,82.8884474030274,99.8,68.1963271518682,5.71773309105869,21.418901034981,69.75,62.8873750736246,11018.5152421583
LVA,2012,3.53285388028976,67.2042310187968,100.0,68.1498168892109,3.98573894005036,21.4155903391561,73.1199,63.0435674657414,11971.0107466522
LVA,2013,3.2120869041368,60.3337746211285,100.0,68.0220088284504,3.39352198804719,20.8210958976358,75.2344,63.5400681711989,12353.5386135301
LVA,2014,3.61639638963682,53.2195315549173,100.0,68.6487589573859,3.45179531513632,19.6186043266703,75.8261,64.3035202598626,12731.6771959342
LVA,2015,3.55445018445087,49.9910230947156,100.0,68.4152182552132,3.08543258338884,19.7834567448988,79.2006,64.1295120425511,13321.9753140616
LVA,2016,3.32532538955761,48.3668701185648,100.0,68.1942170700411,1.23693505180815,19.1654365749872,79.8421,64.3727854982171,13787.3367440023
LVA,2017,3.62476211824764,43.6866052240662,100.0,70.3536361986171,4.04880019492543,19.7767293914993,80.1141,63.4246447186638,14382.8612727134
LVA,2018,3.66104778019513,37.9065537383829,100.0,70.0990670677971,1.32076900628522,19.3453568005874,83.5772,63.2634274962391,15120.0698171804
LVA,2019,3.85343444199836,35.718874565601,100.0,69.2760336752766,3.37100266711483,19.5988527886207,86.1355,63.0987194135787,15328.3859933295
LVA,2020,4.0791819421756,34.7313232736821,100.0,69.8453137606231,2.81413557812427,20.3341837659978,88.898,62.3876227829268,14900.7295718866
LVA,2021,4.20672251535361,32.452830258812,100.0,70.2001670426072,9.77936027100744,21.0918306682746,91.1796,61.6249417393174,16070.1680032322
LVA,2022,5.11411038456871,30.9985884793983,100.0,70.2404655637812,3.20337891789771,20.581400181885,91.0301,61.6485862349309,16421.3748596
LVA,2023,3.93344279418518,28.5636863670335,100.0,70.840232816834,3.94830779361871,20.1348662975065,92.1879,63.8600315168596,16229.3844520245
LVA,2024,4.04219078834273,29.5395677827529,100.0,71.0977354404847,3.46583040049498,18.4909914229206,92.7076,64.6029356314433,16374.773539624
MAC,2004,8.85025144123636,40.7207561312689,100.0,81.294135642479,7.24868934401704,8.41746503946968,31.4841,82.6134314024033,42135.66185499995
MAC,2005,8.48610428920676,43.901689678181,100.0,80.9472585312412,11.010544401215425,10.9716162808602,34.8629,82.4400759636606,42135.66185499995
MAC,2006,7.82080658741648,40.9151570403482,100.0,80.415694325466,11.010544401215425,14.1017023207354,46.4,77.9521736938512,42135.66185499995
MAC,2007,7.45235394606923,47.3115190206572,100.0,80.7294071317998,11.010544401215425,13.7844932886133,47.327,82.4795351630776,42135.66185499995
MAC,2008,7.33416514904005,53.2820474504711,100.0,81.5820243487199,11.010544401215425,11.8033195168377,49.24,84.9566233196354,42135.66185499995
MAC,2009,7.64869435667655,57.4558050087889,100.0,83.3626752334629,-1.91124126911204,7.31536109805833,54.0,87.7410494702222,42135.66185499995
MAC,2010,7.302134802860715,56.8660267414696,100.0,84.4047797310652,11.010544401215425,4.80806668554439,55.198,87.7410494702222,42135.66185499995
MAC,2011,7.539735584664109,56.1253216995756,100.0,84.836153720416,4.76089394778049,4.16026426410164,60.2037,87.7410494702222,42135.66185499995
MAC,2012,7.47030452113035,57.5709317925641,100.0,85.153049804141,8.25528889419514,4.03466730800993,61.31,87.7410494702222,42135.66185499995
MAC,2013,7.34738984241813,62.51508476181,100.0,85.4885503097441,7.32083901346214,3.71772120246942,65.8,87.7410494702222,42135.66185499995
MAC,2014,7.3537283236706354,77.347359124031,100.0,85.2484817014579,4.41326860101837,5.03673043303847,69.7809,87.7410494702222,42135.66185499995
MAC,2015,7.212109630112025,108.511704087234,100.0,85.0449171067958,1.08257865214181,7.71438683122985,77.6001,87.7410494702222,42135.66185499995
MAC,2016,6.830734030415449,117.673690461951,100.0,85.7709131034191,4.13475853837245,6.6362167139086,81.643,87.7410494702222,42135.66185499995
MAC,2017,6.9953339343812,113.628459884464,100.0,86.4158824220433,3.38191416637271,5.0054002635725,83.1741,87.7410494702222,42135.66185499995
MAC,2018,6.837117702721596,113.85829727128,100.0,86.8624396682039,3.12603183085927,4.09915340392799,83.7941,87.7410494702222,42135.66185499995
MAC,2019,6.928122318834346,119.791555781742,100.0,87.0890367634036,11.010544401215425,4.21771801864083,86.4679,87.7410494702222,42135.66185499995
MAC,2020,7.60187990877954,141.48987381863367,100.0,87.4826925533274,-4.3599322772924545,8.50646649898002,87.4623,87.7410494702222,33853.7761550109
MAC,2021,7.171804141915705,141.48987381863367,100.0,87.5376046376348,11.010544401215425,7.77031573024087,88.4681,87.7410494702222,41634.2386139903
MAC,2022,7.123763675609521,141.48987381863367,100.0,87.9281886169584,11.010544401215425,9.27782751417487,87.9696,87.7410494702222,34000.7134128308
MAC,2023,6.896883166243304,141.48987381863367,100.0,88.2796938625325,2.50808598999395,5.43429807775942,89.1806,87.7410494702222,42135.66185499995
MAC,2024,6.776422781139065,129.630265117215,100.0,88.517502628113,3.82364491952989,5.43429807775942,89.1806,87.7410494702222,42135.66185499995
MAR,2004,11.869333718001,83.2922890768629,78.2,34.6260544868431,1.35118647717804,24.0029876116656,11.6079,45.6602444605801,2301.08178710938
MAR,2005,10.6988804483578,83.2922890768629,78.6,34.9416435319499,2.42635467647837,23.6812068826614,15.0844,47.3638124036934,2342.15478515625
MAR,2006,12.304168098197,83.2922890768629,96.5,36.1509633031663,3.24283497739456,22.7530814100902,19.7712,46.499023933398,2489.99291992188
MAR,2007,9.8752466486995,83.2922890768629,82.2,36.9822711267659,3.24999332315429,22.422939278529,21.5,48.6528084619907,2540.615234375
MAR,2008,10.864961794312,83.2922890768629,84.1,37.1615298715306,2.42213508852785,24.3155822554726,33.1,46.5404621172017,2648.58569335938
MAR,2009,11.9650475529562,83.2922890768629,85.9,37.5030208727017,1.94782744330848,22.25957486397,41.3,47.3016732715882,2710.66650390625
MAR,2010,11.9620812709231,83.2922890768629,95.7,37.9163267857543,1.2299824583835,23.7119126900355,52.0,47.166110243688,2767.04223632813
MAR,2011,12.0819026098454,86.804176959607,96.1,38.3636987375126,2.29046840496639,24.5065191885483,46.1075,48.2264357061115,2879.53930664063
MAR,2012,11.3297511522793,87.7618401933056,96.4,39.397410803266,2.65758712641507,24.2659773507632,55.4161,49.1349653712344,2927.45043945313
MAR,2013,12.3583661932506,83.5655425605352,97.2,40.1198492947659,2.90386264044041,24.1531288845084,56.0,47.6140626235819,3008.185546875
MAR,2014,10.3531465249527,83.5103076143461,97.3,41.2697321255461,2.95925435484489,25.8132675090419,56.7746,54.7549862499925,3051.458984375
MAR,2015,11.7961931846113,78.3933979966934,97.3,41.8404572080572,2.94611108390154,25.6226817262287,57.08,52.2029571874719,3146.24780273438
MAR,2016,10.3219651103177,80.2299496773881,97.8,42.9974743543737,1.93000540251056,25.685104578574,58.2712,53.3932404781727,3124.42504882813
MAR,2017,11.1602887992375,80.1940481650889,100.0,43.7379808679152,2.26092196120537,25.405454806575,61.7622,53.0987601129781,3242.64428710938
MAR,2018,11.3055402401365,78.9568101792168,98.1,44.6127972748406,2.78337936840164,25.2413538068182,64.8039,53.070813570865,3304.7119140625
MAR,2019,10.8424017370039,81.4748595489145,99.6,45.589788090844,1.33479789567415,25.2499524130611,84.1204,53.4781212999139,3364.73950195313
MAR,2020,10.6636401420592,90.9314449752958,100.0,45.419794542093,1.16907334587558,26.0436433872433,84.1204,53.1903022793513,3090.89428710938
MAR,2021,11.9779439009277,86.0589211866222,100.0,45.8487443301613,1.59422321445366,25.9539090511005,88.1303,51.7882000339975,3309.130859375
MAR,2022,9.79618893785634,87.5362177555407,100.0,47.4721835517324,1.74814323662076,26.0855513037114,89.9,54.4992684878357,3334.91162109375
MAR,2023,11.1311743840061,80.5048085794867,100.0,47.6455722738986,0.725864122672683,25.3229740167851,91.0,53.7147502674415,3421.21704101563
MAR,2024,10.5673287621047,80.5048085794867,100.0,48.0903598495352,1.02047789871899,25.6379794827026,91.0,52.7268616776438,3516.15405273438
MCO,2004,8.85025144123636,32.8688540294339,100.0,49.9543541630426,2.60618528064118,12.9223473621814,52.4902,87.0751827702035,42135.66185499995
MCO,2005,8.48610428920676,33.7215866396037,100.0,50.3642347768599,2.97971035930976,12.9223473621814,55.4648,87.0751827702035,42135.66185499995
MCO,2006,7.82080658741648,34.8081787114827,100.0,50.6231769549281,3.75983551599556,12.9223473621814,61.476,87.0751827702035,42135.66185499995
MCO,2007,7.45235394606923,37.7291069327007,100.0,50.6590283450837,4.49541724323026,12.9223473621814,64.3777,87.0751827702035,42135.66185499995
MCO,2008,7.33416514904005,39.431944966087855,100.0,50.9593888378512,3.819961834919515,12.9223473621814,67.25,87.0751827702035,42135.66185499995
MCO,2009,7.64869435667655,41.32547358889725,100.0,51.6048881399569,2.7273246675590848,12.9223473621814,70.1,87.0751827702035,42135.66185499995
MCO,2010,7.302134802860715,42.195981646899696,100.0,52.5390147086811,2.9581243237533696,12.9223473621814,75.0,87.0751827702035,42135.66185499995
MCO,2011,7.539735584664109,42.449202388170605,100.0,52.6145323962141,3.22345791309207,12.8252023227104,80.3,87.1747976772896,42135.66185499995
MCO,2012,7.47030452113035,43.24887542568235,100.0,53.1341994600021,2.79564240848119,13.0162423374648,87.0,86.9859948991006,42135.66185499995
MCO,2013,7.34738984241813,42.30243639204765,100.0,53.5430702246149,2.835264086128305,13.9971636952998,90.7,85.9987844408428,42135.66185499995
MCO,2014,7.3537283236706354,43.742921585242954,100.0,54.1410067239807,2.5372461391931553,12.62918561389,92.4,87.3726934495847,42135.66185499995
MCO,2015,7.212109630112025,47.51686846027865,100.0,54.4112830836989,2.67805945213605,17.5917398696515,93.3633,82.4082601303485,42135.66185499995
MCO,2016,6.830734030415449,47.0982594371968,100.0,54.5049047408101,2.72369103810558,18.2559909686468,95.2082,81.7474299984606,42135.66185499995
MCO,2017,6.9953339343812,45.600325891793204,100.0,54.188247670037,2.59566397203178,12.801953584793,97.053,87.1962895943501,42135.66185499995
MCO,2018,6.837117702721596,45.86608163933535,100.0,54.7593556383935,2.31853378102074,13.1470370674776,90.19635,86.8529629325224,42135.66185499995
MCO,2019,6.928122318834346,46.1406537653286,100.0,55.8657560901886,2.353976227536025,13.0361610188765,83.3397,86.9638389811235,42135.66185499995
MCO,2020,7.60187990877954,51.46377338764225,100.0,56.0999877808229,1.6951678239901,14.8961444474613,98.5709,85.1038555525387,42135.66185499995
MCO,2021,7.171804141915705,47.77472256475425,100.0,55.305223900281,2.7126492262053548,12.5457762416163,99.0776,87.4569669039488,42135.66185499995
MCO,2022,7.123763675609521,45.7439409376828,100.0,55.997466048887,2.260714655017715,12.2757894484929,99.1497,87.726603726173,42135.66185499995
MCO,2023,6.896883166243304,45.427065277604356,100.0,56.4243401985256,1.98648740838048,11.5023778642456,99.1497,87.7410494702222,42135.66185499995
MCO,2024,6.776422781139065,45.49182954994115,100.0,56.8251366111918,2.27442939976329,12.7969646852807,99.1497,87.2030353147193,42135.66185499995
MDA,2004,17.5867382617383,29.497046030424,99.1,36.3717231039257,5.81198983204296,20.7175324675325,10.6294,49.8806943056943,1781.19145323724
MDA,2005,16.3997954955912,29.497046030424,98.6,36.8095919101593,6.38146310288962,19.1675900350579,14.6303,50.4115505152449,1919.44550763748
MDA,2006,14.4988760781159,29.497046030424,98.9,37.1625488630772,7.58980668418465,18.7779036510703,19.6206,52.6490324887161,2017.17730062908
MDA,2007,9.98297024143739,29.497046030424,99.0,36.0491407269877,11.010544401215425,19.4423919146547,20.45,55.9735991016283,2082.51260097669
MDA,2008,8.8109341724675,29.497046030424,99.1,35.9086635072979,11.010544401215425,19.1217348463177,23.39,56.4299847430152,2249.22589719372
MDA,2009,8.49746275029227,29.497046030424,99.2,35.7474475423348,4.85271053589236,17.1628740871454,27.5,60.0497721298214,2116.94357544097
MDA,2010,11.1612572325879,29.497046030424,99.3,33.7157231748651,4.25879212676733,20.4338917212317,29.68,54.5367158254819,2269.51116145996
MDA,2011,11.3842525996445,29.9278323999166,99.4,33.8138903242335,4.43147611475958,20.9107204171007,32.07,53.572447894711,2402.94446306051
MDA,2012,10.4481727207152,33.702487805818,99.5,32.9281815197057,2.88432657387508,21.3145109050194,34.65,54.4511648315395,2389.08666147529
MDA,2013,11.550361937388,35.7350883426668,99.6,32.8047300098856,2.54698521289676,21.6032575380958,37.44,52.7992027050012,2605.85029986142
MDA,2014,14.0709569584487,31.4038447347649,99.8,30.6270005227269,3.67896919655633,21.1263772009346,67.0,51.5066274945247,2737.80185056647
MDA,2015,12.8212557522034,28.9371352908719,99.9,29.9185985726563,2.89663554883048,21.1076657265026,69.0,53.3342064591852,2749.55137054338
MDA,2016,12.4797438509487,25.8421130047347,99.9,29.3724875919214,1.09561343852844,21.1944646085144,71.0,53.7937240113846,2910.95486872376
MDA,2017,12.1995910772854,23.1336799067392,100.0,30.7521594921729,1.5715119911375,21.0188767695091,49.9,53.1080578877536,3085.33305844263
MDA,2018,10.1468784571365,23.6435926979314,100.0,30.3531706852867,2.75177990255296,22.1479763600006,50.3,53.9337913876541,3267.9961042872
MDA,2019,10.1608126286441,25.3242252682604,100.0,31.3351536989078,4.44218297010915,21.9233489252916,57.7605,54.6779595310298,3438.67732670712
MDA,2020,9.36669201380178,28.6748195514405,100.0,31.8976532976173,1.35047634241375,23.1345230028419,58.2153,54.0947225317709,3188.91691602699
MDA,2021,10.5865870134286,28.5309349890981,100.0,31.1600606816029,2.8200678267721,20.6312606801817,74.495,54.641640960384,3688.16729442144
MDA,2022,8.11428000058421,27.5106411671297,100.0,31.9395599104965,4.03446735088075,19.0908218110745,76.7412,58.8893896635498,3611.95484733286
MDA,2023,7.08454848490601,25.5773164144673,100.0,35.5602579781805,2.15951089914844,17.687867818777,80.2126,61.5158191372832,3760.7000642059
MDA,2024,7.10653748230631,29.3318123812675,100.0,36.5905409268494,2.51844626798863,16.7804760610209,80.2126,62.2659566789328,3851.51202518347
MDG,2004,31.4205052808436,8.60727448499636,22.250000000000014,13.8804423798255,1.0446898563867,18.9068307503233,0.525354,50.2445789659486,443.278654985967
MDG,2005,30.7627339341287,8.4956383039294,22.250000000000014,14.6209563371214,1.45800803699285,18.9068307503233,0.567722,51.4124515283538,450.955230911228
MDG,2006,30.1822717236059,8.781580280411,22.250000000000014,15.9998148034981,4.60749200280627,18.9068307503233,0.607552,52.4774184184697,461.540337897729
MDG,2007,28.0670132910209,8.77598082046615,22.250000000000014,17.5876501135045,9.26011530963958,18.9068307503233,0.65,48.0405252639591,473.785462328449
MDG,2008,27.0525720488789,9.70217947833011,22.250000000000014,19.2634524090223,10.5779307609142,20.4685954426536,1.65,47.7475305832466,490.963935389518
MDG,2009,30.4651481314923,10.1415792882143,22.250000000000014,19.5840135049724,11.010544401215425,18.8332096319198,1.63,47.015745609716,457.789754866068
MDG,2010,29.0780963483597,10.8686616139204,22.250000000000014,20.7108054101064,9.13867133828111,18.0075205568584,1.7,48.7541183093285,447.417143030687
MDG,2011,29.0502057606452,10.1802537806208,22.250000000000014,21.9850632885687,7.05979214971634,17.8532728101343,1.9,49.1347880329208,441.755158414121
MDG,2012,28.0006123574142,10.1166938504563,22.250000000000014,23.4379179525258,7.03680533355538,17.2760843242701,2.3,50.9548624555702,442.641500123543
MDG,2013,26.4930339794941,11.0832879408739,22.250000000000014,20.5779312412493,4.55464531104897,17.9096138237139,3.0,51.5008530957731,440.674658903628
MDG,2014,25.8453829296172,11.6677588601475,23.0,18.2002792085944,2.97751123297568,19.2497828687657,3.7,50.8124409881822,443.343869908205
MDG,2015,25.7433543337656,12.3105923900588,23.8,16.1444622241955,2.89727727453157,18.950884731327,4.17397,50.7680550591088,445.320069480568
MDG,2016,25.1334543599723,11.8878140256576,22.9,16.9446301171359,4.56460803171494,19.4099444668858,4.71366,51.0107328908938,451.15659433146
MDG,2017,24.5501377693098,12.706122619847,24.1,17.7837549359426,3.52797151000056,20.1123576645922,6.4,51.0493152393528,456.851859574031
MDG,2018,23.9733833005861,12.9668768989013,36.5,18.472572658311,4.44792798727992,21.4819574714216,7.7478,48.7393975825603,459.330367799543
MDG,2019,22.9562520100657,14.2116915537463,31.0,19.4606238715033,3.36279830994653,22.445497353094,9.37944,49.803398923588,467.27741349648
MDG,2020,24.6929443981327,16.4151092015642,32.0,18.9686714622808,2.74657132352467,19.4661871058768,11.3547,50.3929947597023,422.924255422319
MDG,2021,22.5220913616157,17.8524446782584,35.1,19.3402757566352,2.49072338064723,22.2500946222266,13.7459,49.6063940347523,431.599103077746
MDG,2022,21.5442357878393,18.639343960455,36.1,20.0740968032148,3.05272592480357,23.3568161543654,18.5532,48.4366085673273,438.516263353189
MDG,2023,22.4047388943437,17.1095450681392,39.4,20.2725437631284,3.27357918889341,22.9390088108736,20.3671,48.4583990467274,445.834551910581
MDG,2024,22.4578773705892,16.6430030734943,39.4,20.6172891989493,3.47985819890072,22.7896189214419,20.3671,47.7176150614467,453.383067004772
MDV,2004,5.58419966027205,23.0814489921507,90.0,60.3047851875601,4.31467445406402,11.0588124850619,6.58825,73.0358466132005,8174.41607301248
MDV,2005,7.72803149548683,38.8425780859539,90.9,62.1870856862264,4.55499673617996,11.7319295235534,6.86961,69.5749976187982,7141.88377049891
MDV,2006,6.59515824761547,42.6367076619964,91.7,64.3217277761363,4.05198051459747,9.51763413160835,11.0364,72.9062181385384,8620.72814678183
MDV,2007,6.16535561061297,54.630228766986,92.6,66.3076232608835,7.08805679103643,8.74551358978161,16.3,74.1194230569246,8933.17166363858
MDV,2008,6.87564686871737,57.7343406855571,93.6,67.9778047450711,7.97903444514319,11.4493071607222,23.2,72.1949374958895,9396.49733610486
MDV,2009,5.41948164022105,53.7810073138324,99.9,69.6676855486211,6.73534012537353,9.62024682960619,24.8,77.9264501620872,8313.4098369723
MDV,2010,5.63412071744814,47.6844927907076,99.0,70.0155331188284,8.36376433060736,9.43175572799709,26.53,77.6940062981947,8569.52494600725
MDV,2011,5.38563467872235,42.428163613364,99.1,70.3764853959205,11.010544401215425,10.0744820731282,34.0,75.0633081409914,9005.81391375104
MDV,2012,5.19060488893993,35.1187463614202,99.2,70.7883328130961,7.89895747225905,9.79079163285008,38.9301,75.4770286319992,8907.66134868182
MDV,2013,5.41343407969003,31.2161620904851,99.4,71.2572193036839,10.9503892160384,8.05840300458009,44.1,75.576223617033,9213.32791442475
MDV,2014,5.30718639208498,28.954899775636,100.0,71.6212225612757,9.01659145068896,8.41391069150311,49.28,75.405092890608,9612.07861806739
MDV,2015,5.53360354751635,29.1014786368812,99.8,71.7647740440324,7.21577938190819,10.7232265324627,54.462,72.3765842355726,9644.90655028145
MDV,2016,5.62856347337925,30.3476225372342,100.0,72.005584703149,10.3547618700189,11.2741492118251,59.5,69.9439456799519,9909.07669723415
MDV,2017,5.2710997522179,31.1989633144231,99.8,71.4773178416897,9.50514529202919,11.4251984418663,65.0,69.4930565365242,10263.2991147672
MDV,2018,5.12400562914012,31.0378663786162,100.0,70.7971344415227,10.6517647807373,13.0536487636968,70.9,68.4267005521203,10793.8941325367
MDV,2019,4.49402389452079,31.539334008471,100.0,70.0349122882634,11.010544401215425,11.942543801854,77.4697,71.2654681353912,11194.9253748064
MDV,2020,7.57494516566345,53.3551626912335,100.0,70.0860736739289,11.010544401215425,12.5605138294635,79.0978,70.787997194807,7295.60220956454
MDV,2021,5.30620397187521,39.3089828252313,100.0,70.3097817661953,11.010544401215425,9.19229754672137,81.9576,73.1643124551169,9759.2219360708
MDV,2022,5.06182478777329,35.2169697593796,100.0,70.6616285451437,11.010544401215425,9.91861727669278,83.9119,73.567430802867,10939.9963271738
MDV,2023,5.08184565371649,35.8362090976748,100.0,71.0313718893162,11.010544401215425,9.64044739735597,84.6851,70.7639209152849,11439.5364342871
MDV,2024,3.84195889727814,35.6928394843112,100.0,71.4367502726281,11.010544401215425,9.19750765842896,84.6851,72.0973260767818,11798.791369146
MEA,2004,7.09647376496609,36.4218451604115,84.9804101170533,45.2529203653868,2.40114209398484,44.1902602531211,8.3,47.7965814463042,4292.69394546798
MEA,2005,6.38938414417505,37.0887524895305,85.9579036662094,45.5094450380224,4.00253811286313,47.7827040390114,8.3,44.8979804862907,4413.06728927417
MEA,2006,6.13994447410055,37.0350325275877,87.6565823004563,45.480733731228,5.10567797181009,48.776458168486,9.6,43.8164127470911,4564.98448996785
MEA,2007,5.94891793868808,38.3387930380142,87.15191140522,45.4963312545087,4.87375578843757,48.0512082550429,11.7,44.6683274792247,4689.93167710735
MEA,2008,5.36467415019251,37.9412666679679,88.0946609813966,45.7253053461841,2.95125464880926,50.1108086225645,14.1,42.7591188270347,4780.09426990896
MEA,2009,6.57065908575456,41.9040022755569,88.74034285556,46.4518446845299,1.92817821930932,43.1418808876687,16.1,48.6073546474709,4720.39884992496
MEA,2010,6.15659624665272,41.8341920059126,90.5608198614909,46.5204591030637,2.1509688553634,45.309618511398,18.3,47.3918189394789,4846.87350895943
MEA,2011,5.67842909917552,39.3392057410586,90.7761559347102,47.0176467949736,1.46381282457288,48.0407699153577,20.1,44.80245396894,4921.0673637503
MEA,2012,5.7495088772156,38.3053319709251,91.8541213665318,47.429927772738,1.45951158380611,48.1103257496345,22.4,45.3120533007526,5018.45851427188
MEA,2013,6.04824075418112,38.4552939924867,93.1479690416445,47.7626831758816,1.27037460841463,46.5599170719262,25.2,46.3830194025129,5030.48983466441
MEA,2014,6.16490826129586,41.2750619758924,94.0320956677215,48.0893079292416,0.845164809430286,44.2269317444417,28.7,48.5276256131484,5086.55092778754
MEA,2015,6.90418425788981,47.7551395804379,93.4360655461117,48.6190887454694,1.07831728237172,36.2493554387456,31.8,55.1280191102463,5125.68064083245
MEA,2016,6.76618743649573,53.4716675670062,95.158764819742,48.6891158279856,1.85928147955842,34.3461503663222,35.0,56.4481078515579,5259.35921867209
MEA,2017,6.49665546314937,51.0655429467144,96.0012431691978,49.2272188705323,2.57067519256193,36.1431563051859,39.7,55.0234765459844,5279.9701627926
MEA,2018,6.19837298903476,51.544804783756035,94.9706861712286,50.3911534828314,3.52547321601469,39.1623339459004,42.3,52.0329575956076,5321.7434512062
MEA,2019,6.23223943949395,52.02406662079767,96.0087072984601,50.4188148995679,2.25030657595192,37.5232191218194,46.0,53.6876421074135,5316.51746627674
MEA,2020,6.90951731978884,52.5033284578393,96.2621204422818,50.349939786848,2.45395199461549,32.877947098183,50.6,57.1536702942,5033.14208530647
MEA,2021,6.47112376956391,52.5033284578393,96.4166690553693,50.551568647749,4.08661996306979,37.9271482071992,54.2,51.9410820084673,5209.67271136343
MEA,2022,5.89098584462715,52.5033284578393,95.8637945014964,51.2765983428246,2.4531076990245,43.218816823565,57.8,47.789791233402,5440.81530487828
MEA,2023,6.2001192066564,52.5033284578393,96.4226367435274,51.2455901002424,2.6870361649668,39.7069954028138,59.5,50.8039364074819,5455.97429791083
MEA,2024,6.65551811619884,52.5033284578393,96.4226367435274,51.3861685683904,3.81341246026811,37.8192384548217,61.5,51.9842255903004,5466.08902649321
MEX,2004,3.18594698304908,14.1054932641584,98.6,60.4064197810211,3.06821035154364,33.0062868258443,14.1,59.5869309292277,9421.28975988024
MEX,2005,2.94567227515179,15.3135908131833,98.9,60.8725335733574,2.74220134218643,33.0531376314209,17.21,60.0439876595723,9491.51730225718
MEX,2006,2.9429551635864,18.3518916727969,99.1,61.4293226523743,2.16893035275929,34.3856666700872,19.52,59.0671808513914,9813.8280424425
MEX,2007,3.041865670976,20.4394698049344,97.9,61.8643812974126,2.81398718018792,34.0245019473839,20.81,59.303362048211,9877.69532644737
MEX,2008,3.02875898082786,19.7553753221619,98.9,62.4657907751448,2.56307995916969,34.8480623925215,21.71,59.6814143877222,9826.3421836048
MEX,2009,3.10059841918842,21.6119225648182,98.3,63.3540591427236,2.08311648626813,31.9993138894743,26.34,60.9462035455162,9074.1188145564
MEX,2010,3.09200838670805,22.3237750257634,99.2,62.7000618091476,2.76223720216686,32.539487048306,31.05,60.4783490503534,9389.06722084275
MEX,2011,2.97569483968178,23.5848328387345,99.0,63.0754572070183,1.9442261568419,33.8231022149217,37.1763,59.8866488342752,9575.93437788582
MEX,2012,3.04872937148888,24.9270563810171,99.1,63.1650072467238,1.45258915052409,34.0963424723894,39.75,59.9372072773832,9782.51776305354
MEX,2013,3.02454277578135,27.859059328804,99.1,62.9087402606413,3.83670268161454,32.1682751258816,43.46,61.0665777215901,9738.71059803658
MEX,2014,3.02713651853573,28.1836821076474,99.2,62.3588932146471,2.08415748550878,31.9175541331636,44.3857,60.078270567972,9862.48125444199
MEX,2015,3.0851863436743,30.8304978674097,99.0,62.4046930758004,2.98783786595647,30.8402536092133,57.431,60.5061359736518,10021.2386118827
MEX,2016,3.2462890783797,32.9508423866166,99.5,62.3368592638773,3.49768027047347,30.6167913981452,59.5404,60.0750683879945,10100.5021214015
MEX,2017,3.29751177575275,34.3431256723362,100.0,61.9539894650594,2.78307493352174,31.9586846731805,53.0318,59.3653310273766,10193.7727193457
MEX,2018,3.296959452726,33.6152178137641,99.5,62.1152945857021,3.01417850463095,32.0438654533728,56.6596,59.2695792093443,10296.8690928534
MEX,2019,3.31502440184845,35.5851864870933,99.6,62.8021706856786,2.29651449578107,31.8382961395485,69.6321,59.1556030063002,10159.4448364319
MEX,2020,3.71114888236172,36.9325897608776,99.4,62.4738617605553,2.81338849125769,30.9999803907609,71.4902,59.1896498577258,9234.64362317923
MEX,2021,3.78266528758294,35.0570605505008,100.0,62.2232668299208,2.70547578986932,31.9695289853652,75.6265,58.3256995124848,9728.05680032556
MEX,2022,3.89806570970786,34.248769611067,100.0,62.3783104933543,2.6714140927358,33.1638305245733,78.6322,58.1306222617617,10013.2479236143
MEX,2023,3.83754974792513,33.1534200996483,99.7,63.0041249209599,1.70739186154278,32.6059323521063,81.1832,57.5637379012085,10259.1766616403
MEX,2024,3.72451065844835,34.58590401101,99.7,63.6981717471195,2.44924957519445,31.7777432689428,81.1832,58.1037604498508,10316.4611902215
MHL,2004,7.21851015801354,32.8688540294339,74.3,49.9543541630426,0.869826937547028,10.3000752445448,3.59978,77.9586155003762,3234.15265200518
MHL,2005,7.12086956521739,33.7215866396037,75.7,50.3642347768599,2.37653794315156,8.12275362318841,3.8787,78.6161594202899,3284.78403267445
MHL,2006,7.06717877094972,34.8081787114827,77.2,50.6231769549281,1.31058779650038,11.3769553072626,3.79559,77.0531424581006,3285.12078781351
MHL,2007,7.34398671096346,37.7291069327007,72.3,50.6590283450837,4.64273221779953,13.2601993355482,3.95,76.4588704318937,3403.47842798117
MHL,2008,8.80757162346521,39.431944966087855,80.2,50.9593888378512,3.8845475551006,12.7225102319236,4.6,76.7916098226466,3146.26177205458
MHL,2009,9.57301587301587,41.32547358889725,81.7,51.6048881399569,9.68877973310476,13.628373015873,5.6,76.2601851851852,3262.26955535477
MHL,2010,10.5856610800745,42.195981646899696,89.4,52.5390147086811,-4.3599322772924545,14.622905027933,7.0,71.7093109869646,3441.31888402121
MHL,2011,13.8842716192687,42.449202388170605,89.9,52.6145323962141,-2.5425891687052,13.5373766686013,10.0,69.3441091120139,3433.06297801838
MHL,2012,17.8198118428334,43.24887542568235,90.4,53.1341994600021,11.010544401215425,13.3474266740454,12.5,67.2539014941893,3420.91444796671
MHL,2013,15.8570815450644,42.30243639204765,90.9,53.5430702246149,11.010544401215425,13.8843347639485,14.0,67.7777360515021,3602.92811901896
MHL,2014,12.0370967741935,43.742921585242954,91.5,54.1410067239807,4.86434681611556,14.5738172043011,16.8,70.9195698924731,3620.77275283155
MHL,2015,12.4228089275993,47.51686846027865,92.1,54.4112830836989,-2.9361124111434,11.298856831791,19.2824,75.7413718018508,3764.34426229508
MHL,2016,12.7276511397423,47.0982594371968,92.7,54.5049047408101,-1.51429506881848,15.2969772051536,29.7878,71.6852824578791,3946.8444109078
MHL,2017,15.8322414599906,45.600325891793204,93.8,54.188247670037,2.73069605974974,13.0123069723912,38.7012,71.9682732802995,4190.93468589482
MHL,2018,16.2795,45.86608163933535,95.3,54.7593556383935,4.43275061931595,12.1986818181818,43.8825,72.5014545454545,4542.34293916308
MHL,2019,18.2091455560326,46.1406537653286,96.8,55.8657560901886,2.21765571320359,14.4171747531129,49.7575,69.792314297982,5162.81500670348
MHL,2020,19.9060380479735,51.46377338764225,98.3,56.0999877808229,1.25933048526425,13.3453680727874,56.4191,68.8931761786601,5172.57528216176
MHL,2021,24.7416872933968,47.77472256475425,99.8,55.305223900281,0.191172042544106,11.1957734638328,63.9726,64.3187419431854,5455.31642282232
MHL,2022,20.5804021024429,45.7439409376828,100.0,55.997466048887,0.994849672770884,9.59065346092379,64.8023,69.0630003109867,5591.46421459004
MHL,2023,18.9385363020948,45.427065277604356,100.0,56.4243401985256,0.773225575444257,11.6835467367783,65.7177,69.7185136873888,5482.44553639985
MHL,2024,19.5849162789842,45.49182954994115,100.0,56.8251366111918,0.587459539725077,13.1762033498926,65.7177,66.9908120927035,5811.03355673487
MIC,2004,10.9601511263666,59.4869492442093,79.7506013869186,35.4561306061738,2.49057325989498,35.0698100849103,8.350000000000001,48.7147643378486,2671.06832098
MIC,2005,10.1703451054612,58.2139101698536,80.9114618782945,35.9674903482839,3.03659328020887,35.6573434077987,8.95,48.811922371996,2831.05223711225
MIC,2006,9.64886113619788,59.6835555738947,81.685538137335,36.6312322527002,3.15786914442839,36.331495111691,11.3798,48.8066795869754,3026.12925447476
MIC,2007,9.61100054291997,62.3386956146807,82.6476038900689,36.9549205174493,3.53721986841913,36.147192053985,14.8133,49.1041041296029,3254.29975423416
MIC,2008,9.61165590416449,61.3556476830855,83.7498298248935,37.4446454251433,3.39296472716287,36.9445919013639,19.5,48.6852972005324,3404.98708871015
MIC,2009,9.76047959226094,71.087541822623,84.2668974741851,38.1049158538233,2.4613164378605,35.5919796546023,24.05,50.1072342862128,3497.74128828918
MIC,2010,9.56259307033853,72.6769138604661,84.9999537271052,38.480896652557,3.0367956409759,35.9704841998736,28.33,49.462046822218,3737.17369206799
MIC,2011,9.40470096663277,73.8736027438309,86.5077282234945,39.2000352174127,2.99070831800435,36.620836603169,32.0,49.0729489569479,3929.35951257039
MIC,2012,9.27622072595587,78.437293201908,86.8565606090893,39.696290803597,2.58654170036605,36.4524799781229,35.34,49.765891385528,4098.86423214222
MIC,2013,9.29109490856484,82.903341665054,87.8878167251911,40.8711337455708,2.63860492673957,35.6516379157538,38.5,50.6078017832234,4276.8418859906
MIC,2014,9.20865745010363,87.3174075116247,88.4907385219608,41.9467095780967,2.33407433747333,34.9635437641146,43.0074,51.5371331057503,4444.30945842191
MIC,2015,9.2333224378854,95.7464600942173,89.6958037766237,42.9871591583024,2.33388385054462,33.5419194725559,46.5,53.1068323389331,4602.5168269161
MIC,2016,9.19129750099729,97.4044891816643,90.7291286306228,43.5616188454411,1.99354385004663,32.7766471093831,51.5,53.8201243643618,4768.02490169307
MIC,2017,8.79073838235149,97.574842720119,91.7558824062698,44.1141477740656,1.80743819293104,33.1613368176634,55.4032,53.7764343541989,4967.67314800986
MIC,2018,8.45387391747585,103.201858893137,92.8949172748869,44.7689744149373,1.96467251516205,33.7763247570042,60.1126,53.8165388095371,5160.5638050536
MIC,2019,8.80073584148248,104.847302541628,93.2810806550699,45.3477464640636,1.69592877730389,32.7737397478454,64.3,54.6522485681407,5320.7385938622
MIC,2020,9.63624567611825,119.268367937064,93.6244047915351,44.6669930838895,1.73071244056251,32.3504498515386,70.0528,54.5709287484159,5211.08110372645
MIC,2021,9.19517754743909,117.197068302237,94.8333917992069,44.8234827755519,2.03885670386137,33.9466292174343,74.3716,53.359305666727,5552.64149986245
MIC,2022,9.03735874419318,124.8048165677,94.8579251685419,44.6122157579748,1.5703446967893,34.0804884960566,76.6,53.3189586994882,5731.4739020229
MIC,2023,8.75564338071451,130.021932063388,95.1581054427171,45.1327103368829,1.0413857715068,32.8846047794507,79.4848,54.4648128840612,5965.65860396171
MIC,2024,8.62789909886883,134.514637890987,95.1581054427171,45.5470540258416,1.07729339032858,32.2908796498532,79.9923,54.9536396004451,6177.02279223057
MKD,2004,11.5539948572935,48.1121966084921,99.4,48.2776561738391,5.4398972911896,21.0384420875685,24.44,54.1939412933693,3473.76544811451
MKD,2005,9.73619454882038,48.1121966084921,99.1,47.4312270499052,2.32207737874559,20.3620070871171,26.45,55.766792998473,3657.56307699216
MKD,2006,8.98936805638514,48.1121966084921,99.0,47.931243644408,6.22985642423446,21.6625851152789,28.62,56.2859873372357,3866.74650622977
MKD,2007,8.93241688545385,48.1121966084921,99.1,50.6590283450837,8.79828562205673,20.5809235456128,36.3,56.6726291201939,4140.63354809364
MKD,2008,11.4435151485936,48.1121966084921,99.2,49.2658606839492,6.17271448582765,19.5331292631782,46.04,55.1066547759647,4392.5507164151
MKD,2009,10.3701684908181,48.1121966084921,99.2,52.2360235266078,2.76045082206623,18.9727028474128,51.77,57.0893488526899,4405.20045750867
MKD,2010,10.1206048077275,48.1121966084921,99.5,52.5390147086811,3.20438209801498,21.0422688522191,51.9,55.0944897735173,4582.36517512347
MKD,2011,9.35099292094117,48.1121966084921,99.7,51.6816815843305,4.83981702288781,21.5924220032487,56.7,55.0949403902746,4711.13027870081
MKD,2012,9.10471970396591,48.1121966084921,99.6,52.8546067901164,3.46744163927686,21.0808587045723,57.4499,56.3116157384889,4708.05168535923
MKD,2013,10.0274760854448,47.6490949146215,99.7,50.8798878070331,3.72036775399161,22.1404647622691,65.24,54.8447770531849,4863.68088666968
MKD,2014,10.1775672771312,50.513553958547,99.8,51.1774720816468,0.535807905351314,22.822578658191,68.0585,53.8266326277266,5053.75001236367
MKD,2015,9.72691849418736,52.0320364694667,99.9,51.6713711521262,2.94702779153329,23.9221832208017,70.3802,53.7301817323071,5262.68671928674
MKD,2016,9.17290831294816,48.9780058468049,100.0,53.2274460559059,5.14755489783813,23.9630460915105,72.1568,53.5495422792727,5429.94678358359
MKD,2017,7.87324504211252,49.8844792422858,100.0,53.580484326143,3.36726558000357,24.2589458765972,74.5168,54.5391890711302,5510.81862920922
MKD,2018,8.47039846991427,50.2444525582772,99.8,53.5884790497186,5.11494867914756,24.0504298826712,79.1678,54.3216751049362,5698.39334484489
MKD,2019,8.13229139447626,51.2679656532734,100.0,55.2972192452715,4.35892493383855,23.7034834116039,81.4129,54.994997711796,5961.58475399191
MKD,2020,8.56905928759264,55.7466286882264,100.0,57.4972502883301,0.0622421869397704,22.7433958881186,81.4055,56.5553416357877,5743.72649424581
MKD,2021,7.14748884425831,55.501013341123,100.0,58.0592895584066,4.97315294989199,22.5805920939893,81.8737,56.6626681929412,6064.92315120022
MKD,2022,7.27988785468163,54.2953220350026,100.0,60.0539073396916,6.13067578989693,23.0244680694634,85.008,56.3668315026394,6250.62720952063
MKD,2023,6.2308866977397,52.0414910448266,100.0,61.1889090240533,4.04601094449743,24.0124323129383,87.1819,56.9248687459104,6423.99221393369
MKD,2024,6.08292801881823,53.9265036277025,100.0,60.5766420099385,6.23445070666485,24.0675864525462,87.1819,56.2488933827217,6628.84686594032
MLI,2004,23.7241309998183,14.302163640768,22.250000000000014,23.8429402282567,1.3104512944739,16.8551885175856,0.43282,50.1080870456577,800.501816706213
MLI,2005,24.2687063406071,12.4831174135027,22.250000000000014,24.4977869284972,2.15749775651619,20.6177348469944,0.507063,46.3414087058786,794.373328211361
MLI,2006,22.200470279959,13.0338404025866,22.250000000000014,25.0801119695754,1.8062250031959,24.1071894414728,0.729627,45.2894690334213,797.100532884951
MLI,2007,23.3084533846113,13.6593665962248,22.250000000000014,25.0414953743597,2.12739780758978,22.8987343041739,0.81,46.104121556801,784.893915016638
MLI,2008,23.8672330814583,10.2485311515508,23.4,25.0100556260185,2.33379628946697,22.9179833333908,1.57,46.1069254019307,787.156518987615
MLI,2009,25.1844479674011,13.8659811804278,24.0,24.7941208047549,5.34101259306611,24.1177890486017,1.8,42.5421004229471,803.486738927624
MLI,2010,25.9857196698272,15.1441549132882,27.0,25.169181058964,2.92612695500016,23.77623896597,2.0,42.7504445319706,821.181286587872
MLI,2011,27.5615497296504,15.4832101716404,28.8,25.3598055656743,3.60372353519049,23.9979253880521,2.2,41.2722148413838,818.399030995547
MLI,2012,30.7772665359157,16.4474522497723,25.6,24.7724843498688,2.68901249459022,23.4100351460877,2.8,38.7717273817181,786.323471336853
MLI,2013,28.4968116076853,17.5824705337783,32.4,24.8220002070362,1.95552894419919,22.6884096448375,3.5,41.5078597880673,788.819448205749
MLI,2014,29.3244531265672,18.55947925554,34.2,25.3023008611946,0.844265987943503,24.0582958024424,7.0,40.1987213398366,813.975661285204
MLI,2015,30.525122276133,21.0168582324221,37.6,29.4735150688959,1.7680955706499,22.3555320283093,10.33,40.0970307151047,838.11986940103
MLI,2016,30.9987192702461,22.1370457826586,38.8,28.3796825723461,2.129006916198,21.8908239361417,14.0,39.318867039934,860.75307554569
MLI,2017,31.4007766435761,21.7776424964418,34.8,28.6341284896201,3.0627942747803,22.1743386291663,18.9,38.465341607849,878.561348377434
MLI,2018,32.4975413984656,21.4473604453662,50.9,29.3397168811053,2.29426079238045,23.2080317204235,21.4,37.7025904458647,892.978322791418
MLI,2019,32.2682205547332,20.6750806962891,47.9,33.8892453911985,4.19531107984596,23.0829741121544,24.9603,37.2907298223604,909.751069703313
MLI,2020,32.2899608370191,21.9275348579908,50.6,22.6320917233962,2.5936673302322,26.7389536942111,29.113,35.2593907469673,872.389426814294
MLI,2021,32.0375587266747,23.7454169625775,53.4,24.5797550625369,2.78245724174957,25.7140408570411,33.9565,35.3863444638051,872.332509419855
MLI,2022,32.7176729018653,24.7511049833223,53.0,27.1668551477153,3.17422530916772,25.8229787953173,34.3797,35.4460346344289,877.817842432934
MLI,2023,32.2126407432108,23.1961615406072,54.5,27.5112501936573,2.83131972701562,25.4644896482405,35.0921,35.8983947013896,892.360907760383
MLI,2024,33.2515839930836,22.4108656078965,54.5,27.795932829076,3.43740692659041,23.4585096624927,35.0921,36.314957700289,909.755317910813
MLT,2004,1.84736505981709,97.7455797969685,100.0,68.1435674702225,11.010544401215425,22.2283553941103,34.62,63.5499754739936,17728.3659761648
MLT,2005,1.7875545637088,97.7455797969685,100.0,68.6296159980371,11.010544401215425,20.7396104779478,41.24,64.2901080746269,18123.2685184554
MLT,2006,1.81352377451364,106.891026793591,100.0,70.068987442378,11.010544401215425,19.8027408604861,40.41,65.2891824679354,18479.213008171
MLT,2007,1.75516216776462,108.640486863941,100.0,72.360421146289,11.010544401215425,18.5084345096825,46.9,66.9616316888253,19342.3252929886
MLT,2008,1.07473974006632,114.421619086191,100.0,72.6487733786738,11.010544401215425,19.3020953869214,50.08,67.6896739441142,20064.4610845081
MLT,2009,1.33019188999536,121.567126237187,100.0,73.4958180235931,11.010544401215425,17.6546616448497,58.86,68.5819873566602,19635.9157805971
MLT,2010,1.27165196308386,115.005397490703,100.0,73.1170006923118,11.010544401215425,17.444614846917,63.0,69.4975433945079,20750.6479461598
MLT,2011,1.0871330532594,116.944503536881,100.0,74.2907281148413,11.010544401215425,16.4455470187534,68.0198,69.9305579683524,20867.9310851632
MLT,2012,1.09105416670745,108.605777284142,100.0,76.7695644919072,11.010544401215425,15.0753253659227,68.1999,71.976214746342,21529.3982167566
MLT,2013,1.01983618468905,99.874609163881,100.0,77.1391251061634,4.72416455228897,14.5596005126626,68.9138,73.0407529416444,22626.4981391343
MLT,2014,1.00159760012932,94.4910579811224,100.0,78.0194572029367,1.31122389873341,13.0760489285081,73.1141,74.357127465124,23866.0667851301
MLT,2015,0.94156553720691,83.4139059471266,100.0,78.5517303173908,11.010544401215425,12.0894145378063,75.96,76.1301103065719,25529.6813337717
MLT,2016,1.01031741652999,79.3205682926709,100.0,78.9734926495013,11.010544401215425,12.27883734522,78.0751,75.7999148437723,25969.5120352027
MLT,2017,0.675890232339448,70.8847611878873,100.0,79.2078407416724,11.010544401215425,11.4557590803113,81.0119,77.4370339800469,28546.6597365912
MLT,2018,0.621888875995756,69.089386493319,100.0,80.2243012670582,11.010544401215425,11.5164039502955,81.658,77.1218459299856,29536.8052374716
MLT,2019,0.471910659536485,69.529324036704,100.0,79.6207721894313,11.010544401215425,12.0663263039942,85.7786,77.2158691630937,29522.661886008
MLT,2020,0.785620108993087,75.1280023683776,100.0,80.3129793948253,11.010544401215425,12.2128636754004,86.8588,78.5580595850953,27861.8202844538
MLT,2021,0.881852278329264,68.4096864844468,100.0,80.8645927465234,11.010544401215425,11.4446268221058,87.4698,79.6883810098911,31436.3493030938
MLT,2022,0.839345917125421,68.9601981982727,100.0,82.0174292554431,11.010544401215425,11.2986859561477,91.5406,80.6068454474279,31430.6187070236
MLT,2023,0.0533608475644054,64.2026808402786,100.0,80.8697256906481,11.010544401215425,11.088762805751,92.0727,81.7289465869198,33408.2005015872
MLT,2024,0.225064607054737,61.9195849800298,100.0,81.1579153000689,11.010544401215425,10.6647509488158,92.0727,81.772969602807,34670.0815997119
MMR,2004,37.39843224498363,4.74016289477332,46.2,26.937157894557,2.0001628964787,16.3663619555986,0.0243374,37.0590889399783,463.33013572168
MMR,2005,37.39843224498363,4.65705970100153,47.3,27.2675751042913,1.95966396539679,17.512204636055,0.0652389,37.0590889399783,522.099544791815
MMR,2006,37.39843224498363,3.87713991831058,48.4,27.5130574200016,1.90182128285749,19.2372930203744,0.182048,37.0590889399783,586.085579935448
MMR,2007,37.39843224498363,3.42373646489974,49.5,27.7867365201388,3.5175166973129,20.4091296662276,0.217128,37.0590889399783,651.729730899198
MMR,2008,37.39843224498363,3.12110290159629,50.6,28.303417239234,2.71127181000311,22.6658154224732,0.22,37.0590889399783,714.620419027129
MMR,2009,37.39843224498363,3.4721769114853,51.8,28.6754309015297,2.92355415980151,24.5320050982062,0.22,37.3598731111395,785.634853168658
MMR,2010,36.853075751266,4.76695378512293,48.8,28.8975532430104,1.81897202342465,26.4680642743774,0.25,36.6788599743565,854.932478027749
MMR,2011,32.4961825024034,6.74676206403601,54.1,29.4784965520771,4.20127651183029,31.2916488307023,0.98,36.2121686668943,895.512538762631
MMR,2012,30.5901997024538,9.31026614508286,55.3,30.0279646890356,2.22540068514517,32.3730207966326,1.4,37.0367795009136,953.123081936485
MMR,2013,29.5337253604993,12.8385297285065,56.5,30.5883008579725,3.74085607932619,32.3622196006021,1.8,38.1040550388986,1024.69060474658
MMR,2014,27.8298025759612,15.5752436663979,52.0,31.0014014844423,3.31904421353417,34.4897147952325,7.4,37.6804826288063,1099.24387751605
MMR,2015,26.771778645598,18.1305513861133,60.5,31.5442898647975,6.85124098701507,34.4688212621502,10.9,38.7594000921142,1166.73305547935
MMR,2016,25.6286228737595,22.0063669806599,55.6,32.2443680333365,5.17880132620963,34.8095048832944,16.0,39.5618722429461,1225.37913972668
MMR,2017,23.4041280962744,24.50054608091,69.8,32.9593197113155,7.27335555300642,36.8009211203558,23.6211,39.7949507833698,1290.56409027458
MMR,2018,22.0756064041111,26.2093085820638,66.1,34.0457021052919,2.60563229837277,36.9634615021809,29.379,40.960932093708,1361.56831265985
MMR,2019,20.8421577754282,26.6379014764853,68.3,33.6028325960284,2.31211211146102,38.4126110918443,36.5405,40.7452311327275,1440.98988238708
MMR,2020,22.4186525400503,28.9828999467009,70.4,34.955133291378,2.41393222802876,37.5439155484288,45.4477,40.0374319115209,1301.3138635245
MMR,2021,22.7852901568211,28.9828999467009,72.5,34.9598787644986,3.11492561747141,37.3108899934826,56.5261,39.9038198496963,1136.99566055698
MMR,2022,22.3343500768495,28.9828999467009,73.6,35.2288458177807,1.98946076043536,38.2471357653023,58.0112,39.4185141578482,1174.76697947364
MMR,2023,22.7222309725462,28.9828999467009,76.8,36.0103699401709,2.27715131661601,37.5929250362669,58.5357,39.6848439911869,1177.76649647177
MMR,2024,20.8341766680744,28.9828999467009,76.8,36.5135582898552,1.47879223317634,37.8123706470066,58.5357,41.3534526849189,1158.47928099316
MNA,2004,11.5538340353472,29.2492278011722,83.867411215778,42.7941567035378,1.61353188568175,37.4615738383893,7.5,47.0058996272024,2497.58482977173
MNA,2005,10.6990559145934,29.3124674707415,84.9004337403584,42.9944630760555,2.41432613055877,40.2443835376724,7.5,46.1577835465348,2562.3377597191
MNA,2006,10.4892208896788,30.6936582404495,86.7067349035165,42.8788823022528,3.51093830455101,41.4378187519135,8.4,45.7775897535569,2639.88906827009
MNA,2007,9.99884316418697,31.4397970871411,86.1326479228012,42.8438598243271,3.2591496952368,41.503349831096,9.7,46.4220226257384,2733.1384102406
MNA,2008,9.22690969759207,30.0378878390781,87.1227921210742,43.0117078361771,2.80260632339939,43.1240013043589,11.7,45.9322004790891,2767.19555091699
MNA,2009,10.6124057702444,32.2246537215632,87.8019637831563,43.7399083368833,2.22840692116723,37.3369690541786,13.5,49.1943522585536,2783.30273792282
MNA,2010,10.1543013659507,35.7685831370174,89.7853987089534,43.8025048030788,1.73090867350079,39.3681076948287,15.5,48.1730058668045,2855.29913107747
MNA,2011,9.6582149343398,34.9642664600298,90.0032683061914,44.1815585870621,0.969202133798022,40.2322526617415,16.9,47.6724650049023,2785.48050527274
MNA,2012,9.90707464056841,33.5409811694392,91.1539591115329,44.4145592117773,1.1899976490709,39.9919773744069,18.7,48.702086021639,2827.37154127985
MNA,2013,10.9373400241804,31.2050528642261,92.5410186202545,44.6543150113095,0.94555604698604,38.5972231429408,21.3,48.8352312031376,2804.95389859493
MNA,2014,11.2841682703607,33.1614071042917,93.4955408707137,44.936594951275,0.523880956554723,36.2188792541686,24.7,50.7416956083546,2819.68602311378
MNA,2015,12.1917369248402,35.8850635354818,92.8277634911895,45.3891793506673,0.636656685678448,30.6684930219756,27.6,54.4250702656455,2802.63134980954
MNA,2016,11.6294137085736,39.0339026906547,94.704907124104,45.4034681361946,0.913661012117141,29.7247861129753,30.8,54.8457786730636,2910.61808296495
MNA,2017,11.4251026963019,30.6765069407924,95.6230221837644,46.0500850677563,1.07510585291207,31.4315783540291,34.8,53.349520771753,2959.5986439925
MNA,2018,11.6305545184172,26.6793379643972,94.5093636648155,47.3492550580603,0.966406446639712,32.8947813061568,37.6,51.6573600337868,2968.95602708448
MNA,2019,11.8413488820722,26.706604827178,95.6437471934695,47.1902353496562,0.962434739902915,32.2600281974327,41.5,52.2533812188176,2957.01658493792
MNA,2020,12.7684696570637,30.713205589765,95.9173702775193,46.6489838038718,0.767574485189501,28.7954541988359,46.4,54.3624778583207,2829.04712608404
MNA,2021,12.425740826573,30.2983424385968,96.0956018888668,46.8245942821112,0.635016860870076,32.9602815970518,50.2,50.2838725131561,2901.63413648526
MNA,2022,11.8059634242183,28.4722905421083,95.483714372763,47.3224713585639,0.86426358939919,36.9301148284532,54.1,47.3775806007784,2976.35590636317
MNA,2023,12.3859842347744,28.3524526531864,96.0854287468734,47.5704713060073,0.717544418157046,34.6173526476197,55.9,48.776314685849,3008.48699915159
MNA,2024,13.2557672288999,22.3362072144112,96.0854287468734,47.5722514001042,2.34674901557747,33.1942269601177,58.0,49.1877671882995,3023.05283337065
MNE,2004,9.2619220581357,14.6280265160203,99.0,69.7433061322947,11.010544401215425,18.9729443885822,25.3501,56.8952971733453,4775.39883026359
MNE,2005,8.75765980493599,17.9524670604972,99.8,72.1361118624534,11.010544401215425,17.341544930727,27.1,57.6489509056228,4967.68527082416
MNE,2006,5.65822716443527,36.0129318403291,99.0,73.0090473076085,11.010544401215425,18.4566268180351,28.9,57.5966091195002,5386.53833750521
MNE,2007,5.14096761553622,80.0628159947649,99.0,73.8005770820339,11.010544401215425,17.4236682122468,30.8,56.9966369091048,5763.04035952173
MNE,2008,5.30307563470907,86.6143101507871,99.0,74.4879753461419,11.010544401215425,18.134854953618,32.9,56.9162660570586,6149.68558098863
MNE,2009,5.94207498811569,76.5142973517479,99.1,75.444399758697,11.010544401215425,17.530109017069,35.1,59.4774525067722,5768.65709477479
MNE,2010,5.46716738531637,66.5686782705569,99.2,75.8936283051746,11.010544401215425,17.1885067406217,37.5,60.7888561942815,5917.91788713074
MNE,2011,5.17096892815778,55.7517216411661,99.0,75.4666881641332,11.010544401215425,15.1880842120516,35.6115,63.291503899449,6110.66013917018
MNE,2012,4.89539575741918,55.2723355290933,99.3,76.9196811771919,11.010544401215425,14.8926108798408,56.8388,64.0175673838773,5948.3791195297
MNE,2013,5.20960137991499,54.259281142303,99.7,77.7099893428759,10.0960454055249,15.5405922471564,60.31,61.1310638130195,6138.25153608056
MNE,2014,5.11569218646198,52.1519574183341,97.7,76.7632430144335,10.8522476721182,14.3320646687925,63.8869,61.450852276444,6272.09116381077
MNE,2015,4.96369912493667,50.9166352865446,99.5,74.8165428519659,11.010544401215425,14.4315421692779,68.1198,63.1079872713535,6421.00307345999
MNE,2016,4.80607864194884,49.4949222460444,99.6,74.7926392603,5.20261621395497,15.5802198596652,69.8816,62.2581684285081,6634.38508838803
MNE,2017,4.43612645373447,49.451205781969,100.0,74.979397696125,11.010544401215425,14.8316847329192,71.2723,62.3775307490001,6840.91155440218
MNE,2018,4.02702654709881,50.2326678244513,100.0,73.0824181121756,8.93818094782242,16.1079670855784,71.5171,61.4557592293687,7159.47114735985
MNE,2019,3.70351082097405,49.5434613539033,100.0,73.4377772488261,7.61542118173081,16.435437285219,73.4767,60.9084834181942,7470.29588471711
MNE,2020,4.18386978297396,60.5589962890752,99.9,74.0601705368156,11.010544401215425,17.6118147973713,77.6088,60.8813578426969,6351.95486320483
MNE,2021,3.7713187551422,52.6094666497158,99.8,76.6885292361259,11.010544401215425,14.8673370361287,82.2197,62.3980563675667,7198.30460781272
MNE,2022,3.99672766573405,47.1553948607428,100.0,76.6828019666481,11.010544401215425,13.4328345905852,88.2219,63.1549881438444,7773.60323941511
MNE,2023,3.7692433716629,42.3835125156477,100.0,77.1062500712437,6.87914947745747,12.7498868945047,89.8052,63.962450941937,8278.0284985113
MNE,2024,3.49344410359799,45.2736633073804,100.0,77.3622039793651,7.24824965709432,12.1791547564628,88.8826,63.7695853263977,8540.00828913129
MNG,2004,20.0297765271852,25.5529272222261,74.8,37.1174809730137,4.66450219552693,28.3334403733025,9.0,40.2348364808485,1942.36263694017
MNG,2005,19.7979604915498,27.550665048247,86.2,38.0813950554104,7.43499550055971,32.496500599666,9.0,37.4557419626278,2060.26168223171
MNG,2006,17.6436708395409,30.1190332267899,77.0,39.1236766804755,7.18968945819168,38.6926063353314,9.0,33.6016996064578,2209.74321787628
MNG,2007,18.4279653888713,41.5764911231768,78.1,39.1412638715042,8.80188727419921,37.7347758580465,9.0,33.9138972323028,2403.72416258662
MNG,2008,19.2151247825371,39.9020112482358,79.2,41.0898422221818,11.010544401215425,30.8510356631246,9.8,39.6705514673849,2576.71295838607
MNG,2009,17.8644380709085,40.2997280197734,80.3,42.7190466678978,11.010544401215425,30.0565585316106,10.0,43.1000868867331,2498.72967493254
MNG,2010,11.7325631980129,34.191265820963,78.5,44.5201689782796,11.010544401215425,33.1942474892146,10.2,44.8404932199456,2611.67326563924
MNG,2011,10.3073568180221,43.4934673304814,72.1,43.9376519340944,11.010544401215425,31.3337485626924,12.5,45.7860011361674,3010.81642672623
MNG,2012,11.2580245572127,43.7217609870053,83.7,44.1858364969487,11.010544401215425,30.7715931133163,16.4,46.8583778990963,3318.16496597089
MNG,2013,13.4140624660902,59.8748579259903,81.2,44.2701161535584,11.010544401215425,30.5068923847448,17.7,44.7170657988719,3628.90708069575
MNG,2014,13.3412210879498,59.2943187125602,86.0,45.8688576469647,2.7625883357052,31.4976232744188,19.9424,45.8242152655518,3830.35892049593
MNG,2015,14.079203180176,54.4604207032134,88.0,45.7805575873209,0.811709460633853,31.5158775834209,22.5,46.1686156086131,3838.92126989984
MNG,2016,12.6278436864479,56.9431593815467,90.8,45.1434650096374,-4.3599322772924545,33.1780715301999,22.2658,45.8755640343065,3817.91962716702
MNG,2017,11.1372332713568,52.8177229331459,93.6,46.3854889180923,11.010544401215425,37.4184116118863,23.7143,42.3762941537368,3956.2049437134
MNG,2018,11.4280045193059,55.4068400252494,98.1,47.2278171075309,11.010544401215425,37.975670332755,47.13,39.7977094219083,4183.85566447661
MNG,2019,11.5583828612266,48.9010221466083,98.9,47.6162468332521,11.010544401215425,38.0926977643653,51.08,39.7406192297241,4337.8167085432
MNG,2020,12.9656563031474,45.7851645275519,99.5,50.6966407450325,11.010544401215425,37.0496708511527,62.5,40.4904557964325,4066.03410882791
MNG,2021,13.1631741927742,47.4863808095991,100.0,48.478286858425,11.010544401215425,37.0755721187771,81.6068,39.6449079170954,4063.53669849245
MNG,2022,13.0278534035361,40.9774857798216,100.0,48.2856771354869,11.010544401215425,35.3122175669446,82.1725,40.9763284189556,4205.88554513551
MNG,2023,9.92060281298024,38.613482396035,100.0,48.9751353913113,11.010544401215425,39.5354090088486,83.0162,41.0433684122384,4456.53627552726
MNG,2024,7.2909521026131,38.613482396035,100.0,49.8067541824181,11.010544401215425,38.1408816723984,83.0162,44.3407185995683,4626.79609644243
MOZ,2004,22.4901289092367,6.79492914728374,22.250000000000014,16.4972519846777,5.99090663119619,19.8066623565294,0.679448,46.7802468120728,377.064958084878
MOZ,2005,22.9214059867823,8.78413449461731,22.250000000000014,16.7139406593976,1.380320098608,18.6061383452371,0.854357,47.8301891535813,391.699758163976
MOZ,2006,24.1133917238134,9.89325283447363,22.250000000000014,17.1513275863959,2.64086218183932,19.8162320132045,0.842954,46.0372364063382,420.526462764726
MOZ,2007,24.0162173628877,10.0421356502336,22.250000000000014,17.5135895503642,3.85414645531421,19.5085348189008,0.91,47.066127757555,442.049574057751
MOZ,2008,26.8457517275753,14.0124195660244,22.250000000000014,17.7639571205785,4.96426075394528,17.1677445681711,1.56,46.6288684700152,460.94729485679
MOZ,2009,27.9106017225191,19.5511262342972,22.250000000000014,17.9489908886249,7.58405403589617,16.9004327987887,2.68,46.0759228321161,475.788178051193
MOZ,2010,27.3093770922399,21.6491864986519,22.250000000000014,18.2295590674811,11.010544401215425,16.8681862980766,4.17,46.4980980243579,494.162859074785
MOZ,2011,26.4848729989708,20.9197341288749,22.250000000000014,18.5924451715205,11.010544401215425,16.5093372512898,4.6,47.0499217311335,514.869957191994
MOZ,2012,25.5177066547282,22.4314517976521,22.250000000000014,19.0151604764464,11.010544401215425,16.8740038772507,5.0,47.6027313250162,540.2945177803
MOZ,2013,24.2529090836336,26.2611547587696,22.4,19.3722493260621,11.010544401215425,16.4457246085988,5.5,48.1774792195794,559.393953685688
MOZ,2014,24.6554671607897,30.188781793048,24.8,19.7565420401514,11.010544401215425,17.4884683555603,6.0,47.4439817727919,585.266716133984
MOZ,2015,23.5663164946958,32.0531316730482,24.0,20.1379750068162,11.010544401215425,18.6152107018236,6.5,46.6230720271826,610.563774706589
MOZ,2016,23.6272810887625,31.2078879056346,26.2,20.5830894573427,11.010544401215425,20.5669830121929,7.0,44.7281700621036,620.779714954555
MOZ,2017,26.0749604736416,24.4582064524122,24.3,20.610772774074,11.010544401215425,23.6070708049686,7.79633,40.5397924322416,618.397694360334
MOZ,2018,25.5425597958909,22.1292035071031,31.1,20.8665970320715,11.010544401215425,25.3339200589579,10.9,39.3943049006571,621.153734194787
MOZ,2019,24.7697818145637,21.2791585156392,29.7,21.1497973081221,11.010544401215425,23.8882628185244,12.4793,40.4529777243247,617.13932000195
MOZ,2020,26.8819744087655,23.8696192694383,30.6,20.1078370350452,11.010544401215425,21.7539907155538,14.2874,40.4876511190227,591.804059985932
MOZ,2021,26.8945913502365,23.0205800775002,31.5,19.976564566726,11.010544401215425,21.9411773134421,16.3576,39.034021346609,588.215854695416
MOZ,2022,25.6392221082741,20.72083608791,33.2,20.1442503147539,11.010544401215425,23.2425949902892,18.7913,39.3250878300015,596.058889461466
MOZ,2023,25.3716008630861,18.5175424004027,36.0,20.5470822426707,11.010544401215425,21.5079878729437,19.8434,41.1086180600705,610.433258850746
MOZ,2024,25.1764811733064,17.5995711148942,36.0,20.4986707202032,11.010544401215425,21.9003012294797,19.8434,41.0964463998045,605.604720848519
MRT,2004,22.9178992193284,18.4014813125773,24.3,43.4714795691676,11.010544401215425,27.5321174229442,0.48147,42.8464291437464,1338.66768122804
MRT,2005,20.0701967217813,18.4014813125773,22.250000000000014,44.1692986481663,11.010544401215425,33.1903258148872,0.669966,40.6837476533578,1418.53202144135
MRT,2006,16.6071438940053,14.617422611558,27.0,44.8825255038494,3.94434472704714,43.8696653715372,0.979661,34.0804263088307,1637.04191255803
MRT,2007,18.4325192807889,16.2991786844733,33.0,45.3722804016416,3.2067650776131,37.0052476945385,1.43361,38.304859791134,1563.60628765192
MRT,2008,18.5594231007108,19.2083942062677,30.0,45.8896282569632,6.58359348707617,36.4890884436152,1.87,39.238285130247,1514.2655013629
MRT,2009,19.178182151624,19.977723344228,31.1,46.4798416644409,-0.0651602023733604,32.7544134822838,2.28,42.7452015890838,1469.05426880813
MRT,2010,16.7330487035243,18.2754030717281,34.2,47.0670103298342,2.31890567703789,38.1929057828319,4.0,39.9492728035458,1460.19179652873
MRT,2011,14.5158947387598,16.5934473771108,35.3,47.6362969060761,8.70335489423716,44.107903772358,4.5,36.1958838869826,1472.55245572229
MRT,2012,16.0859607599369,16.7663811866788,36.4,48.2015302752155,11.010544401215425,37.4741781393169,5.0,38.8685569000327,1488.97177557214
MRT,2013,16.2826011052317,18.345839833704,37.6,48.7061230194214,11.010544401215425,38.6097701314865,6.2,37.9017288839036,1502.90142381083
MRT,2014,18.8142560652114,19.5202997737568,38.8,49.3201826146299,7.62361704174833,28.4373706611028,11.8,44.3634547026997,1520.64621634902
MRT,2015,20.6295456111909,21.115578390201,39.5,49.8538177774323,8.13584950372229,22.7465105988095,17.6,46.4932179805674,1554.94897871782
MRT,2016,21.7392133521855,20.2989097590812,41.2,50.2063233277106,4.23731114711712,25.2197600424352,19.2328,43.8844616566403,1528.05152299375
MRT,2017,22.7188300742502,21.0665741212812,42.9,50.7504469420846,8.65007999188081,23.7456292323677,21.0172,43.9182291052554,1576.06857825162
MRT,2018,23.655966000294,22.0411208947414,43.6,51.2131232065997,10.3416772803986,23.6350387192204,22.967,43.4303714104838,1602.90225649072
MRT,2019,19.957882454072,22.7235411550392,44.9,51.830604804312,-4.3599322772924545,28.5984350915107,25.0978,42.835788176362,1605.1352359742
MRT,2020,19.1523401706647,22.7235411550392,45.4,50.5911481716298,11.010544401215425,33.6465387739026,27.4262,38.980438494127,1553.30615586591
MRT,2021,19.1485811289032,22.7235411550392,47.7,50.430449792593,11.010544401215425,32.0818928944898,29.9707,41.2809978730915,1520.3111804259
MRT,2022,21.2302013888594,22.7235411550392,49.0,51.0287207608264,11.010544401215425,29.1375503330515,34.3001,44.6134039235348,1576.75624107308
MRT,2023,19.1616076506323,22.7235411550392,50.3,51.7680812523643,7.90868374475115,30.9364727932156,37.3809,43.0208316833302,1634.89897144624
MRT,2024,19.3310648282597,22.7235411550392,50.3,52.2814991328509,11.010544401215425,30.5052071100395,37.3809,42.4294833153804,1688.6139322919
MUS,2004,5.20608568669627,69.9657945285893,99.0,57.6661308660368,0.208397536162955,24.0862009085375,13.6891,56.7403832844542,6480.13648507258
MUS,2005,4.91181106695197,71.93031425504,99.0,58.2571347243398,0.635284471239675,23.0539698198427,15.1722,58.7567132591815,6556.38819193225
MUS,2006,4.83159024933392,67.6399087092863,99.0,58.8434313691528,1.49569053565725,21.9955550253399,16.7,62.4293598087689,6843.39977734988
MUS,2007,4.30869184442721,70.6433958735896,99.0,59.4351755134115,4.11677685025773,22.1985593969066,20.22,62.4791181996705,7202.43853899489
MUS,2008,4.01958606904402,80.6881653986084,99.0,59.8380935157236,3.72959175354516,23.0209186435502,21.81,62.13198040005,7563.03143738425
MUS,2009,3.82381151804169,78.9043570868936,99.0,62.028957749384,2.77057948666431,23.007713818678,22.51,62.7869040703565,7793.0308214588
MUS,2010,3.59110980182453,84.1683992828523,99.4,63.439313409585,4.23808594970717,22.1595330116331,28.33,63.3764437286062,8114.82056038003
MUS,2011,3.65312332199749,88.087151069716,99.6,64.8714147902402,3.71075064331171,21.3051130600799,34.95,63.6969751208162,8432.19129317694
MUS,2012,3.6066947724863,97.4805970130776,99.4,65.127526618332,4.97804411127418,20.6501837940607,35.42,64.1212056440386,8702.82242878289
MUS,2013,3.29265321839171,103.699492267184,99.4,66.579868983752,2.35929777878695,20.0954005013634,40.1168,64.2908222203013,8973.51550099533
MUS,2014,3.15422608043165,95.5827424187745,99.5,67.1236121340373,3.44327494440095,19.4849175221344,44.8033,65.3592964389999,9300.07878638583
MUS,2015,3.03283321645437,98.7466842871376,99.6,67.8746579586597,1.77973545308924,18.9486991254014,50.1393,65.970161855866,9630.5437837507
MUS,2016,3.05756982303852,92.3062681730231,99.7,67.3648142491728,2.96891288123063,18.3463010991725,52.1913,66.6247640219482,9995.65028642071
MUS,2017,2.95521989373646,97.6771763770363,99.6,69.1679329059388,3.45396863043017,17.5282666855876,55.4032,67.0349300689085,10379.9138706732
MUS,2018,2.52593212825691,74.1953036771569,99.8,70.4524555072152,3.078791712383,17.3385214007782,58.5962,67.3947692459243,10789.9241521132
MUS,2019,2.66862745852887,76.9690468712457,100.0,71.2307797718222,3.03223371830849,16.6696822824233,61.73,67.8825372749356,11098.3137067341
MUS,2020,3.09894065143015,90.5603073567218,99.5,71.2777463613354,1.94246862517576,16.4140798213984,67.7329,68.4838856404543,9483.67602630847
MUS,2021,3.2413713398879,85.4118917320827,99.6,72.5292587153926,2.24180552669211,18.0229822432452,71.6,67.318201705507,9804.0031863121
MUS,2022,3.55513254765837,72.3686561202455,100.0,71.7376240886509,4.21993412406582,18.0660918735828,75.5,65.965029532794,10688.4383112722
MUS,2023,4.01265286259242,69.8939504735846,100.0,73.7705081368316,5.39963130399295,17.8391234046561,79.5,64.8658576788433,11348.4337725632
MUS,2024,4.23214718404929,69.8658565887007,100.0,74.1236271519757,4.56073459342588,17.7933931023342,79.5,64.3722524144138,11934.770909957
MWI,2004,28.8733040048574,2.52782872375663,22.250000000000014,21.7650849976056,2.13119600751874,18.4439345804436,0.347505,46.4939592314372,408.064916052765
MWI,2005,27.3766782308788,2.7779338413945,22.250000000000014,22.0498921901399,2.62567004771803,17.5211453129149,0.384489,47.8108177015335,410.267979592536
MWI,2006,25.6738776075689,3.50616786561297,22.250000000000014,22.4653254906571,0.611208219192404,19.2118062737994,0.425137,48.8725353335126,417.877689776503
MWI,2007,22.8824872507399,3.76433782428077,22.250000000000014,23.4048692502589,1.92814440747221,21.2991638406833,0.965865,49.5765681184685,445.254305419586
MWI,2008,24.9323563197161,6.26229916413705,22.250000000000014,24.0952747038569,2.5237027903489,18.9378891840899,0.7,49.887973712386,465.55147298007
MWI,2009,25.3093021258133,7.47258448999146,22.250000000000014,24.8993244570365,0.545293920588433,18.0681311857964,1.07,50.3807859032207,489.631418790158
MWI,2010,24.6321400620979,9.50299344202592,22.250000000000014,25.5207992771017,4.2449454815948,17.9317288193438,2.26,51.1943503329606,508.088650552846
MWI,2011,23.9314133083531,9.57361410198919,22.250000000000014,25.9363003665175,3.72017249057544,18.1661996680566,3.33,51.6606062394182,517.833736624232
MWI,2012,23.5292854390256,10.0146736585562,22.250000000000014,26.0044354457914,6.71383402433854,17.7185220797601,4.3506,52.5104116951348,512.74031797451
MWI,2013,23.8492870296807,8.55708608442318,22.250000000000014,26.5089912728511,3.65269915582907,17.4239449035616,5.05,52.4849872843715,525.357645516557
MWI,2014,23.8734416539637,7.83598581016284,22.250000000000014,26.9485388518235,5.17606257562695,17.2649267145494,5.83,52.6198508476428,539.562601918057
MWI,2015,22.9948363698368,9.1724038585019,22.250000000000014,27.1956442126505,2.34780401891061,17.556172133103,6.0,53.2072107130481,539.605363240686
MWI,2016,22.1929077690151,8.00930921941906,22.250000000000014,27.3684598015027,4.78850469293342,17.655842210407,6.3,53.9094692362352,538.221990810959
MWI,2017,22.9262319821323,7.47835094183134,22.250000000000014,27.7163573137893,5.36695409647738,17.747962478614,7.0,53.1222211157681,544.795729220349
MWI,2018,21.632593506951,6.81764864429292,22.250000000000014,28.1348825942979,4.66141409428061,18.3907940135861,8.79829,53.509369127,553.528790902088
MWI,2019,22.9473991790142,7.22074169557393,22.250000000000014,28.5907896294689,4.01812955300377,18.4990069222553,11.0586,52.5126504640364,569.866249371948
MWI,2020,25.0150110062267,7.85314893803137,22.250000000000014,27.6669242466066,1.90893103605427,19.0817402966585,13.8995,50.3386872937921,559.447086086067
MWI,2021,25.5328304255348,8.23959919600957,22.250000000000014,27.3953307689957,2.10487333180054,18.4239731099779,17.4703,49.7686602288935,569.968967322435
MWI,2022,27.5975518762201,8.64704907517316,22.250000000000014,27.2666676729999,4.39220201011103,16.9073435383995,17.0457,49.2359417778991,560.635759714941
MWI,2023,28.869380408768,7.747783529723,22.250000000000014,27.3718673513721,5.68592009976555,19.2940863985344,17.9881,45.1244920082931,557.03523965791
MWI,2024,31.774775046638,7.747783529723,22.250000000000014,27.4345746693621,6.02024979620808,17.0687636556069,17.9881,44.2065590810766,551.95152347056
MYS,2004,9.27100209261509,111.937605148211,98.7,55.3184020509502,3.50787262049412,48.5303176049683,42.2523,44.5475985554205,7025.34558004381
MYS,2005,8.26229170422644,106.524431907379,98.7,55.6334210318058,2.73438734940078,46.3683224854575,48.6292,44.1971529384927,7234.02442689141
MYS,2006,8.60998284136304,103.663830374316,98.8,55.1089503250665,4.72716484834358,46.5156572562267,51.638,43.9262781844017,7469.8106921211
MYS,2007,9.98677367962245,101.580075160148,98.9,56.8083092336839,4.68684578287436,44.5959960321039,55.7,44.5202452881234,7769.59693350488
MYS,2008,9.96858233467411,96.7482535065206,99.0,57.3675675218795,3.28081949125174,45.1050654004356,55.8,43.9481056537511,7976.11785374773
MYS,2009,9.21910004390782,111.606889987937,99.3,59.4915032458074,0.056692316075743,40.9678238412473,55.9,48.836021810826,7700.46111294033
MYS,2010,10.0899159275121,107.122752573885,99.5,59.0848327109011,4.26864663854031,40.4989323548818,56.3,48.4774187579282,8118.92270511981
MYS,2011,11.4533531198278,108.425936705379,99.5,59.6770501384891,5.07446032143377,39.8242687277964,61.0,47.766725565489,8400.32248683558
MYS,2012,9.79375074645921,114.124529817132,99.8,59.1735461809185,2.82905738174529,40.1350010090069,65.8,49.0223958354783,8710.52671359902
MYS,2013,9.11336384538206,119.899693910412,99.6,59.3643901433453,3.49431175959971,39.8853736547897,57.0575,49.9447288177857,8964.80724896203
MYS,2014,8.87320901302643,120.578651022847,99.7,59.6833595299149,3.14122940365348,39.9244244845871,63.6654,50.1226904594272,9341.73055971278
MYS,2015,8.2874950827938,123.10362963114,99.9,60.0120876639206,3.27094402931735,38.4497222119902,71.0641,52.0138720406596,9648.6797937523
MYS,2016,8.46251885618027,121.979820601963,99.9,61.1460887965168,4.47130958598651,37.6832749440922,78.7883,52.531571127313,9901.47960179812
MYS,2017,8.59827753533139,117.167568374282,100.0,60.9886193008338,2.9358203805856,38.114672270307,80.1405,51.8821117066805,10293.7629205362
MYS,2018,7.51205693063821,120.276311883907,100.0,62.2615155183785,2.31458721219734,38.2914253580498,81.201,52.9909917677737,10610.1950240479
MYS,2019,7.24131401562151,120.706946299114,100.0,61.8517542998961,2.50697705748044,37.4765336887335,84.1871,54.1548750822015,10902.9834855856
MYS,2020,8.16597089919598,133.816995520751,100.0,63.3629009801003,1.20275464255821,35.9347266201835,89.555,54.7885939890947,10171.4657842762
MYS,2021,9.56621458844467,127.260894609568,100.0,63.7810123268587,5.41626377085161,37.6826861838931,96.7514,51.651935586827,10388.2667120857
MYS,2022,8.96184922741417,113.070470558095,100.0,63.9175651142473,3.68486215546291,38.974240550053,97.3986,51.0158173538955,11191.6511756943
MYS,2023,7.76530932127302,117.100252470866,100.0,64.2536465368875,1.97990062716743,37.5648573322214,97.6927,53.5466505609237,11445.3925275079
MYS,2024,8.12846782241948,116.100930113506,100.0,64.5608215166271,3.6930953933026,36.9733732564335,98.0206,53.7203005018668,11883.79127749
NAC,2004,1.3351063172688,141.48987381863367,100.0,75.7871484883843,1.62982349429929,21.5223243144384,68.3,73.2618217980281,42135.66185499995
NAC,2005,1.21045964238693,141.48987381863367,100.0,75.9768247818364,1.18124673841022,21.862542449958,68.3,73.04515835621,42135.66185499995
NAC,2006,1.06944538067839,141.48987381863367,100.0,75.9658296360877,2.39533210961398,22.2137494722996,69.3,72.7491146836897,42135.66185499995
NAC,2007,1.12194027574283,141.48987381863367,100.0,76.3015697030599,2.93220741810747,22.0864538937575,74.8,72.9280518498689,42135.66185499995
NAC,2008,1.12069275071641,141.48987381863367,100.0,76.8924544700692,2.519213025438,21.600432065465,74.3,73.4919051899206,42135.66185499995
NAC,2009,1.01109485898618,141.48987381863367,100.0,78.3047391672776,1.14735715911205,19.7663612725225,71.9,75.6817887311917,42135.66185499995
NAC,2010,1.07413191441441,141.48987381863367,100.0,78.5828722102013,1.76319481499298,19.9881922338332,72.5,75.2594589272509,42135.66185499995
NAC,2011,1.25848162455018,141.48987381863367,100.0,78.4791175594852,1.73326682942052,20.1994262232872,71.0,74.7621194364053,42135.66185499995
NAC,2012,1.21593869077538,141.48987381863367,100.0,78.5076038752056,1.6571744743664,19.9129179906159,75.5,75.0570097615028,42135.66185499995
NAC,2013,1.3773496172887,141.48987381863367,100.0,78.3942488213054,1.89991945754679,19.9648855996333,72.8,74.7692376919359,42135.66185499995
NAC,2014,1.21040085067002,141.48987381863367,100.0,78.356065334582,1.63213203434928,20.0547851280307,74.4,74.8136058718461,42135.66185499995
NAC,2015,1.09947645926202,141.48987381863367,100.0,78.4130340181358,2.88973541352409,19.0415059705041,76.1,75.9800171448259,42135.66185499995
NAC,2016,1.01188475594372,141.48987381863367,100.0,78.5070767430468,2.51367533486328,18.4346631363341,86.1,76.7279236774411,42135.66185499995
NAC,2017,1.0202425370323,141.48987381863367,100.0,78.5799190499961,1.92059051131217,18.8674817249691,87.8,76.2633624998767,42135.66185499995
NAC,2018,0.965363709559363,141.48987381863367,100.0,78.5098508198325,1.15610643376958,19.0909673832834,89.1,75.9749312735728,42135.66185499995
NAC,2019,0.903311689566368,141.48987381863367,100.0,78.5340969898115,1.57759260878076,18.7135887654186,89.7,76.4680829987926,42135.66185499995
NAC,2020,1.01355457652604,141.48987381863367,100.0,78.8483938349729,0.733464748133239,17.8650082693204,90.5,77.5161799895746,42135.66185499995
NAC,2021,1.01031703054188,141.48987381863367,100.0,79.1697881753079,2.12349847484662,18.475272284549,91.5,76.7083489309006,42135.66185499995
NAC,2022,1.01031703054188,141.48987381863367,100.0,79.12704915074,1.68204036234635,18.475272284549,92.6,76.7083489309006,42135.66185499995
NAC,2023,1.01031703054188,141.48987381863367,100.0,79.1418470917033,1.37745353282734,18.475272284549,93.3,76.7083489309006,42135.66185499995
NAC,2024,1.01031703054188,141.48987381863367,100.0,79.4493526131252,1.16188454203834,18.475272284549,94.4,76.7083489309006,42135.66185499995
NAM,2004,8.93977891691032,65.6259688357891,38.7,57.2598441521161,3.38257441805413,25.0806097462037,3.80472,57.7762103915834,3582.89503259701
NAM,2005,10.3684887476335,65.6259688357891,39.6,57.2761107234241,5.37845791807398,24.7834954243766,4.01005,56.489272532684,3627.75059772278
NAM,2006,9.64647103887118,65.6259688357891,40.5,57.5815396853987,7.62577614409133,30.1227634369521,4.39887,52.5972185880007,3834.99894666178
NAM,2007,8.44071366530831,65.6259688357891,43.7,57.8227956501293,7.57033929521728,31.8127689142862,4.83561,49.6642964935729,3987.61796106565
NAM,2008,7.53168657065416,65.6259688357891,42.4,57.866849154365,8.71835372051848,34.1905617107713,5.329,48.3622002913174,4036.38187484707
NAM,2009,8.14814459341021,65.6259688357891,44.1,57.7076877110577,9.27473594549885,28.7519450755932,6.5,52.6102586571458,3989.20711387651
NAM,2010,8.45536944089181,65.6259688357891,44.4,57.7650695308695,2.51525326747705,27.429068418358,11.6,53.9557685578527,4165.12990200988
NAM,2011,8.11362720295374,65.6259688357891,42.3,58.2880018387986,6.41681322346953,29.3288911804647,12.0,54.1611624054591,4302.72451368462
NAM,2012,8.05447519990682,65.6259688357891,46.4,58.747961277029,7.98613044962652,29.9807546724013,12.9414,53.9227923543527,4420.96741373862
NAM,2013,7.82146490072164,65.6259688357891,47.4,54.1644823342407,6.45232765797467,26.5483435015895,13.9,57.738663851131,4549.26759093897
NAM,2014,8.13893575439091,65.6259688357891,48.4,55.8470994530228,3.58316691192793,26.630102972046,14.84,57.7023463281603,4701.95694189098
NAM,2015,6.65042679589334,65.6259688357891,51.6,58.5881910991294,7.40068055968424,27.5636536225028,25.6879,57.9429326539944,4774.10650865775
NAM,2016,6.72011763526388,68.5718638970192,49.7,60.5951765130738,3.34570437311555,27.5134032744188,31.0333,57.7470985015528,4648.62713460213
NAM,2017,7.67615608936274,65.0850898640543,52.5,60.9858453851477,2.17505730200543,26.0770180870695,36.8374,58.6183280617479,4476.73324402105
NAM,2018,7.76829756756805,65.8415486800746,52.3,61.1888084574523,1.71299808328534,26.869904619845,42.8,57.8454369766385,4400.47537705743
NAM,2019,7.08397673847435,70.950579352357,53.3,60.9296471253998,-1.40710628631611,27.0505811124767,49.8,58.4304525510312,4243.09274481966
NAM,2020,9.15817808891199,72.7676677166466,52.3,60.3747543097141,-1.41889955275348,25.8187349480714,57.8608,58.7746205569356,3787.49943973286
NAM,2021,9.56300379482636,68.847324869681,55.2,60.3476210582005,6.77514897706551,24.4475967861445,60.26,57.8264516685608,3809.80753359714
NAM,2022,8.75889366457648,61.0232473125515,56.2,60.4870135182835,8.40166893779959,27.11172557706,61.1485,55.4104498097798,3905.55135268164
NAM,2023,7.67765766221879,61.0232473125515,56.7,60.6654022907959,11.010544401215425,30.1875010423548,64.4061,53.2928482341831,3977.97779909619
NAM,2024,7.29120638562693,61.0232473125515,56.7,60.8871176269295,11.010544401215425,28.8634821730246,64.4061,54.4586091697762,4034.35053463284
NCL,2004,1.78686054314087,32.8688540294339,100.0,72.2861762847628,0.466160371144185,24.8888174139574,30.298,65.2842185263718,30858.7237060533
NCL,2005,1.54869248531073,33.7215866396037,100.0,72.5378748302163,-0.108016656790192,24.4990237729309,32.359,66.0129534102757,30858.7237060533
NCL,2006,1.72712586317313,34.8081787114827,100.0,72.3226661231145,10.7332244391213,27.9138444462876,33.5157,63.2046814220635,30858.7237060533
NCL,2007,1.27200175059393,37.7291069327007,100.0,72.4789978625044,4.73308224896495,31.8496205183584,35.05,59.7426613408063,30858.7237060533
NCL,2008,1.38763277604281,39.431944966087855,100.0,72.569136872025,11.010544401215425,23.9310585837203,34.51,66.4908391272576,30858.7237060533
NCL,2009,1.41664932222394,41.32547358889725,100.0,72.9229362690945,11.010544401215425,22.5914611629952,33.99,68.2318739383523,30858.7237060533
NCL,2010,1.34474139086715,42.195981646899696,100.0,72.7550602005442,11.010544401215425,26.1623678837555,42.0,64.8758531426138,30858.7237060533
NCL,2011,1.36822830098318,42.449202388170605,100.0,72.5700389813837,11.010544401215425,25.3064766036566,50.0,65.4060906555484,30858.7237060533
NCL,2012,1.64443691439298,43.24887542568235,100.0,72.6289294703583,11.010544401215425,22.779124022177,58.0,67.3211495118966,30858.7237060533
NCL,2013,1.71329146676256,42.30243639204765,100.0,72.6938013377399,11.010544401215425,22.582512520502,66.0,67.5395568926351,30858.7237060533
NCL,2014,1.77245534055282,43.742921585242954,100.0,72.9086590369251,11.010544401215425,23.9317062447332,70.0,66.5115646116081,30858.7237060533
NCL,2015,1.91334103691976,47.51686846027865,100.0,72.9986664946015,11.010544401215425,22.1000359642571,74.0018,68.0800194079304,30858.7237060533
NCL,2016,1.92670811679751,47.0982594371968,100.0,73.644574415776,9.28207619845752,20.1611154111133,78.0038,69.5722159376037,30858.7237060533
NCL,2017,2.01190197330879,45.600325891793204,100.0,73.5855098049397,5.30202255145123,21.2465805302539,82.0058,68.4372752385503,30858.7237060533
NCL,2018,1.89902029358509,45.86608163933535,100.0,76.8024278676988,3.46409998475039,21.7866566017606,82.0058,66.81566732224545,30858.7237060533
NCL,2019,1.78613861386139,46.1406537653286,100.0,75.8891282951613,7.63514854874616,22.3267326732673,82.0058,65.1940594059406,30858.7237060533
NCL,2020,1.78613861386139,51.46377338764225,100.0,76.0809926964863,6.04707071747505,22.3267326732673,82.0058,65.1940594059406,30858.7237060533
NCL,2021,1.78613861386139,47.77472256475425,100.0,75.9265661427723,7.88090550414583,22.3267326732673,82.0058,65.1940594059406,30858.7237060533
NCL,2022,1.78613861386139,45.7439409376828,100.0,76.0729929534791,7.23562598706021,22.3267326732673,82.0058,65.1940594059406,30858.7237060533
NCL,2023,1.78613861386139,45.427065277604356,100.0,76.3090742943844,7.03488478280661,22.3267326732673,82.0058,65.1940594059406,30858.7237060533
NCL,2024,1.78613861386139,45.49182954994115,100.0,77.106811437589,8.48945728851914,22.3267326732673,82.0058,65.1940594059406,30858.7237060533
NER,2004,37.3717285561201,4.48685008615696,22.250000000000014,16.6184611092482,0.649159742962507,17.7534672936549,0.189934,38.3835492189962,393.398781453199
NER,2005,37.39843224498363,3.95336505243563,22.250000000000014,16.8654217879788,1.13506754317922,16.3274879150549,0.221341,37.9194605692429,407.190931059924
NER,2006,37.39843224498363,3.87400308731938,22.250000000000014,17.062327725556,0.847497530197073,16.6265686310414,0.294034,37.4439531922514,415.852022114801
NER,2007,37.094506437909,7.07832627658032,22.250000000000014,17.090437525469,1.72858641411291,19.6749864140836,0.390391,37.3635820305751,413.419126261066
NER,2008,37.39843224498363,8.05448229866597,22.250000000000014,17.3941859753613,3.87903143663185,21.2545623661563,0.7,34.2841235924332,429.195542798877
NER,2009,34.7848102748131,8.89140221192257,22.250000000000014,17.3709165603613,8.62089060209857,22.3397565462644,0.76,36.908757364448,421.650901333136
NER,2010,35.8213879566765,9.0342729600052,22.250000000000014,17.7356304037045,10.146689915564,23.0003411876002,0.83,35.1075507996062,441.079166112039
NER,2011,33.6467642815211,9.92230818231259,22.250000000000014,17.6969862889487,11.010544401215425,22.7795105220039,0.9,36.6722707602193,434.986264873953
NER,2012,33.6809938208632,9.97081356735436,22.250000000000014,18.2834335184308,8.92367913404553,26.5372397334702,1.05,34.9550459944691,463.066265496402
NER,2013,32.2350107295479,10.460630408421,22.250000000000014,18.1730657553637,7.03516563238375,26.0465019475956,1.15,35.9846069967701,469.690214200878
NER,2014,33.4290442343639,10.6800359863882,22.250000000000014,18.2459364505035,7.57591181433667,23.6059602383299,1.24868,37.0689591319954,482.74524741946
NER,2015,32.4169952714448,11.2731547376931,22.250000000000014,17.9998708865909,5.46761764113716,22.5383286848915,2.47622,38.5305288045027,485.662574175279
NER,2016,35.2629582125475,11.4788257050699,22.250000000000014,17.8198792588633,2.89774478323805,21.2451950725883,4.32276,38.2723746369935,495.017437216008
NER,2017,35.816868204144,11.4148574711151,22.250000000000014,17.6287906145355,3.02823024727599,21.0721536929256,10.2243,37.8150324557852,501.615305462902
NER,2018,37.39843224498363,10.2026122139181,22.250000000000014,17.6543745936872,3.63037399478134,19.6976779523853,13.418099999999999,36.7622863840327,519.546993483886
NER,2019,36.9919203931409,11.2206118700838,22.250000000000014,17.5550402781983,5.56378872795104,20.5861804923542,16.6119,36.5404927725689,532.186024570389
NER,2020,37.39843224498363,11.700232378583,22.250000000000014,16.3121833312956,2.62395545283651,20.2387849491464,17.0375,36.0929205690664,533.194328910254
NER,2021,36.4810258004149,13.0249108916474,22.250000000000014,16.3363593673253,3.98812628006033,20.8342815509076,17.474,37.0537198540635,523.263179518652
NER,2022,37.39843224498363,12.4891662415375,22.250000000000014,16.8572334500798,6.25880834283465,18.8885125171682,23.2982,34.4696656054614,566.797962983866
NER,2023,32.5058218469012,11.0637752726511,22.250000000000014,16.5960471185924,6.14147869426916,17.9994131440716,23.1879,46.512254009267,557.572652727864
NER,2024,34.4620899774356,10.2024755549332,22.250000000000014,17.3308414724063,1.80157547660986,17.5682015922691,23.1879,45.0285833612677,595.151744559316
NGA,2004,27.2304536006497,8.46166405532793,46.1,39.8860541364917,1.38037387490881,28.390040064544,1.28614,43.355018249934,1824.80269456773
NGA,2005,26.0892828250796,8.43509526303227,46.8,40.41315072213,2.83629405374322,28.2015834476344,3.54916,44.6842057357904,1889.25175325818
NGA,2006,24.7349912601339,8.12036045279147,47.6,41.0343705402435,2.03575267319875,25.7516355955536,5.54504,48.488798713658,1949.15856804565
NGA,2007,24.6625772142283,13.7970169332616,50.1,41.5861801179959,2.16919536982392,24.344717837607,6.77,49.962371047205,2020.83316299454
NGA,2008,25.2797507802655,18.6330147009187,50.3,42.0692613889046,2.41373918254011,24.7142488981493,8.0,48.9753597288614,2098.28339220668
NGA,2009,26.7488545066519,19.6256016608172,50.0,42.6138375269425,2.90024873175983,21.236761481448,9.3,50.981397065431,2204.6072560373
NGA,2010,23.8937040912791,13.490742840586,48.0,43.3355733743803,1.64207369186652,25.3174522378126,11.5,50.7888436709083,2315.46676509663
NGA,2011,22.2347109931956,11.0436296114106,55.9,43.9910885771799,2.133117701613,28.2777998870502,13.8,49.2430315160577,2370.97657091803
NGA,2012,21.8599586165277,10.6047037712344,53.0,44.272108769748,1.52378233769127,27.0730175029593,16.1,50.1858844831558,2403.65387896924
NGA,2013,20.7586228322439,11.5332149415284,55.6,44.603659881321,1.06953936497778,25.7423212364316,19.1,52.3666011224583,2495.34106573749
NGA,2014,19.9902547680805,13.2970053767392,54.2,45.3596536026205,0.817478467870197,24.6436085906069,21.0,54.1531280154165,2583.6155695814
NGA,2015,20.6318934800012,13.0786844773698,52.5,45.9875760719237,0.621501637000126,20.160782897492,22.5,58.1222219182291,2585.73360671797
NGA,2016,20.9831097083173,14.6080388563102,59.3,46.4470868250992,0.853395742751916,18.17313172689,24.1,59.7850976800938,2481.81490350326
NGA,2017,20.8465714300542,12.8520298076198,54.4,46.8148611869818,0.642182922336257,22.3151171946859,25.9,55.8046968877557,2441.71236404488
NGA,2018,21.203773720121,10.2465813012399,56.5,47.190165490605,0.183821495682229,25.7333065832929,27.7,52.017050934471,2431.77857832568
NGA,2019,25.7349305726601,7.92322265931715,55.4,47.6865407239473,0.344961215904222,21.0040409408605,29.7,52.8970825936966,2431.53528472982
NGA,2020,28.3454204380593,8.75958559532732,55.4,46.7004693779891,0.398484830422215,18.3649963095652,31.8888,52.386998973966,2228.68631422888
NGA,2021,29.3882780431661,9.73322136915707,59.5,47.1398608035123,0.543909122152652,18.2539292138778,35.5098,51.3106033394014,2206.66406250067
NGA,2022,28.5515522199731,9.56169176668422,60.5,47.9303795434726,-0.0288727652154093,19.1690558860792,37.6975,51.174865760811,2254.29080416892
NGA,2023,27.718291279131,9.56169176668422,61.2,48.473302204451,0.384195197914633,19.1302382465391,39.2136,51.7143247366227,2280.91931156115
NGA,2024,25.8733343605401,9.56169176668422,61.2,49.0599947613178,0.428249682662515,18.1967486361818,39.2136,53.729561736527,2324.64881202751
NIC,2004,15.9688222709169,19.6395041737259,75.2,48.6099486994851,4.31560328721207,21.396991205962,2.32066,50.4838508360202,1555.87425694816
NIC,2005,16.137898065388,22.6195637092088,73.8,48.7555929825129,3.81407422484717,20.9665631875219,2.56635,49.8576240795747,1601.48770707458
NIC,2006,15.8996625466787,26.4617300643449,76.3,48.8887144644215,4.24030000066427,20.8761042755265,2.80557,53.7592580608306,1644.37193565251
NIC,2007,16.4613383107055,32.9626730870452,76.9,47.4044167369485,5.14186605474194,20.7270584901063,3.9,53.3277569988709,1703.20780299405
NIC,2008,16.2627898839898,31.3902939082916,77.5,49.5857093009913,7.38263377911966,21.9642332178631,5.3,52.8963553347955,1736.65740610408
NIC,2009,16.0676510041113,28.4639816565811,77.9,49.964803256723,5.22852820149836,21.0756591800109,7.3,54.2005121911789,1655.72028962416
NIC,2010,16.9826368007048,26.7902771944027,80.1,50.0793071030342,5.59335824334059,21.9687134501788,10.0,51.7336180965215,1704.37875049059
NIC,2011,18.8847883857771,26.2021452617968,81.2,50.0960227344303,9.5791738556055,23.1571014574195,10.6,48.451431344224,1786.62863418308
NIC,2012,17.6115834733674,28.7256849089243,81.3,50.2581512218073,7.36516075625111,24.5476946484698,13.5,48.0435097123832,1876.1759720149
NIC,2013,16.4909112111851,31.8719462281179,81.9,50.6334838865945,8.78722600899979,25.3876146457155,15.5,48.3652118048254,1941.45628552626
NIC,2014,16.7090173834472,33.8611044766835,81.9,50.9646644961305,9.06363827053251,25.0984490191451,17.6,48.5497818405039,2006.64869646533
NIC,2015,16.1099292353151,36.851216246511,83.2,51.2802673206669,7.58033255797744,25.7346979136282,19.7043,48.5741100477068,2074.45620634731
NIC,2016,14.9153392298097,38.5800324214677,83.9,51.7232535591953,7.44462628012218,25.7948753609806,24.5718,49.4649749753047,2140.14405941606
NIC,2017,14.9964086019473,42.7141595154233,84.6,52.0663182175772,7.51057620596971,24.8173354804008,30.4,50.2780347158336,2209.63273423213
NIC,2018,15.3222113237126,39.8570584770868,85.2,52.2522797223555,6.43060058137235,24.9956784644064,33.913,51.0117529210468,2107.3396261623
NIC,2019,15.5297840677071,32.2173134465347,85.7,52.4540351182576,3.96093444094211,24.2809201178084,37.8319,50.4678293597465,2019.91518620044
NIC,2020,15.9067799804023,29.7928204469316,86.0,51.476545444131,5.86574902695673,25.7903211218917,42.2037,48.6126906364813,1950.19181218473
NIC,2021,15.7299123972627,28.0130754323242,86.3,51.4648627074062,7.36996621393819,27.2859620403811,47.0806,46.1739508361433,2128.30881395452
NIC,2022,16.8030312183945,29.6997624213015,86.5,51.7022348434066,8.23239650343154,25.9436105960329,49.1307,46.3607342274576,2175.73899144405
NIC,2023,15.3285746282408,30.0090035145774,88.3,52.0810058950598,6.25581189724963,27.201340643823,58.2314,46.4982498786618,2241.12235476653
NIC,2024,14.411507510728,29.7326694461408,88.3,52.4180030651609,6.86656428120852,27.5567949801144,58.2314,46.8284069382544,2290.47162505995
NLD,2004,1.87462493392253,112.327939906654,100.0,76.6070850763189,11.010544401215425,19.9551143492992,68.52,67.2590594330412,41663.1477772692
NLD,2005,1.87119658954082,115.890888447757,100.0,75.2592903899244,11.010544401215425,20.2797936079201,81.0,66.8422156413956,42135.66185499995
NLD,2006,1.95984638535758,112.9576606451,100.0,76.1723182749517,11.010544401215425,20.4722492697176,83.7,66.4371412423993,42135.66185499995
NLD,2007,1.83180121231584,112.717594636907,100.0,77.0150678307635,11.010544401215425,20.4312954116655,85.82,66.7984424551403,42135.66185499995
NLD,2008,1.65239006969149,110.218655333418,100.0,77.9600583478316,11.010544401215425,20.7836953534398,87.42,66.6428168936234,42135.66185499995
NLD,2009,1.56591919996572,116.241095699118,100.0,78.6995334224767,11.010544401215425,19.5831938213792,89.63,68.3786833139471,42135.66185499995
NLD,2010,1.78780819318779,112.995200786287,100.0,79.526412975662,6.47724170250418,18.9533173048512,90.72,68.7900258467051,42135.66185499995
NLD,2011,1.59844393327571,113.516935353618,100.0,80.4353094842459,11.010544401215425,19.3209585785648,91.42,68.891165266542,42135.66185499995
NLD,2012,1.69697006526574,116.013958604261,100.0,79.8511378015099,11.010544401215425,19.3226704262327,92.86,69.0876469086887,42135.66185499995
NLD,2013,1.84474290341919,112.969994005111,100.0,81.121661554113,11.010544401215425,18.6870743291059,93.9564,69.3644666878015,42135.66185499995
NLD,2014,1.80098935055634,115.205849457802,100.0,81.6649184641095,11.010544401215425,17.6818782630222,91.6667,70.3026846854015,42135.66185499995
NLD,2015,1.80598562591626,110.135230807738,100.0,81.2899036410405,11.010544401215425,17.4148103121536,91.7241,70.5458576179068,42135.66185499995
NLD,2016,1.86399139098136,112.688166070747,100.0,81.6988780299136,11.010544401215425,16.9640712326865,90.411,70.6379699378623,42135.66185499995
NLD,2017,1.96787421373596,109.26176749092,100.0,81.192484139684,11.010544401215425,17.1210117451832,93.1973,70.3995812806898,42135.66185499995
NLD,2018,1.75987236955923,103.705449062777,100.0,81.8625434997393,-4.3599322772924545,17.3241048530815,91.8919,70.2823544056509,42135.66185499995
NLD,2019,1.7588069903961,98.6368462471995,100.0,82.0574187059669,-4.3599322772924545,17.1127557495056,93.2886,70.2508053465611,42135.66185499995
NLD,2020,1.73737205482673,100.352006153371,100.0,82.2729995280748,-4.3599322772924545,17.3794770859182,91.3333,69.8215350848722,42135.66185499995
NLD,2021,1.65464640233302,93.8807694464696,100.0,83.7545060579366,-4.3599322772924545,17.7061297739891,92.053,69.4429925410801,42135.66185499995
NLD,2022,1.64194723390554,88.8195045380451,100.0,83.8828279289279,1.47701805979237,18.6563965305589,92.5197,69.0713610110483,42135.66185499995
NLD,2023,1.75149243000648,85.4757445009347,100.0,83.855356988618,-4.3599322772924545,18.1639849428596,97.0068,70.0541740903295,42135.66185499995
NLD,2024,1.72968455863421,82.3320940898509,100.0,84.2327132404915,-1.40403571808501,17.5234908357454,97.0068,70.4906816195514,42135.66185499995
NOR,2004,1.33559044875548,105.019095043197,100.0,75.6259224788514,1.85415606218434,35.4260864604952,77.69,52.0771222113915,42135.66185499995
NOR,2005,1.35951412016903,106.577215393709,100.0,75.8468335177392,3.24498545607206,38.3804105782717,81.99,49.5249211707144,42135.66185499995
NOR,2006,1.36556231799507,97.154666495271,100.0,75.6728071250512,3.42386990722308,40.0562998933421,82.55,47.8463695198508,42135.66185499995
NOR,2007,1.20029285976373,107.064013077002,100.0,75.9656579609227,6.16081120360734,37.619260274878,86.93,49.9670786984349,42135.66185499995
NOR,2008,1.08255295779966,119.247712265005,100.0,75.8227500346808,4.42620837691604,40.8115905550248,90.57,48.1731871166054,42135.66185499995
NOR,2009,1.2360885219239,127.534315525767,100.0,77.0974066903961,2.2258474686508,34.8690747104576,92.08,53.1931637832662,42135.66185499995
NOR,2010,1.5247849522003,127.637466122607,100.0,77.2924751416956,5.01894398780264,35.3094842115323,93.39,52.2863522035994,42135.66185499995
NOR,2011,1.30483723965979,124.978175605149,100.0,77.4998377583936,2.05367635776007,37.6245805499,93.49,50.5772565783691,42135.66185499995
NOR,2012,1.07727511345649,122.683821631454,100.0,77.4367304579322,5.44056216851406,37.4765762389368,94.65,51.0970868383772,42135.66185499995
NOR,2013,1.25303567412594,124.210093727703,100.0,77.5329620046384,-0.260184320751091,36.2739314669769,95.0534,52.0575277437559,42135.66185499995
NOR,2014,1.38343133732434,128.244980036536,100.0,77.1923064537442,0.646203788277676,34.6738352116026,96.3005,53.4347468005324,42135.66185499995
NOR,2015,1.48183029554502,137.836062619981,100.0,77.9525233057551,1.87399423252337,31.5986317732861,96.8103,55.9833722181738,42135.66185499995
NOR,2016,2.03389884901806,141.48987381863367,100.0,78.4335259007897,-4.3599322772924545,28.5306166329967,97.2982,57.9316984565321,42135.66185499995
NOR,2017,1.91877892439687,141.48987381863367,100.0,78.157275877479,1.46874278067631,30.4933671932528,96.3576,56.2861277546919,42135.66185499995
NOR,2018,1.81119901939869,141.48987381863367,100.0,78.8800217464505,-1.28796404191648,32.6446122707692,96.4917,54.57404711371,42135.66185499995
NOR,2019,1.78246102169707,141.48987381863367,100.0,78.2235069430203,3.99513402641071,29.8244589771798,98.0,57.3102892822421,42135.66185499995
NOR,2020,1.8439294251894,141.48987381863367,100.0,78.2977747682102,-0.892552414465765,26.8831673443447,94.6076,59.6041108454966,42135.66185499995
NOR,2021,1.59886917714459,137.565053651411,100.0,78.7453897044978,3.64643942475354,37.9019230417877,99.0,50.5672500324358,42135.66185499995
NOR,2022,1.63442443229044,110.276168888199,100.0,78.6806534735924,2.39446435427431,49.1288971298146,99.0,41.8232815649309,42135.66185499995
NOR,2023,2.08014844089816,127.432045772675,100.0,78.8875177207181,2.85439221069972,39.0661168478106,99.0,49.9581990524857,42135.66185499995
NOR,2024,2.07595111116756,128.868380631512,100.0,79.3762166078181,2.4905624422878,36.9541773996335,99.0,51.8077568320554,42135.66185499995
NPL,2004,34.6763571054627,27.0973304111391,37.2,39.8195545516232,-0.0057375573705338,16.6573202744672,0.449844,45.1719518806742,589.46992868617
NPL,2005,33.824896676688,28.7261508079238,46.1,40.2665588907897,0.030156295078659,16.4670892346949,0.826551,45.8341533596194,603.190108570995
NPL,2006,32.3664850386189,33.1513862786737,51.2,40.6584697808963,-0.073509433259411,16.0679668054868,1.14139,47.9339045137933,617.477638588722
NPL,2007,31.1644113230204,37.2815056472403,52.6,41.130580055274,0.0556064154566332,15.873140183038,1.41,48.7769758472824,633.226129136597
NPL,2008,30.3057163664183,51.6526455292715,56.0,41.5581954604449,0.0079321573519278,16.049986636556,1.73,49.2043233806326,666.865095417138
NPL,2009,31.3226520633995,59.1784546318174,59.3,41.9962955477937,0.297715388957693,15.0668034711092,1.97,48.6137710063626,692.400000816919
NPL,2010,33.1793784908122,54.5899877856031,68.6,42.3231316637042,0.548294665887946,14.2007622567226,7.93,46.3988379106184,721.265221364302
NPL,2011,30.8054854756814,46.4246531230953,67.3,42.5951459241855,0.435814930594323,13.393470598846,9.0,47.9028529373703,742.617252662576
NPL,2012,30.0760569579428,48.7543496534141,75.2,43.1778652112746,0.42369151125933,13.9771618084251,11.1493,47.987452587668,775.310578479839
NPL,2013,28.6226575264719,50.4622708384351,77.4,43.6094057706773,0.334712330597339,13.7983375627601,13.3,48.7552170077453,801.039060847856
NPL,2014,27.4618953620622,54.4670476035099,84.9,44.2014896453069,0.133746236524448,13.5645652301586,15.44,49.5640197511958,846.665541773599
NPL,2015,26.5185084313373,56.9082740653704,82.0,44.5956591912392,0.213029527712984,13.1616546296789,17.5816,50.5398969857639,875.543635474862
NPL,2016,25.5178753710017,69.8408001121159,90.7,44.6557475963972,0.432212944008614,12.6554177701811,20.7,51.5980440878132,875.188943730855
NPL,2017,23.6995484576769,69.1891243413532,86.6,45.031074434089,0.677439884182991,12.8625858899927,24.3,51.8497822876255,951.857298563641
NPL,2018,22.334672050342,76.3246080076577,93.9,45.6175621739596,0.206157201926214,13.2006396343014,28.6,51.5904434655837,1021.91492204011
NPL,2019,21.5833727595669,78.9459108984054,89.9,46.0971979934418,0.542801979747667,13.0106754142894,33.3366,52.0227162612175,1077.11796498188
NPL,2020,22.1800901918015,88.4400394663268,89.9,44.8089096783177,0.378739091402959,12.047319925355,38.8576,53.9388467411715,1031.53618783934
NPL,2021,22.0214522788058,103.651351375401,89.9,44.6166030328708,0.531690906776232,11.7920425516798,45.293,51.537232774772,1062.7888430629
NPL,2022,20.9143699815129,94.4669915631767,91.3,45.0595042833404,0.160405404733603,12.1812284731342,53.8878,52.4250544391455,1113.55462341223
NPL,2023,21.2987131119409,91.5572641445816,94.0,45.2005018624282,0.182279066044198,11.9717042539851,55.7716,55.3711684726242,1136.42769313825
NPL,2024,21.8720119555441,92.1111096963721,94.0,45.4888949006541,0.132590416512966,11.4245020172191,55.7716,55.2184600452436,1179.81272768386
NZL,2004,5.36558854547454,141.48987381863367,100.0,69.5845824873963,2.23263039125039,23.5521710155992,61.8476,63.890811922955,34372.5891093868
NZL,2005,4.51769702400314,141.48987381863367,100.0,70.65324213041,1.66201517661775,23.9417689045459,62.7202,64.3076772003903,35126.3341641095
NZL,2006,4.98360503244111,141.48987381863367,100.0,70.2727835317896,2.61132933725814,22.9953954559196,69.0,64.3316434501523,35665.3533259784
NZL,2007,6.06836553759783,141.48987381863367,100.0,70.7350861496724,3.16024444752482,22.9690421217852,69.76,63.4044559202456,36414.3173040299
NZL,2008,5.00102717537308,141.48987381863367,100.0,71.2775579552322,1.94246279372292,23.4180182363135,72.03,64.183711632366,35739.3584607571
NZL,2009,5.73699370029419,141.48987381863367,100.0,72.1639185490087,-0.0430577448192452,21.5920234531835,79.7,65.3870442725046,35370.585185302
NZL,2010,6.57130523506789,141.48987381863367,100.0,72.1680020741452,0.194915236759351,21.3739109959972,80.46,64.2365198963975,35489.7631519026
NZL,2011,6.27701974023538,141.48987381863367,100.0,72.685694953625,0.818121298166467,21.0821962770197,81.23,64.2828339663338,35957.523248516
NZL,2012,5.50645632003524,141.48987381863367,100.0,72.9022135250107,2.17878824315978,21.0796325358149,81.6445,64.9738902196158,36607.1493914827
NZL,2013,7.02982114184147,141.48987381863367,100.0,73.2886373871321,-0.0363955159235948,20.3295523823426,82.78,64.3979529627944,37267.6586997514
NZL,2014,4.77200031286406,141.48987381863367,100.0,72.9243135489679,1.61353184490058,21.4447733176352,84.0,65.4705105035876,38056.2646732554
NZL,2015,4.46728672100294,141.48987381863367,100.0,71.8974203305399,-0.0411688255414617,21.2079712328178,85.2,65.8988374959404,38665.3723018158
NZL,2016,5.54432774887998,141.48987381863367,100.0,73.1232679527807,1.0619303911252,20.173239535132,86.5,65.6042584677909,39235.3695566636
NZL,2017,5.90942208292093,141.48987381863367,100.0,73.0407293468835,1.15602540847251,20.5291845375564,87.7,65.0335422852744,39722.6068434219
NZL,2018,5.6613811876987,141.48987381863367,100.0,74.1041083112159,1.15882897654923,20.3819514710778,89.0,65.5271008636503,40371.5456268118
NZL,2019,5.68946266357785,141.48987381863367,100.0,74.6598371875968,1.44357026927529,20.3679361122366,89.8637,65.49207124896,40727.8822513384
NZL,2020,5.70464895404622,141.48987381863367,100.0,73.5963179714493,2.25342351216778,19.977838930424,95.2342,66.2725568029613,39785.473128643
NZL,2021,5.76844884341389,141.48987381863367,100.0,73.9082547107642,2.08859937451458,18.8275954260125,96.1151,67.2009112327821,41490.1148198326
NZL,2022,4.56898326146121,141.48987381863367,100.0,73.2032285594959,3.9304013825679,19.6044449752619,96.1942,67.4102911392727,42135.66185499995
NZL,2023,4.56898326146121,141.222832605013,100.0,73.8510179512156,1.72217162155154,19.6044449752619,96.1638,67.4102911392727,42135.66185499995
NZL,2024,4.56898326146121,141.222832605013,100.0,74.414928815076,0.676410624636647,19.6044449752619,96.1638,67.4102911392727,42135.66185499995
OED,2004,1.69725108991178,137.031799147573,99.666228773057,68.3123652037794,2.00621484421187,24.232690382649,8.350000000000001,67.8310766287118,32234.4407117914
OED,2005,1.55670333320224,140.310566718286,99.7390734427573,68.7476811417929,3.14569703745487,24.3363778439271,8.95,67.8109173292247,32918.4900985192
OED,2006,1.4603010111475,141.48987381863367,99.7396526812623,68.9691119708564,4.04558559406988,24.5516520565988,11.3798,67.4800052367659,33673.9718111843
OED,2007,1.49977201112679,141.48987381863367,99.6287855276073,69.2900613170912,5.34861760887127,24.4051640128806,14.8133,67.4376519263284,34311.0693477502
OED,2008,1.48791635183676,139.794662408293,99.7439647923726,69.9139600523101,3.52778464485209,24.1236644363611,19.5,67.9226422770755,34177.1150541466
OED,2009,1.40462790239232,141.48987381863367,99.6917727585994,70.9917753010268,1.99619547754338,22.5268637399112,24.05,69.9911490057367,32783.6280768116
OED,2010,1.50902764735814,140.360801713945,99.8076262147082,71.1644992544925,2.10012493286899,22.9922117444654,28.33,69.2617815260227,33528.4100044688
OED,2011,1.59564601972769,135.664837205175,99.7872116882093,71.3158478092609,2.81665227617194,23.0887897037953,32.0,68.8832873789492,33975.6013090401
OED,2012,1.5680555547894,136.252649104351,99.8129467749549,71.5124414222041,2.20581850114708,22.8942785008248,35.34,69.2424205911964,34230.3149071274
OED,2013,1.63249624346968,137.810649827909,99.8350316663745,71.7354605602752,2.34034328410558,22.6654348984922,38.5,69.1475647135343,34581.5357525872
OED,2014,1.54519229869473,136.700748471328,99.8480258810507,71.8201210585583,1.9669665894058,22.6268428787945,43.0074,69.140544104151,35120.4008452828
OED,2015,1.46938273577254,138.866301984233,99.8393577437036,72.0255377951977,3.5955238571907,22.1769468589271,46.5,69.8456303912019,35779.9123271942
OED,2016,1.42336047992766,141.11779383093,99.8959370066929,72.2830573552453,3.89027410367663,21.8656130030578,51.5,70.2694182298215,36216.0475622534
OED,2017,1.46825488174069,141.48987381863367,99.9408590340957,72.2852312839313,2.65222310403342,22.1505457959154,55.4032,69.8924963830561,36943.6721882405
OED,2018,1.38406357480526,138.532819908098,99.8987734342049,72.3679568484996,0.428555727749891,22.2682805920298,60.1126,69.7771719611986,37584.634230902
OED,2019,1.34250413548532,141.48987381863367,99.9400725167424,72.6748588779915,1.8912823199391,21.9339764770682,64.3,70.2943080762785,38062.9859938454
OED,2020,1.40979599750032,141.48987381863367,99.9329794930067,72.843959919377,0.890650771289165,21.4825230632068,70.0528,70.9752670805055,36444.6516392817
OED,2021,1.39754031135338,141.48987381863367,100.0,72.9796547074145,2.20458287977388,21.8932359142346,74.3716,70.2322858067896,38552.7294071217
OED,2022,1.42907620694368,141.48987381863367,100.0,73.1508217853275,1.6962814131392,21.8932359142346,76.6,70.2322858067896,39550.448387956
OED,2023,1.44866444440077,141.48987381863367,99.9229486259415,73.4602939885168,0.339915567498834,21.8932359142346,79.4848,70.2322858067896,40000.4208005086
OED,2024,1.44866444440077,141.48987381863367,99.9229486259415,73.7880080006314,1.08819936609966,21.8932359142346,79.9923,70.2322858067896,40461.3496678975
OMN,2004,1.68992915860957,29.8651264239303,100.0,75.6268362471262,0.391323075231172,51.54601351155545,6.75885,46.0212432526554,19534.8601445269
OMN,2005,1.41513580029885,26.830213002842,99.9,73.1920073255427,4.33257156250914,51.54601351155545,6.68358,40.2771673844892,19629.0451546015
OMN,2006,1.22533000226008,26.8602293065219,99.9,70.6406162977072,3.74867907471091,51.54601351155545,8.29972,39.9759331993574,20096.3965576134
OMN,2007,1.20022615297633,30.9764844412137,100.0,67.9511825080809,6.89874269714346,51.54601351155545,16.68,42.4015292248876,20642.7489563377
OMN,2008,0.973923151725602,30.6458183525274,100.0,65.196486065801,4.22877879574812,51.54601351155545,20.0,36.2531156971524,22007.7338963517
OMN,2009,1.28833463870819,40.7469449022376,100.0,62.1848941592167,2.72158933688519,51.54601351155545,26.8,43.052982586143,22819.1977324647
OMN,2010,1.24729891956783,38.2119108803521,100.0,57.9619600020351,1.91196478591436,51.54601351155545,35.8278,39.9391756702681,22766.0503620721
OMN,2011,1.10041680929465,36.1030456409534,100.0,57.7056731740204,2.10218875218974,51.54601351155545,48.0,37.0144775788817,20993.9079436935
OMN,2012,1.01551086474633,36.8201690395642,100.0,56.8454934637674,1.5612029028198,51.54601351155545,60.0,37.4757131338017,19824.1215485946
OMN,2013,1.14226556083793,37.8101763629108,100.0,56.8112142559645,1.79286446946825,51.54601351155545,66.45,39.731466379799,19299.9400516869
OMN,2014,1.11270719472095,40.9964363798579,100.0,57.0962381668035,1.3876575353227,51.54601351155545,70.22,42.3134546107489,18726.2026946971
OMN,2015,1.72976080728779,58.1721127566142,100.0,57.2585134276416,-2.76001757846703,51.54601351155545,73.53,50.1154825983089,18808.3077921839
OMN,2016,1.98532211721536,66.6702330425451,100.0,54.2064018486162,3.01624952400734,47.9402499394191,76.8454,53.3326409803718,18830.6057208608
OMN,2017,1.98459925247834,65.9487621150617,100.0,51.9659093714258,3.56005583896762,49.5943955174432,80.1856,52.0222326580764,18277.945563615
OMN,2018,1.84942019099591,61.0721758896089,100.0,49.4144287238635,6.12067985447931,51.54601351155545,85.5,47.5068212824011,18269.6769435562
OMN,2019,1.99471933938581,65.1353364973981,100.0,55.119764608331,2.26908923371353,51.3792329456517,90.2594,50.673372829997,18089.586668488
OMN,2020,2.46923308847714,76.5893899420194,100.0,61.0474487471315,2.51548624054379,47.1477222892227,95.2323,55.0241201622629,17743.8858800477
OMN,2021,2.39218489397188,68.18634950316,100.0,53.529026241423,10.015189421015,51.54601351155545,95.2388,49.1562425542054,18291.3387983888
OMN,2022,2.10827114663434,55.7897704553203,100.0,53.7639613809296,6.25544528201825,51.54601351155545,95.2453,42.3261771279215,18792.4460565306
OMN,2023,2.41559850885954,59.7528169403909,100.0,54.137736798552,11.010544401215425,51.54601351155545,95.2517,45.3040383332988,17853.9645119949
OMN,2024,2.60311077029303,59.7528169403909,100.0,54.4433584275524,11.010544401215425,51.54601351155545,95.2517,46.013700099547,17347.2911339051
OSS,2004,4.35692095631542,97.266167223441,74.5260416028874,59.1051529391252,11.010544401215425,27.3845993168713,8.350000000000001,57.7242354833222,9164.67108439275
OSS,2005,4.0640203194128,122.632707840206,75.7984756834167,59.4940045150491,11.010544401215425,28.114255724471,8.95,57.2004302542623,9487.11347008899
OSS,2006,3.76308297265324,126.034018019641,76.1827098373868,60.2240336742713,11.010544401215425,29.1539023606796,11.3798,56.7437684987011,9959.86385190429
OSS,2007,3.65749827769278,124.363780170601,77.6573850936105,60.5591907359959,11.010544401215425,27.7105393763512,14.8133,57.9706569025224,10377.4487607855
OSS,2008,3.51381314920973,120.151883010944,78.4662641033856,60.8961237661368,11.010544401215425,28.9562085865804,19.5,57.677587832917,10343.2053560068
OSS,2009,3.5079525760311,124.427156419037,78.9212198624386,62.2492394299757,11.010544401215425,25.2369473856087,24.05,61.3294555460342,9699.18302744397
OSS,2010,3.73992450769919,118.998137212615,79.8432778556983,62.9412168446009,11.010544401215425,26.0664604175095,28.33,60.8414847659038,9829.37376191878
OSS,2011,3.71864650399916,110.798459140307,82.3763169043455,62.6150247488973,11.010544401215425,27.7440453949814,32.0,59.6914245361386,10049.9562166758
OSS,2012,3.70648610793341,105.548859981966,83.2159663044917,63.4377650750377,11.010544401215425,27.4692374858403,35.34,60.0051077194363,10063.1293120612
OSS,2013,3.60183406818613,102.581097287367,84.0687457795862,64.287054982628,11.010544401215425,26.0286716334403,38.5,60.9341162949262,10036.2011169509
OSS,2014,3.54314109051163,97.5809691248975,85.5436919645938,64.7036577712239,11.010544401215425,24.6367207422356,43.0074,61.8764737202355,10136.6802416118
OSS,2015,3.57024614731336,94.7191107481072,86.4520330481869,64.817075243308,11.010544401215425,22.6294544412352,46.5,63.7784820373755,10359.1182462574
OSS,2016,3.3671879356976,89.9226226583251,87.8544041310444,65.1714151619133,5.76513678830049,21.5400762574178,51.5,64.6780446672822,10667.1122642121
OSS,2017,3.24146926953855,85.2495728345691,89.3280026877149,66.0169914592041,11.010544401215425,21.3898201959064,55.4032,64.7875360488084,11078.5034399888
OSS,2018,3.11119625054062,73.627291886774,90.472453074168,66.6143482985679,11.010544401215425,21.9330075948313,60.1126,64.3584306584188,11422.3381975176
OSS,2019,3.13081347288683,67.9434003444809,91.8035513133262,66.6196901661677,11.010544401215425,21.8045344021911,64.3,64.8014007529472,11765.0274554195
OSS,2020,3.35342297138971,74.1327366693428,92.8384985004429,66.4342969415519,-4.3599322772924545,21.5380543487838,70.0528,65.666683451216,10962.0788606767
OSS,2021,3.13313006266553,67.4438774961469,93.8560728212473,67.1577491120985,11.010544401215425,22.3424470329674,74.3716,64.9733758238419,11722.030338555
OSS,2022,3.15485993820553,61.5690332633717,93.9605317818207,67.7884536826308,11.010544401215425,22.9596659084884,76.6,64.5177223887178,12081.4158837591
OSS,2023,2.93987998734725,59.7180668878395,94.4954692175265,68.1645512099009,6.20067903401203,20.3908906803396,79.4848,66.7923200262786,12349.4784075444
OSS,2024,2.90036125814303,60.3573751736543,94.4954692175265,68.4996071415499,-2.82042163537267,19.7441812404393,79.9923,67.1207509100612,12597.7224556377
PAK,2004,22.0018900085347,21.2947003364719,77.0,36.1478634648913,0.845585701616171,18.9071452885794,6.16432,53.6616637238921,1146.99632842666
PAK,2005,21.5745096992331,21.6016814942981,78.1,36.149018978449,1.51575083116461,19.9330293059047,6.33233,53.756287210192,1201.23359367214
PAK,2006,20.4183460540925,22.7683134071852,79.1,35.4163987690254,2.63975006245443,20.199119664936,6.5,54.2181198042166,1243.94142602543
PAK,2007,19.9379514329097,23.0416390892532,80.2,34.9012387896085,3.03571933817685,19.9449553163591,6.8,55.6028992421704,1265.35567539842
PAK,2008,20.351365282755,24.1685851810671,81.4,34.7370241074087,2.68936656124595,21.1955484525846,7.0,56.2192386662406,1258.05188934452
PAK,2009,21.7869229749534,20.3957768107607,82.5,35.2829227322641,1.24801305527951,20.3372467582902,7.5,53.4051714905599,1269.07432116444
PAK,2010,22.6888101741789,19.2854383363833,87.1,34.7526528511688,1.02791108080423,20.9650197800876,8.0,52.5995937357421,1256.69482201323
PAK,2011,23.819642978628,16.7900431014259,87.8,34.3368173296143,0.575055145839944,21.1864809532945,8.0,51.8065797217263,1261.83161907857
PAK,2012,23.3861955340345,15.1977662090047,88.6,34.6069792179666,0.343453048660945,21.9583720724829,8.1,51.5898687341456,1275.48806898966
PAK,2013,23.7075945934908,14.4059591371388,89.3,34.8415644982764,0.515353849332245,20.8910295084645,9.0,51.878053333919,1309.70080446386
PAK,2014,23.4927320097855,14.0363434269816,90.1,34.8936189029311,0.695308116834202,20.8659912298838,10.0,51.5633070162566,1343.30778121043
PAK,2015,23.2628407756242,13.8776720604833,91.0,34.9703468652902,0.557734356032139,19.602614668814,11.0,52.6865814332807,1380.47020838317
PAK,2016,22.3283302035697,14.6822491291274,91.8,34.1387689163009,0.821349998064174,18.1501179723214,12.3854,52.747401539414,1452.18658269177
PAK,2017,21.9632035366872,15.3138129313571,92.7,35.8519813928895,0.735837049658425,18.0993270885214,13.78,53.249254299638,1495.26187528032
PAK,2018,21.6512353593957,16.6323511145142,93.4,37.5947936706277,0.487745750658143,18.5890515927482,15.34,52.9323158239348,1561.68169819559
PAK,2019,20.6778713222887,15.6879858068791,93.9,37.3596010871104,0.696146480411465,19.5638945814483,17.0709,53.6204826290348,1573.8330826937
PAK,2020,21.8541325548966,15.0331201291201,94.5,36.9231198071076,0.684695289874347,18.5894635445816,18.9348,53.680280706041,1526.00597486307
PAK,2021,22.6625080760743,15.3401397751102,94.9,37.4739114383926,0.616039439073827,18.8964082009484,21.4107,52.0255067386808,1595.02792175422
PAK,2022,22.3268646996031,14.8383242381905,95.0,37.8542469410429,0.389980753542853,20.4125955543613,24.2103,52.2312939861803,1642.28066974826
PAK,2023,23.426703596366,12.0203955111754,95.6,38.073780651385,0.608281270820624,20.718694602313,27.3759,50.9693352713894,1610.33122837537
PAK,2024,23.7432862338836,11.4660816136427,95.6,38.2723455827609,0.7166886452434,20.2457551236068,27.3759,50.7319389342379,1634.56735260799
PAN,2004,6.20690448694241,82.0699638007039,83.4,65.5946865792201,8.46279993310649,17.1143205033941,11.1409,72.5389164474531,7468.76593461799
PAN,2005,5.72339050573482,82.0699638007039,84.1,66.3895070436171,6.6434443919751,16.9418882346097,11.484,73.0155449639046,7935.87134515908
PAN,2006,5.29180834403887,82.0699638007039,84.8,65.2747624931979,11.010544401215425,17.0590241541399,17.3496,73.9597420592592,8557.98017379308
PAN,2007,4.75264853625124,82.0699638007039,85.5,65.4170944885085,10.2406205983382,17.3951362456171,22.29,73.9635655934837,9507.64640169959
PAN,2008,4.44423049224979,82.0699638007039,86.3,62.2921438274805,9.29189971900206,19.4422776642603,33.82,72.2966272671966,10288.1549774225
PAN,2009,3.78306122741832,82.0699638007039,87.0,62.0605645418751,3.9059104779012,18.8451292858244,39.08,73.4568445385886,10267.0633132424
PAN,2010,3.63600328597003,82.0699638007039,86.9,63.1688871048926,8.43207037866722,18.7740620895039,40.1,73.3921339140751,10698.0717490512
PAN,2011,3.27922462259298,80.3174015316408,88.6,64.0850944794182,11.010544401215425,19.3755839924897,42.7,73.0752392207841,11761.4988389067
PAN,2012,3.12877687729717,79.5923009409903,89.3,64.3999465803048,8.13045858557062,20.9812468831741,40.3019,71.8565162443201,12668.2945402358
PAN,2013,3.05395075031122,65.4374136067457,89.1,62.9486210096543,8.09167357453305,24.4155078532725,44.03,68.7099758655638,13236.8306490828
PAN,2014,2.98667755753568,80.8728229418666,90.8,63.7116733161657,9.6921652724572,25.7779037541134,44.9238,67.3055611033205,13611.5490656071
PAN,2015,2.94961630343056,82.932427774497,91.6,66.0704694411739,9.17966898909828,26.578949117256,51.2054,66.6521554590568,14082.6548434996
PAN,2016,2.78054588848146,84.1908718346007,92.4,65.6655773515282,8.78226076869208,27.4158212440648,54.0,65.8250969681256,14474.124340577
PAN,2017,2.5726218836624,84.4380104002795,93.7,66.4283924978384,6.34573158684694,28.2545621203247,59.9506,65.500949853439,15045.545619615
PAN,2018,2.44618169615899,83.9514799603358,93.8,66.5181842219433,6.3940456399755,28.3264605966594,61.8055,65.8116974779352,15375.6434854475
PAN,2019,2.45508076979221,83.3265567540138,93.9,67.2753143829411,6.7135041995988,28.4159326937794,63.6284,66.0060430048636,15602.5420714581
PAN,2020,3.06418837455078,100.153891512579,95.3,67.2011762748096,-2.85980025111741,23.4387808011432,70.0097,71.0034450721902,12647.0826553801
PAN,2021,2.80289216669708,100.153891512579,95.3,67.5131714167982,2.71982266254139,26.3633166905784,77.031,68.1569842481713,14552.9401400295
PAN,2022,2.60370302111209,100.153891512579,95.0,67.9264436302722,3.2250848191713,26.4074796224087,77.7041,68.1508944718056,15956.0653932059
PAN,2023,2.49627491186875,100.153891512579,97.0,67.8303396018053,2.84826789984183,27.1584907122297,68.5485,67.7573455294967,16877.1508423953
PAN,2024,2.68214078025339,100.153891512579,97.0,66.6197690637056,3.74510335231647,25.5035525177363,68.5485,69.3426627772372,17122.720655567
PER,2004,6.93443306205717,17.9102399219746,75.7,54.1244821968222,2.39489207548148,32.6500976155483,14.1,51.3878956720118,3640.60299869744
PER,2005,6.85426462318893,19.066421608863,77.2,54.7837266727135,3.39034816926813,34.3566674243965,17.1,49.8362904737407,3835.13219279722
PER,2006,6.60348433016044,20.8131640208248,80.2,55.5426689854055,3.91065680458787,37.4577549944707,20.7,47.4170688770149,4091.36268615581
PER,2007,6.70580838491928,24.6070736917389,82.0,56.455796823934,5.37428655925625,37.6989799588981,25.2,47.305070802301,4407.79121686416
PER,2008,7.16094114578461,29.7639607500021,84.7,57.028597934681,5.74335697642786,36.3269344719167,30.57,48.3634281113294,4778.52642172313
PER,2009,7.40390665571257,30.0145290325562,86.4,57.5918035699888,5.32237544034606,33.551682543695,31.4,50.7365164325183,4801.17153740507
PER,2010,6.82799723597835,30.261687153432,88.1,58.0932349947355,5.73087732837535,35.7720066029406,34.77,48.9435774885792,5167.39259325937
PER,2011,7.10011013658205,32.3092275000503,89.7,58.060507672073,4.47262658184166,37.2361002771383,36.01,47.7582660570047,5453.45718713631
PER,2012,6.72523424077649,34.0437468209084,91.1,58.340363062732,7.36173683394684,35.5335533553355,38.2,49.129259974298,5740.04346272472
PER,2013,6.66831016491401,37.7199291764532,92.1,58.4252025316731,4.75734900182415,33.8594367461678,39.2,50.5158622110693,6021.46142765232
PER,2014,6.80424741378252,40.8996268175973,92.9,58.5479318237637,2.12302965027806,31.701403934103,40.2447,52.3928980547013,6103.91864749969
PER,2015,7.04564405972046,43.8679314540477,93.9,57.850935463329,3.86551316954964,30.3378798708175,40.8526,54.0425799449386,6231.71150338894
PER,2016,6.93503461650105,42.8090253456419,94.2,58.236117099936,3.54628188735842,30.5565505783828,45.4617,54.3063730182748,6392.25474941014
PER,2017,6.77975956010925,42.4146143080756,94.8,59.6203094794637,3.5133314939664,31.2978841231473,50.4504,53.9283331564894,6457.41940254721
PER,2018,6.88584285144097,43.9039424432995,95.2,59.7904043125452,2.63824619479376,31.6240835005495,55.0543,53.5381936281076,6593.14437459526
PER,2019,6.85303103477238,44.7242368945336,95.6,60.3402086081131,2.09128983397663,30.4491957836385,59.9505,54.3915620275491,6626.26083494969
PER,2020,7.7158463734968,55.3124099083207,96.2,52.7833343247688,0.329387076302566,30.3192857092121,65.2518,54.1910600001421,5831.83024758521
PER,2021,7.12266347558469,47.1314277768001,95.6,57.3749269699206,3.15570902335973,35.7383343144165,71.1078,48.7058242179895,6547.84718181776
PER,2022,7.17416229206978,45.6681533476048,96.2,57.6322202860632,4.55221582089149,34.9314299156729,74.675,49.6995886430732,6667.51695632036
PER,2023,7.24050399871129,45.6681533476048,96.2,59.6750679519879,1.62534746680837,33.9694851252743,79.4848,51.2061169826914,6568.0002779793
PER,2024,7.3374218616047,45.6681533476048,96.2,59.7982208371666,2.35092628744149,33.9723838777869,81.9571,51.2936105507675,6711.19403272527
PHL,2004,13.9844036917201,31.0092116533596,87.6,49.2298898477891,0.623144777963454,33.6186962072883,5.24363,52.3969001028699,1978.34489133113
PHL,2005,13.517547003593,27.8965736381251,79.8,49.7578358926005,1.54906009249231,33.8136763053241,5.39764,52.6687766910829,2037.8776605946
PHL,2006,13.3612491069675,27.4706949162292,80.2,50.2306321766998,2.12091886479217,33.4625853303804,5.74059,53.1761655626521,2110.42044781284
PHL,2007,13.606507617711,27.6390233179633,82.0,50.6123441480884,1.87121245887706,33.000860932449,5.97,53.3926314484507,2209.34651083329
PHL,2008,14.5160747573134,27.8760610609157,83.3,50.9593888378512,0.737800589215242,32.765288410954,6.22,52.7186368304904,2264.9462907288
PHL,2009,14.5402133153152,27.8966684153138,84.3,51.6048881399569,1.17324821246427,31.5225426812628,9.0,53.9372440034219,2256.72554835463
PHL,2010,13.7488650524217,28.3324788107778,85.5,52.085087988759,0.513698049517659,32.3395560456604,25.0,53.9115789019179,2373.14312064664
PHL,2011,14.0957351510823,30.497639750655,87.2,52.6145323962141,0.856963002985963,31.3386827828469,29.0,54.5655820660708,2416.75212064542
PHL,2012,13.0958070106782,31.9053759841345,87.1,53.1341994600021,1.22763000703119,31.3994933632444,30.8,55.5046996251733,2533.74141964959
PHL,2013,12.4734251044125,34.3357279070115,87.5,53.9112672571846,1.31642638378197,30.7754466314331,32.7,56.7511282641544,2654.41506933978
PHL,2014,12.2716816211446,37.5782838049623,89.8,54.1410067239807,1.92937522802216,31.0474444753394,34.7,56.6808739042732,2776.92005909479
PHL,2015,10.9964991548623,39.9037835751425,89.1,55.0699923441241,1.84018010717942,30.4819509834967,36.9,58.5215498609238,2909.85818010301
PHL,2016,10.2051255325616,42.8645179928199,92.0,55.4382082448058,2.59850803494211,30.2859171672694,39.2,59.508957300169,3076.3374186759
PHL,2017,10.1829541314109,45.6051977878358,93.0,56.1556474029791,3.12238778404896,30.1265505767725,41.6,59.6904952918166,3247.4503878362
PHL,2018,9.65014035815306,47.5627907969006,94.2,56.4921563871369,2.86833826070497,30.5637401548214,44.1,59.7861194870255,3410.93647976109
PHL,2019,8.82032374730525,47.9736686643137,95.3,57.8572001865167,2.30117498598294,30.3275078794624,43.0266,60.8521683732324,3575.88170922922
PHL,2020,10.1853110317615,52.0356914003601,96.4,56.779244056703,1.88586363211171,28.3999175850521,53.7649,61.4147713831863,3198.66690008413
PHL,2021,10.0691640204876,49.941324910651,97.5,56.8103235196599,3.04078855310045,28.8898091185459,66.9078,61.0410268609665,3350.97587587776
PHL,2022,9.55176804414326,48.8730299164323,94.8,58.7194427198819,2.3475097233369,29.2212399364338,75.2111,61.2269920189689,3577.70136573244
PHL,2023,9.40036652870699,48.3110407108785,98.0,59.0189887451559,2.0421035482067,28.1976225091774,83.7661,62.4020109621156,3744.69763802928
PHL,2024,9.08252678487007,49.8136655061316,98.0,59.3162032087416,2.04498934693652,27.6939779931321,83.7661,63.2234952219979,3925.3048697218
PLW,2004,3.89359972572218,32.8688540294339,98.1,49.9543541630426,4.114502379294,15.1582911347474,26.9703,73.6226594712152,13599.4436174869
PLW,2005,4.08337291692719,33.7215866396037,98.9,50.3642347768599,2.07999540108908,13.4058206780497,26.9703,72.0005230899413,13992.4700518965
PLW,2006,4.72285205343983,34.8081787114827,98.3,50.6231769549281,11.010544401215425,11.5471464275683,26.9703,75.5421610442326,14186.1538388023
PLW,2007,3.9905383389779,37.7291069327007,98.4,50.6590283450837,2.18299929466235,10.8073757207828,26.9703,76.6431616849906,14590.4803753503
PLW,2008,4.22490119467945,39.431944966087855,98.5,50.9593888378512,2.35823849904737,8.91521358713081,26.9703,78.9699570659116,14045.7297946023
PLW,2009,4.10378619160835,41.32547358889725,98.6,51.6048881399569,1.47000359769063,8.76818551012762,26.9703,78.1282445280694,13338.1300928439
PLW,2010,3.99626763240609,42.195981646899696,98.8,52.5390147086811,1.42799947877429,9.77806970315764,26.9703,77.2009419042976,13206.5122645
PLW,2011,3.92395099187855,42.449202388170605,98.9,52.6145323962141,4.18940712246433,8.53505137130915,26.9703,77.8297484026602,14123.1262308557
PLW,2012,3.83700914917822,43.24887542568235,97.6,53.1341994600021,10.0359146686676,8.1220574144124,26.9703,77.8210051499332,14609.8376964301
PLW,2013,4.01275969266809,42.30243639204765,99.2,53.5430702246149,8.05009176476073,7.92058443910063,26.9703,79.4480384533236,14331.3395472642
PLW,2014,3.52832199796981,43.742921585242954,99.8,54.1410067239807,11.010544401215425,7.61030587152901,26.9703,78.7783932185891,15015.0026129107
PLW,2015,2.99256304896047,47.51686846027865,99.5,54.4112830836989,11.010544401215425,7.93365213381965,26.9703,78.3803055419977,16154.0532152373
PLW,2016,3.0483589005406,47.0982594371968,100.0,54.5049047408101,11.010544401215425,10.0467475510862,26.9703,77.1658228983353,16343.5615050344
PLW,2017,3.44981902983612,45.600325891793204,100.0,54.188247670037,11.010544401215425,8.06727947248155,26.9703,77.4844192674803,15841.6183886679
PLW,2018,3.46108988643793,45.86608163933535,100.0,54.7593556383935,11.010544401215425,8.97198406718992,26.9703,78.236488423917,15642.8069323229
PLW,2019,3.38895622331658,46.1406537653286,100.0,55.8657560901886,11.010544401215425,11.2363131549702,26.9703,76.5275937523433,15600.1871093094
PLW,2020,3.27547532603173,51.46377338764225,100.0,56.0999877808229,11.010544401215425,12.5888748571576,26.9703,75.8179927741185,14532.9898440558
PLW,2021,3.48319540673391,47.77472256475425,100.0,55.305223900281,11.010544401215425,11.9257212149993,26.9703,78.3190965169601,12612.2906184953
PLW,2022,3.35351872913646,45.7439409376828,100.0,55.997466048887,11.010544401215425,12.3983166863106,26.9703,77.0000439314685,12820.3765209089
PLW,2023,3.04062521469754,45.427065277604356,100.0,56.4243401985256,11.010544401215425,10.0673824813859,26.9703,74.7688539101668,13128.1314312511
PNG,2004,35.9686628123206,21.7870346979082,22.250000000000014,64.7775227053309,0.828665064000147,36.990625566481,1.50791,41.1601229958445,1821.84741071002
PNG,2005,28.18594993493005,21.7870346979082,22.250000000000014,64.9824809242872,0.821562762714584,36.17812293185035,1.71619,41.1601229958445,1875.82273480514
PNG,2006,20.4032370575395,21.7870346979082,22.250000000000014,65.2946002810746,1.53859475240196,35.3656202972197,1.75449,41.1601229958445,1915.2349405788
PNG,2007,19.608590823475,21.7870346979082,22.250000000000014,65.7089683987524,1.36861708392094,34.5397977398031,1.79056,42.4652017879367,2000.9726186689
PNG,2008,20.1748721590487,21.7870346979082,22.250000000000014,65.9548748340639,0.410070468415145,34.3859870110461,1.15,42.2889560914196,1934.03201558753
PNG,2009,21.6434677774704,21.7870346979082,22.250000000000014,66.3699261971545,3.61496051286185,29.7716417489587,1.61,45.2637670895921,2003.24109727039
PNG,2010,19.6083870979546,21.091519972966,22.250000000000014,66.6853198204874,0.249749808529939,33.1688098579341,1.28,44.1440002030136,2140.50939027384
PNG,2011,19.1997113715188,20.9325128845535,22.250000000000014,66.0519343053378,0.202496658911332,31.3362203529409,2.0,47.0232947143647,2102.03192060639
PNG,2012,19.2739507668723,22.8565539094754,22.250000000000014,65.3874774191798,0.135226482435046,27.5731803314458,3.5,49.6021773873939,2139.48096660428
PNG,2013,19.2600193533343,25.0996039083892,22.250000000000014,64.536640355408,0.126069328063533,26.5405471816928,5.1,50.4989633986372,2162.10592595591
PNG,2014,17.6919442750767,22.6256429101556,22.250000000000014,63.5480964741303,0.126824295087963,32.7848336169925,6.5,44.4755050929294,2391.3578028163
PNG,2015,17.4569301700841,22.5534509061815,22.250000000000014,62.6202081947227,0.138228028178879,34.8049301310481,7.9,43.2810108554466,2484.5963398603
PNG,2016,17.8663404294926,22.1193452819282,22.250000000000014,61.7235212572446,-0.188417025477419,34.7299715804552,9.60154,43.430656678982,2557.09463030035
PNG,2017,17.649568905745,19.3527551663392,22.250000000000014,60.6779455468911,-0.788236305745218,36.3598597357265,11.2092,41.5021183585627,2584.8883636271
PNG,2018,16.9738355202322,18.7432134166838,22.250000000000014,59.7376518013993,1.27185526445477,36.9240450738372,15.59375,41.6473438003943,2518.45899317321
PNG,2019,16.9764457469667,18.0546694179341,23.6,58.8226988766473,1.35581279394242,36.711080935275,19.9783,41.8361672652699,2572.56177967896
PNG,2020,18.7553254780877,18.8149812506172,22.250000000000014,56.3877601232141,0.473794497066331,33.0470837551076,24.3969,44.0310760674396,2438.61137922293
PNG,2021,18.9927879202426,17.409571816553,22.250000000000014,54.7570550942933,-0.131822921345615,34.0395482188639,23.2437,42.6087360883136,2378.3716816549
PNG,2022,16.9085919325011,15.0426900505059,22.250000000000014,53.7520987276785,3.76981381554657,40.279199607031,23.7315,38.9579007220385,2467.23488790877
PNG,2023,16.9595908086069,16.5136790781867,22.250000000000014,54.3911418325475,0.140519776766319,36.2878065224517,24.0667,42.0273807046412,2515.29070398356
PNG,2024,16.9595908086069,16.5136790781867,22.250000000000014,54.8308392973325,-0.6236311790975,36.2878065224517,24.0667,42.0273807046412,2564.73748186493
POL,2004,3.33358582113835,26.1595858062025,99.9,52.4345242676995,5.41150845702569,29.185278751871,32.53,55.9833742114646,8323.38773754587
POL,2005,2.96760371813755,27.0410644190586,99.8,52.6494117201935,3.59641795552772,29.058898029081,38.81,55.8857255613399,8598.57681241557
POL,2006,2.7459182485152,31.0991032956795,99.8,53.5334765191451,6.20790606582043,29.2021893560033,44.58,55.7400722021661,9137.65850849801
POL,2007,3.09408708372918,37.0571618338196,99.8,53.8600078009042,5.82502177093229,29.2754512665731,48.6,54.9294199742734,9760.7042604352
POL,2008,2.64309499472652,47.1055525375866,99.8,53.4885384389398,2.7209993736918,28.8165316846699,53.13,55.8299281086221,10187.2017910883
POL,2009,2.62640625045433,46.9151175740235,100.0,55.0236661626113,3.18105494953636,29.9613126651954,58.97,56.2042941342382,10446.5289138524
POL,2010,2.91554815662609,48.8721256893143,100.0,56.0535195022376,3.94489462074706,29.6974993930566,62.32,55.3297957201817,10808.3975674238
POL,2011,3.17180701243977,51.483789287918,100.0,55.8337533433676,3.57128957712437,30.3941659979475,61.95,54.294328089083,11370.313427173
POL,2012,2.98562113420809,50.3251056254246,100.0,56.4282397815929,1.52886091421625,30.2281657114043,62.31,55.3349007114845,11542.2353368014
POL,2013,3.22652536867249,51.6642772358478,100.0,56.8932599901155,0.258983446617592,28.6768333488015,62.8492,56.7410646685001,11628.2286809525
POL,2014,2.97119902232799,52.623549823882,100.0,57.4073780056998,3.85089176515991,29.9351239778153,66.5987,55.7052599572561,12093.1622787394
POL,2015,2.48363694237949,53.314886900933,100.0,57.9291786495679,3.29546177974363,30.9939300295541,67.997,55.299619134775,12637.5220324406
POL,2016,2.6237968659564,54.3456987288045,100.0,57.9683887923307,3.81608753667806,30.6734871058329,73.3007,55.0625951252974,13026.1858988718
POL,2017,2.98537285986431,52.27429793934,100.0,58.1114944429889,2.37812836572029,28.8090759581658,75.9854,56.0708540911722,13695.6452848724
POL,2018,2.41564136866167,51.8969895049653,100.0,58.5650167156701,3.34803923662527,28.8614617242515,77.5417,56.4266313774483,14551.0850277089
POL,2019,2.37029744646443,50.2277295457207,100.0,58.7133477770804,3.15455649244208,28.8315242170352,80.4359,56.8247340346225,15221.3090624454
POL,2020,2.56844423547416,49.2665185159479,100.0,58.7428419995216,3.31499059495462,28.5669486213815,83.1849,57.0960625229325,15090.2228440113
POL,2021,2.24552304361646,45.7278891219221,100.0,60.2059416711639,5.44306737738578,28.4859993432319,85.3749,56.4521825514612,16368.6239689025
POL,2022,2.80606930357805,39.3159295032007,100.0,60.4632771401715,6.00626096603428,29.1814824967348,86.9411,57.2217295257752,17303.64494323
POL,2023,2.76537109467644,34.7075227346327,100.0,61.9770367351684,4.38918673390545,29.3903798055442,86.4147,58.2011282257295,17410.3830137066
POL,2024,2.54032372848325,33.5857900188097,100.0,63.2978087992086,2.24523191798779,27.2480779716168,88.585,59.1475357964785,18000.5034591285
PRE,2004,21.9876246914107,8.05436829869459,29.0143767372426,31.1493675351057,2.52393112374416,30.8325902815274,8.350000000000001,40.0273926925544,1182.63790184807
PRE,2005,21.1116061589784,8.08254684084081,29.7529505923948,31.5119035471268,2.29617192550716,32.5754075680214,8.95,39.4360839616239,1216.92124399816
PRE,2006,19.9137759738772,8.32330993452861,31.0199911874381,31.9397091757975,2.01325676537447,32.4849018544313,11.3798,41.5283532661982,1256.10622810655
PRE,2007,19.6979861798622,10.7280728160773,32.3531972155593,32.3291755798717,2.42356360753061,33.0039755588653,14.8133,41.2304736029473,1296.53645780715
PRE,2008,19.2659418682379,12.7714820931731,32.158342929062,32.696903769754,2.50967984789111,34.7779689358302,19.5,40.8528465578431,1340.27787088179
PRE,2009,20.5611765208156,13.8073557593589,32.2395611082164,33.1319167578903,2.82680270938432,29.431999384444,24.05,45.6194123861864,1363.83802147483
PRE,2010,19.5918713827213,11.8376527552519,32.7196037224137,33.9280403132947,2.4800439720168,32.149988748869,28.33,44.5657552944512,1412.49898242198
PRE,2011,17.5324949530655,10.7714500382004,36.1231407415373,34.3126047389851,2.64160090630025,36.1599699606747,32.0,42.9004297989073,1431.26652210403
PRE,2012,17.1689018348835,10.8884372784558,37.5016010934048,34.8461839860972,2.78994771374482,35.861999572416,35.34,44.0802367617419,1449.44384186057
PRE,2013,16.8088495826622,11.6783398829163,38.4111244155347,34.7989717100487,1.56728404203385,33.8942082057194,38.5,46.0278591532178,1490.0962045902
PRE,2014,16.9655253698911,13.1730493786417,39.8940402562397,35.3072517711922,1.22231095293705,31.9657226173301,43.0074,47.4748768993948,1522.21824259319
PRE,2015,18.1082976060807,14.9450812878007,40.1196686715573,35.7236314197672,2.11456584147373,26.5719766447548,46.5,51.9132620706236,1524.98608713796
PRE,2016,18.0943355020773,15.4407367329165,44.6718700054727,36.0402636507595,1.14769607007741,25.6145508828146,51.5,52.3872186143275,1518.36553624341
PRE,2017,17.644133128165,14.451103862706,44.3587801999364,36.4093122850014,0.872492000047273,28.4536733957537,55.4032,49.8836718989233,1501.00472393292
PRE,2018,17.2971616435409,13.1259561332368,47.1055374833379,36.9662566541675,0.597298718144221,31.0702958851482,60.1126,47.9275096358066,1498.97139237832
PRE,2019,19.7998445044926,11.8423947292095,47.5891649924098,37.701865177868,0.628630567112414,28.0938333312496,64.3,48.7366122149014,1505.95575412271
PRE,2020,22.1479672387923,13.0727539405953,48.3865766205333,36.0941134797747,0.687969038316618,24.1560863515893,70.0528,49.6323727366099,1406.48382617164
PRE,2021,21.1630622041948,13.1953960647341,50.5171178994713,35.8452000580789,1.07431309754944,26.9612911838695,74.3716,46.2275402261175,1402.70865652857
PRE,2022,19.8743560891727,12.6930550597668,51.1433191693417,36.5997049338797,0.877546330099199,30.0189924618283,76.6,43.9849331356562,1431.65390893488
PRE,2023,19.9360298998598,12.6930550597668,52.5309883201788,36.8403076063321,1.38794476412598,28.8896007245678,79.4848,46.4562126528451,1429.95200849228
PRE,2024,18.5698035487394,12.6930550597668,52.5309883201788,37.2669321158305,1.56699352138483,29.2611122535581,79.9923,46.7423532905335,1440.28390969245
PRI,2004,0.626600481487628,32.8688540294339,100.0,78.3221252282271,2.60618528064118,47.9433404762634,22.1307,49.5255907284443,30375.7895758237
PRI,2005,0.594971397399844,33.7215866396037,100.0,78.7783152595228,2.97971035930976,47.2323566719793,23.4001,52.0048766577424,29815.216422231
PRI,2006,0.590822137458644,34.8081787114827,100.0,78.9614934140007,3.75983551599556,46.8599016480151,25.4424,52.2955881640463,29519.7386759729
PRI,2007,0.480571207238608,37.7291069327007,100.0,79.5601759688547,4.49541724323026,46.7782620747588,27.86,53.2596976344197,29347.8460041613
PRI,2008,0.553943910302619,39.431944966087855,100.0,80.261167943313,3.819961834919515,47.3982259585452,38.0,52.3815321131192,28976.1310520159
PRI,2009,0.588365896980462,41.32547358889725,100.0,80.637189663785,2.7273246675590848,49.4013628591823,41.5,49.5122715426371,28565.767919549
PRI,2010,0.83552463730404,42.195981646899696,100.0,80.9799000474922,2.9581243237533696,50.901238345092,45.3,48.5622775873057,28569.5077088001
PRI,2011,0.792213784121246,42.449202388170605,100.0,81.3209933848272,3.22345791309207,49.7847071848309,48.0,48.8661377933807,28706.0207514856
PRI,2012,0.803821796527931,43.24887542568235,100.0,81.6213277763936,2.79564240848119,49.6384574183182,69.0,48.9893151958159,28968.6942131352
PRI,2013,0.826451927769644,42.30243639204765,100.0,81.9504794538369,2.835264086128305,49.2639336261591,69.0,49.5143972669595,29115.3549161996
PRI,2014,0.846398778671258,43.742921585242954,100.0,82.2763406836491,2.5372461391931553,49.9339162757282,76.1339,48.9901977435873,29141.2038639816
PRI,2015,0.826985117363399,47.51686846027865,100.0,82.5914980908278,2.67805945213605,50.9382784121963,63.4663,47.8759473956595,29242.041465085
PRI,2016,0.805660903593846,47.0982594371968,100.0,82.6793504629545,2.72369103810558,51.1515123633391,68.6438,48.3474175433956,29326.5748761873
PRI,2017,0.818676213745449,45.600325891793204,100.0,82.8619064045073,2.59566397203178,50.2294595444349,68.7408,48.4410365979578,29061.5563802711
PRI,2018,0.70791744297882,45.86608163933535,100.0,82.9230011318573,2.31853378102074,50.6557670954584,70.8564,49.0894737519823,28808.8518638025
PRI,2019,0.682321472056496,46.1406537653286,100.0,82.9272315275072,2.353976227536025,50.8444120601485,77.7364,47.7835253561427,29185.0969964707
PRI,2020,0.66100460676674,51.46377338764225,100.0,82.9096933274728,1.6951678239901,50.3169273224611,81.26155,49.5799028225294,28144.7223184239
PRI,2021,0.673046024208234,47.77472256475425,100.0,83.2614273090828,2.7126492262053548,50.4804250065303,84.7867,49.1100908983281,28416.6231262223
PRI,2022,0.663980527688401,45.7439409376828,100.0,83.4061358263486,2.260714655017715,48.2233975178249,87.2918,50.8816034615881,29643.7408907829
PRI,2023,0.705611740327775,45.427065277604356,100.0,83.6275181170291,1.98648740838048,47.3948264740161,87.2918,51.5791209748235,30012.9242468103
PRI,2024,0.700867503663465,45.49182954994115,100.0,83.8824106340782,2.27442939976329,47.1610117080772,87.2918,51.8089701174057,30971.2620550191
PRT,2004,2.60214117997755,121.19077411841,100.0,61.1517096056042,1.312247289237,22.2369566238035,31.78,62.5652601326721,19137.8370898949
PRT,2005,2.30349335448735,124.773021846414,100.0,62.0265085282407,1.70741232717781,21.3833086063294,34.99,62.9727336595912,19251.71450683
PRT,2006,2.25313751520814,133.41295217927,100.0,62.2265585226258,6.41633004151996,21.1476529637361,38.01,62.894552522885,19529.3122100477
PRT,2007,1.99815593954667,141.48987381863367,100.0,62.3568137475302,2.50093088549298,21.153352846176,42.09,63.501585543125,19979.5706280792
PRT,2008,1.96377185231981,141.48987381863367,100.0,64.0200254109143,2.96892594201258,20.3862797641316,44.13,64.7713259125775,20014.4749330004
PRT,2009,1.95062621184125,141.48987381863367,100.0,65.250006790519,2.35133912553896,19.857190463856,48.27,66.787257798424,19371.1318876855
PRT,2010,1.94034870976094,141.48987381863367,100.0,66.0146772123583,3.77376819569615,19.9335310982463,53.3,65.9900107723019,19698.6836791397
PRT,2011,1.8384390598893,141.48987381863367,100.0,67.1899540649217,4.23648756430888,19.3319728029358,55.25,66.2727108617798,19389.6395896162
PRT,2012,1.92004687349348,141.48987381863367,100.0,68.5696688093876,7.21535195239496,19.0867583864245,60.34,66.391814938701,18679.7626789594
PRT,2013,2.04188706497902,141.48987381863367,100.0,70.5476024395349,6.43654323197598,18.8830973772949,62.0956,66.8740172770633,18597.7214623964
PRT,2014,1.97659101484386,129.651173714521,100.0,71.5809231711292,5.43851031792652,18.9850440099134,64.5924,66.307724667619,18836.8967978906
PRT,2015,1.97541250129625,120.048513231382,100.0,71.8508726458503,0.63522205292535,19.5938498258589,68.6329,65.4357541364739,19215.7813014347
PRT,2016,1.92235840837832,111.328568595891,100.0,72.1615233581643,3.56282992803299,19.448178094831,70.4236,65.4115109280948,19662.82312462
PRT,2017,1.96367345206825,102.855290609028,100.0,72.2017066557815,5.02041551787587,19.2493833127062,73.7912,65.2644211981992,20364.1962735946
PRT,2018,1.91817470918666,97.0963051936704,100.0,72.4169836474352,3.46584287446499,19.3820435381975,74.661,65.1189858053297,20997.7745987013
PRT,2019,1.99991845769704,93.35554945374,100.0,72.9597492961719,4.5038935303436,18.886083188208,75.3464,65.5860785423015,21569.1874752919
PRT,2020,2.14089692520428,104.074185342131,100.0,72.7052028324968,1.8141455418251,19.3945333422241,78.2617,65.5669578738445,19778.7139525722
PRT,2021,2.16204629838151,98.848509456936,100.0,72.5732847147665,3.60836004516304,19.312836959793,82.309,65.0687062575411,20747.6990734163
PRT,2022,1.90543676193935,89.4563111808935,100.0,72.0288684542458,5.08368921917481,18.4032428555898,84.4969,66.1933718129425,22042.8680283647
PRT,2023,2.13721069426312,80.2271063662543,100.0,71.4163605891885,3.96325428743124,18.7118937244236,85.7901,66.2923756073157,22417.1615864385
PRT,2024,2.02167120867754,77.2131206543744,100.0,72.3809878491654,4.30503475485494,18.6896910617551,88.487,66.2769355054703,22647.3791895579
PRY,2004,13.9333504941588,12.2968111859529,93.2,50.6060208844525,0.976461922292792,38.4052880586144,3.45244,41.0107690235008,4151.34584799423
PRY,2005,12.7139528266327,12.2808884618236,94.7,52.2020256634223,0.067986029076693,39.2893886541103,7.90701,41.7986259493051,4193.28086525675
PRY,2006,11.7935958026272,11.6682860592129,96.7,52.8203305303277,1.39842122336644,38.3057903240628,7.96207,43.635121064116,4349.31197066239
PRY,2007,12.7097347758464,13.7176649664944,96.5,53.081294620812,0.588024684579866,37.1011236408528,11.21,43.7732722238521,4540.38235899258
PRY,2008,13.4176454912293,18.7596980138574,96.7,55.6496679532665,1.83503669212255,36.7688484491586,14.27,43.3334831236237,4788.66318778074
PRY,2009,9.94793815604534,21.5814306496786,96.9,54.3592452340199,0.860674450934396,37.38083932116,18.9,46.4438315436931,4727.59685811389
PRY,2010,13.0144797820583,25.4241390581651,97.4,55.1840447395747,2.76173378510708,34.6039155110683,19.8,45.3490217664919,5191.05014254362
PRY,2011,13.7962263457992,28.9522503182021,98.2,56.6628443904094,1.95875255092925,34.0345623930043,24.7635,44.8644751127154,5342.19015717538
PRY,2012,10.0422288968025,31.5463020861612,97.8,56.9805107310529,2.61172771954696,34.5140981436728,29.34,48.1424560989953,5230.26244858989
PRY,2013,12.8648395783488,34.3778942788016,99.0,59.705763431074,1.13236628162524,33.232924993924,36.9,46.9815144205427,5583.12274473566
PRY,2014,11.7708565050102,38.1381490369587,99.0,58.7833491603129,2.5135375460501,33.6080758464952,43.0074,47.115446711112,5794.47644689985
PRY,2015,9.44042072519386,43.3496464702931,99.3,60.5603053407744,2.22350808882639,34.582253753407,49.7163,48.642300967187,5879.33792308762
PRY,2016,10.6965134075446,41.3557191307979,98.4,59.2508280567877,2.27032682691763,34.4967803217785,53.4041,47.6296883780607,6041.95879367349
PRY,2017,10.1848244821627,41.1558966178028,99.3,59.9403755720118,1.9468132140751,34.3937589134318,61.0758,47.9606996049648,6243.1336313903
PRY,2018,9.9502033854755,44.5974774295691,99.6,61.3379293370967,0.787454987833137,33.556175213621,64.9935,48.8792744653751,6354.2392005316
PRY,2019,9.667473664156,47.7506335037909,99.7,63.1352546059139,1.28022785728015,33.4893114330734,68.5176,49.5586095739776,6243.53620897823
PRY,2020,10.7279902822133,50.7131734297682,99.7,59.6391209527275,0.816723740272366,34.2042992219391,73.9575,48.1546300468662,6109.19608100826
PRY,2021,11.2789007802653,49.4627024962661,100.0,60.7930679908076,1.46195175389463,34.6796897271552,77.0184,46.9922462915553,6278.11006663809
PRY,2022,10.8974804512645,51.0176123623542,100.0,63.8435050279503,2.03844719825164,34.2539657600776,76.2592,47.7418134980514,6218.19790694162
PRY,2023,11.5900739623011,52.3554841722349,99.8,64.8187700860833,2.57834141880415,32.8917641916625,78.0948,48.1394663805307,6449.23028812969
PRY,2024,10.7149976827803,57.4932782487158,99.8,64.8789534557871,2.46843780233781,32.4816951610773,81.5781,48.7451301791156,6640.83816613117
PSE,2004,11.1403184810237,23.117606716899,99.5,60.574850989917,0.445786535161087,19.9887032651908,4.4009,57.4199995655102,2426.41565630382
PSE,2005,8.98999161090193,26.4462262043374,99.6,60.4225317188081,0.707064400959869,20.9844509042667,16.005,57.3170493786215,2632.24627423958
PSE,2006,11.3867958042743,26.2173548271413,99.7,60.8509391243243,0.347548940784922,18.3553652562497,18.41,58.2558943963502,2540.26763083127
PSE,2007,8.92583867806111,22.8674279641316,98.8,61.4071814415328,0.33694998022594,17.5679625840398,21.176,60.5155011434565,2569.98434108953
PSE,2008,10.1280367695338,17.5729199943916,99.8,64.6856626780782,0.70458524841322,17.336944626833,24.358,57.4660757277304,2685.98601828464
PSE,2009,10.0213957975191,19.53363220723,99.9,65.4554955533583,3.7160419011341,17.5581582299615,32.23,57.8342011204967,2840.01594969395
PSE,2010,9.00273717915612,21.3595304440428,99.9,65.1962488395205,1.85860711452246,18.6262459329649,37.4,57.6987037132676,2927.08101953403
PSE,2011,8.34249649118102,22.9577173636924,99.7,63.8761772320222,2.13515604683715,18.9342129964867,41.08,60.2175914751343,3128.10811061384
PSE,2012,8.10589430228367,24.0475728779365,99.8,63.6922374330963,0.515918270255689,20.2360669702828,43.4,59.9775564365519,3237.91619995789
PSE,2013,7.59868299359994,24.1199685686064,99.9,63.4468821362025,1.40253913684002,18.5586918722948,46.6,60.7687469941919,3309.63120243098
PSE,2014,7.83505007255338,27.3246796047092,99.9,63.5611976211014,1.14163752860063,17.9717935338142,53.6652,61.4273358256431,3227.84934482645
PSE,2015,7.40889181529301,32.6010470713693,99.9,64.620095806528,0.751035803856381,16.4252383269875,56.7,61.6830322636054,3272.15432360708
PSE,2016,7.60382722941306,36.5279321411323,100.0,64.5860629529821,1.92447798073354,17.2627779869396,59.9,60.9565477040518,3483.09903532972
PSE,2017,7.0405505952381,41.7423779001116,99.9,64.7724367784865,1.14056698202946,19.2317708333333,63.3,58.9961557539682,3462.97986107136
PSE,2018,7.3596451347333,44.8402878170502,100.0,64.803216173832,1.29446294401352,19.2841256773528,64.4,59.977513731369,3417.79440837962
PSE,2019,7.05401698427058,44.9267353587416,100.0,66.0241649529476,0.769720046510608,18.4328946216476,70.6226,61.1095222809117,3378.4346209191
PSE,2020,7.10160510439939,52.2438211575681,100.0,65.2296464694621,0.513433766585376,17.0283999819724,76.01,60.5516459885267,2922.46801084844
PSE,2021,6.31674857805511,47.3295160416368,100.0,64.0930600306752,1.95194132723981,17.6851289414104,82.1783,60.0751007786184,3051.48607007995
PSE,2022,5.74521927421669,47.7106174807336,100.0,63.7764456981664,1.62179695015304,17.3927108606611,88.6469,58.3308549216039,3099.9609010368
PSE,2023,5.7037522621709,55.0583966076401,100.0,63.7764456981664,0.580098297204125,15.5805444898279,86.6377,58.5346175180273,2888.76306072177
PSE,2024,5.7037522621709,68.5385081790127,100.0,63.7764456981664,1.18281329825606,15.5805444898279,86.6377,58.5346175180273,2072.09019517685
PSS,2004,16.010675878449,50.0137691377807,60.6186578451227,47.4313048484417,6.196539905647,17.3769191844886,8.350000000000001,55.0136302480686,3296.44443252474
PSS,2005,15.3437523343528,56.5221175093314,62.2414370499196,47.8768978063415,4.02068098176149,15.2984927227811,8.95,58.3097754622744,3338.28075619483
PSS,2006,15.3469246992997,62.617229889694,61.6671146830488,47.9363811709828,11.010544401215425,15.084889932477,11.3798,58.6146797245461,3378.98652339856
PSS,2007,15.3237464934253,63.1281996900915,63.9376929353584,47.8564386165864,10.3896585276202,14.8778318005619,14.8133,59.1738651166724,3346.74967940648
PSS,2008,14.7968107601587,67.6081341969977,67.26129946415,47.6984352102236,11.010544401215425,15.2368615470003,19.5,58.780491694759,3378.06429573943
PSS,2009,15.0325410179494,67.748517504621,64.8201897407066,47.6535203073521,7.40399011647674,15.1030975265522,24.05,59.9255440708803,3326.82305751956
PSS,2010,15.0090255254269,64.2961279198724,71.7961252713048,47.0266909782942,6.3352293044962,14.9281101460217,28.33,59.2094073082573,3408.1961416575
PSS,2011,15.1230392849767,60.0992315586805,72.8044582293327,47.0171868941479,5.75554968227409,15.8698259467502,32.0,59.0674676010986,3492.05482608666
PSS,2012,15.6486043137199,60.8447204611477,73.8316460480866,47.0033623522035,5.43589603296066,15.3288771079786,35.34,58.6141272025359,3481.4413131175
PSS,2013,15.837315997913,61.656374645191,72.6617984322668,47.0113971238202,5.26668794963688,14.5693523720157,38.5,58.6431869731469,3547.56315600397
PSS,2014,14.6189921706597,62.4548764900162,76.5754031125716,47.0653971523947,5.6623592389038,14.0632419539571,43.0074,57.5809744432144,3626.36793557544
PSS,2015,14.0247145545132,65.675858174363,78.5477895035505,47.9078341873133,3.89069864801522,14.0762082635845,46.5,58.3044088675464,3722.7745565917
PSS,2016,15.7218525845935,69.4562643897985,79.9083422592839,48.5460486307621,6.08716707862418,14.7234002996076,51.5,57.3469383129464,3811.55677547702
PSS,2017,15.8435457431043,70.3331776409664,82.1041734677982,49.1702002512278,5.26274198002092,14.4667313159675,55.4032,56.8971285084993,3909.88377121052
PSS,2018,15.9914866830394,73.1884352117833,82.69782730903,49.7605946088953,6.13921080637164,14.166390921629,60.1126,56.5873007613906,3965.69591895216
PSS,2019,16.7718812750467,78.8524662138998,84.3434350882329,50.3304538960417,4.42057551369176,15.0138572379111,64.3,57.6890406863491,3969.06712487372
PSS,2020,19.0552776161783,90.0512833420779,86.1939811336602,48.8513835970345,3.84675158427393,15.3940065355423,70.0528,57.0777356091048,3525.38600970306
PSS,2021,20.0644785214767,94.5102156352129,85.6708178235478,48.5852579706721,5.85668998575328,15.0412537165629,74.3716,56.4266820512425,3390.86854398028
PSS,2022,17.9513045111403,89.1615870450286,85.7923885063867,49.2635417507597,2.36765317244534,15.0111939608683,76.6,57.401673250187,3635.62681471762
PSS,2023,16.8608908712306,85.555048035625,88.8705713618501,49.7681560680006,2.52757002197615,14.8923885003974,79.4848,58.3008046200954,3839.58128039956
PSS,2024,16.9027999288577,86.6741130512044,88.8705713618501,50.2174304925113,2.57496068876869,15.136580872645,79.9923,57.3935129981277,3921.37323131971
PST,2004,1.54710727190286,141.48987381863367,99.7721994027259,69.9812203129024,2.14204554687268,23.8524336741943,8.350000000000001,68.5069893602287,36405.756283014
PST,2005,1.38778639955684,141.48987381863367,99.8064210710187,70.4280039638525,3.23993715906345,23.9288020561152,8.95,68.5482049057656,37234.4196491304
PST,2006,1.29367864322725,141.48987381863367,99.8027859638569,70.6008502567863,4.28898052971906,24.0566177731583,11.3798,68.282926765037,38117.823061561
PST,2007,1.32217003908588,141.48987381863367,99.8304977478949,70.8876026517835,5.66738250599337,23.8980211250749,14.8133,68.2516569769682,38864.7512997089
PST,2008,1.3158291465252,141.48987381863367,99.8432655331659,71.5911456707043,3.730286303558,23.5992467128306,19.5,68.7106685563492,38770.2271281115
PST,2009,1.22429285804529,141.48987381863367,99.8622101103662,72.6878587411316,2.02727425060151,22.0533582905141,24.05,70.7769204049764,37270.4347171871
PST,2010,1.29133779842879,141.48987381863367,99.8801524112079,73.1025440129139,2.30468783433878,22.4735117172325,28.33,70.1789325939447,38170.9680272624
PST,2011,1.39483154130443,141.48987381863367,99.8927586055928,73.418096963137,3.05464141135037,22.4499822142766,32.0,69.8788470381941,38689.210554622
PST,2012,1.37290414962688,141.48987381863367,99.9029465280479,73.6081963884378,2.32535438281229,22.2276612809906,35.34,70.2455224276626,38998.3256159869
PST,2013,1.45210796047144,141.48987381863367,99.9188837330364,73.9131874866211,2.41755575508939,22.0028727171689,38.5,70.1535702050896,39436.9871067886
PST,2014,1.35950720874648,141.48987381863367,99.9320556700364,74.0729260438984,2.07709527645534,21.9688713026432,43.0074,70.1645016881498,40062.2985082838
PST,2015,1.28151992301642,141.48987381863367,99.944734188108,74.321691839654,3.64738878762073,21.4613736333235,46.5,70.9501529530957,40775.9479386213
PST,2016,1.23972918651882,141.48987381863367,99.9577816688383,74.5703029266775,4.17184223203317,21.1944395136222,51.5,71.3436687388314,41324.4948284306
PST,2017,1.28320148331984,141.48987381863367,99.9711225773329,74.6570469511643,3.06281235855783,21.463178533294,55.4032,70.9500569025689,42135.66185499995
PST,2018,1.21929108513546,141.48987381863367,99.9821644449028,74.7224559562249,0.590279371331373,21.5827414242539,60.1126,70.7764486731725,42135.66185499995
PST,2019,1.16822886557772,141.48987381863367,99.9932424809452,74.8913910928044,2.15465722111508,21.2691742446391,64.3,71.2881430242042,42135.66185499995
PST,2020,1.23517640656156,141.48987381863367,99.9972400863322,75.0854891554084,1.12459567005473,20.8137370822316,70.0528,72.005616518527,41771.300719227
PST,2021,1.24496168963044,141.48987381863367,99.9988344256857,75.3109025347269,2.64199622488107,21.1561591061485,74.3716,71.2991844780917,42135.66185499995
PST,2022,1.24496168963044,141.48987381863367,100.0,75.974492218329,2.12209048044096,21.1561591061485,76.6,71.2991844780917,42135.66185499995
PST,2023,1.24496168963044,141.48987381863367,100.0,76.1769995196725,0.854177643436617,21.1561591061485,79.4848,71.2991844780917,42135.66185499995
PST,2024,1.24496168963044,141.48987381863367,100.0,76.4720881671584,1.49635455236387,21.1561591061485,79.9923,71.2991844780917,42135.66185499995
PYF,2004,3.05963576025818,32.8688540294339,100.0,79.1633330776059,0.11538274817529,11.3765528432702,17.8845,75.3966397549806,21919.9410589378
PYF,2005,3.05963576025818,33.7215866396037,100.0,79.2252989979528,0.137052859567267,11.3765528432702,21.5422,75.3966397549806,21661.4244664054
PYF,2006,2.94803658150196,34.8081787114827,100.0,79.3837155088374,0.521428395296917,10.4789642043309,25.108,76.5642816610966,21545.5997136473
PYF,2007,2.55076680608596,37.7291069327007,100.0,79.4580483475174,0.878420113685228,10.9597415980395,28.59,76.3347448453831,21648.532237682
PYF,2008,2.26578407008733,39.431944966087855,100.0,79.5461795729354,0.194543891308964,11.4106060108903,33.87,76.5467171172042,21493.4178311249
PYF,2009,2.30302105096859,41.32547358889725,100.0,81.1362315293542,0.331741593749197,11.773205502115,44.6,76.3101605227329,20499.7723032831
PYF,2010,2.26967001717539,42.195981646899696,100.0,81.3761866728675,1.05647287708659,11.0986590055797,49.0,76.9287632078003,19913.0252687915
PYF,2011,2.4923805279951,42.449202388170605,100.0,81.3994286000702,2.15733093027309,10.6655686354141,49.0,77.6556280682359,19241.6437951625
PYF,2012,2.63770555361179,43.24887542568235,100.0,81.6910482080558,2.58568836654249,10.8171081124528,52.8766,77.1321311382398,18968.4422157904
PYF,2013,3.02217318220315,42.30243639204765,100.0,81.9334576504073,1.64472839380472,10.61847623722,56.8,76.7117929149884,18930.1268887012
PYF,2014,3.17771114316168,43.742921585242954,100.0,82.1064387685734,1.00664512234416,10.7946268451445,60.68,76.1640900544518,18928.1858620128
PYF,2015,3.22845890100068,47.51686846027865,100.0,82.4041141978275,0.488319553216919,10.8248430549639,64.5602,75.8292424041396,19166.9594761931
PYF,2016,3.21708081765994,47.0982594371968,100.0,82.6345253056095,1.11959443206211,10.6679176130323,68.4404,75.8534165347661,19516.0718353276
PYF,2017,3.0564999715999,45.600325891793204,100.0,82.7561177934467,1.54351459172254,10.3548389714295,72.7039,76.1354765942599,20287.7685831663
PYF,2018,2.85240041681856,45.86608163933535,100.0,82.9771451107063,0.0967844740802214,10.2875467388464,72.7039,76.0093816438524,20674.4206829029
PYF,2019,2.25047826168236,46.1406537653286,100.0,83.0267801147586,0.21140096510623,10.6834624276376,72.7039,76.1953426347701,21289.8751241139
PYF,2020,2.21570108763617,51.46377338764225,100.0,83.3099686977896,-0.279061107774017,10.646123379638,72.7039,75.9039508824945,19026.790444196
PYF,2021,2.21570108763617,47.77472256475425,100.0,83.3049338879951,-0.427435261380748,10.646123379638,72.7039,75.9039508824945,19626.2332540206
PYF,2022,2.21570108763617,45.7439409376828,100.0,83.3673421411444,-0.168607958150952,10.646123379638,72.7039,75.9039508824945,20160.4994298379
PYF,2023,2.21570108763617,45.427065277604356,100.0,83.4550358529044,-0.105843018626247,10.646123379638,72.7039,75.9039508824945,20664.9770259225
PYF,2024,2.21570108763617,45.49182954994115,100.0,83.630194283351,-0.219284661446365,10.646123379638,72.7039,75.9039508824945,20846.6514059991
QAT,2004,0.181799293579888,28.9848665073759,100.0,56.240891067343,3.77817958307362,51.54601351155545,20.7016,28.5571358862424,42135.66185499995
QAT,2005,0.133258478262211,33.7215866396037,100.0,56.1014335746508,5.61413033419499,51.54601351155545,24.7335,28.5571358862424,42135.66185499995
QAT,2006,0.121835107463077,35.9974581586654,100.0,55.462611096462,5.74881210770224,51.54601351155545,28.9741,28.5571358862424,42135.66185499995
QAT,2007,0.109942375031018,41.5768407593261,100.0,45.7842530532042,5.89621991232182,51.54601351155545,37.0,28.5571358862424,42135.66185499995
QAT,2008,0.124647566750798,40.8011854627094,100.0,38.8510704188196,3.27806417009269,51.54601351155545,44.3,28.5571358862424,42135.66185499995
QAT,2009,0.123319456383116,51.7351086840494,100.0,39.982290015039,8.3076413079166,51.54601351155545,53.1,28.5571358862424,42135.66185499995
QAT,2010,0.119332537783081,45.2424054950745,100.0,42.1516001148008,3.77775259249383,51.54601351155545,69.0,28.5571358862424,42135.66185499995
QAT,2011,0.0966101306365461,39.7530248795648,100.0,44.5365266700889,0.559389030984015,51.54601351155545,69.0,28.5571358862424,42135.66185499995
QAT,2012,0.0942544487805739,37.1284395521664,100.0,46.8661095845598,0.211888706229028,51.54601351155545,69.3,28.482929798816,42135.66185499995
QAT,2013,0.0960782118116757,40.0053190003995,100.0,46.9045659051131,-0.422882374002756,51.54601351155545,85.3,30.3225601318276,42135.66185499995
QAT,2014,0.117230483122807,46.0967802914243,100.0,45.8313690399791,0.504490726802349,51.54601351155545,91.49,32.8507789166305,42135.66185499995
QAT,2015,0.161363470367722,70.8425328629447,100.0,44.6258107909099,0.662099797361452,51.54601351155545,92.8848,46.0684215085616,42135.66185499995
QAT,2016,0.183956328477924,79.760609083749,100.0,44.22933327617,0.510044269018025,51.54601351155545,95.1247,50.7782837381519,42135.66185499995
QAT,2017,0.214699497442876,80.0816741444848,100.0,44.2512686809688,0.612038519716031,51.54601351155545,97.3888,47.300396827427,42135.66185499995
QAT,2018,0.21832948721791,80.4367472352924,100.0,43.330745812695,-1.19249557946474,51.54601351155545,99.6528,43.0924266490844,42135.66185499995
QAT,2019,0.259972086879587,100.636054966417,100.0,43.7834809135447,-1.59472392179342,51.54601351155545,99.6528,46.4546287181149,42135.66185499995
QAT,2020,0.338813449048621,138.85767457168,100.0,56.2354490032249,-1.68550654608129,51.54601351155545,99.6528,52.7439894379996,42135.66185499995
QAT,2021,0.298215445756429,123.316526882953,100.0,57.7719479470575,-0.608353395238639,51.54601351155545,99.6528,44.7686957850892,42135.66185499995
QAT,2022,0.256532188320967,101.083977869,100.0,59.2147049838272,0.0322850595933247,51.54601351155545,99.6528,38.541484553289,42135.66185499995
QAT,2023,0.28697741980751,115.736253465537,100.0,59.3480505682091,-0.21820397647038,51.54601351155545,99.6528,44.7463536800745,42135.66185499995
QAT,2024,0.287307333607437,119.382843164292,100.0,60.111192700906,0.209965001654649,51.54601351155545,99.6528,46.0697058735045,42135.66185499995
ROU,2004,12.7055114609076,15.7819282736445,95.3,42.6527589307689,8.59368512961184,31.8347873600822,15.0,45.1610886176413,6008.64048461485
ROU,2005,8.48610428920676,20.0582548606141,95.6,43.6140154731923,6.60067175776297,32.2658742760889,21.5,47.9286025784533,6328.09022324183
ROU,2006,7.82080658741648,26.005425621115,95.9,44.9802666440679,9.02006052535516,32.9782770932418,24.66,48.253514239885,6876.77841417966
ROU,2007,5.50150097100926,33.9999546690076,96.1,45.2498691532089,5.78679016158104,34.2821825497409,28.3,49.3464862197025,7483.97375820611
ROU,2008,6.30193056572848,35.9149171389437,96.5,45.8164990592202,6.37741866098849,36.7743706646186,32.42,46.6274099654077,8318.00342795388
ROU,2009,6.11614263251912,37.0085626096682,96.8,47.2115930732059,2.66364407064905,36.4231420350652,36.6,48.3819583982207,7924.87058070212
ROU,2010,5.1772466335768,38.2860073711137,97.1,47.2877958359094,1.88971859139686,38.3073286489437,39.93,45.9961975955111,7660.70667630517
ROU,2011,5.95088848587022,37.4326073949952,97.4,48.678282200899,1.23042689104897,40.2099159620935,40.01,42.3345168458964,8044.57194920892
ROU,2012,4.54079724771484,35.9605697947908,97.8,48.6526181716507,1.70143772893217,34.4276463515754,45.88,49.4343903967501,8234.28553425194
ROU,2013,5.50972556892124,34.1696505303704,98.1,49.0013846043585,2.03100513989555,32.072608504292,49.7645,50.5530892890503,8287.95844089676
ROU,2014,4.94834094527624,31.085760270442,98.4,49.130750518601,1.9372882717301,32.5700211539755,54.0783,50.9162586615439,8661.47397274241
ROU,2015,4.42592968395419,29.9038145680168,98.8,52.1602996402572,2.42725822119064,30.811807082352,55.7632,52.6060117162535,8977.01748158196
ROU,2016,4.2921753725524,28.5586243050561,99.1,52.7980540761085,3.37417569649644,30.1213847463155,59.504,55.1153784636175,9286.87678236598
ROU,2017,4.43884283682194,26.6684604630278,100.0,52.8232353493552,2.8327307446025,29.1130933187854,63.7473,56.9119041977143,10106.2269557253
ROU,2018,4.50660889280427,25.6917391714929,99.8,53.3271716779318,3.03714660753952,29.1075109238852,70.6813,56.7769219049761,10714.1701157127
ROU,2019,4.31147831319992,24.71556311196,100.0,54.1922969065312,2.94522918789332,27.7745670712094,73.6575,58.3617382577699,11197.3162915853
ROU,2020,4.07184426240682,25.8547218167581,100.0,55.1736442890612,1.43737355732839,26.6218787803176,78.4553,59.918608618412,10854.049431887
ROU,2021,4.616339720378,26.4890320985714,100.0,55.305223900281,4.12834531077957,26.2049211165386,83.5904,59.5240162986079,11546.3224998072
ROU,2022,3.8180329334627,25.2220369814974,100.0,55.9176637423891,3.88647349252643,27.5991771762168,85.5031,60.3937908900332,12076.3033811896
ROU,2023,3.32416909916798,23.2502304421426,100.0,54.9205809741838,2.50426860654842,27.0872143657574,89.2034,60.9101722747782,12340.8170509969
ROU,2024,2.81143528363417,22.7281195412098,100.0,56.0827196502939,1.87134949618788,25.2544803034454,91.2905,62.5509064348212,12459.9112061891
RUS,2004,4.90444194797732,24.3164009497689,98.0,60.518275269397,2.60618528064118,31.7022224269588,12.8594,50.6582705909717,6856.67822265625
RUS,2005,4.25591600597494,25.9225395243251,98.0,60.7553843010055,2.02980703784767,32.6292320732921,15.2267,48.8060444911754,7323.38525390625
RUS,2006,3.86131247123383,30.9419240283111,98.1,61.3710880237593,3.7977120943899,31.780260587362,18.0233,49.721475563319,7949.89697265625
RUS,2007,3.7789017062609,37.783577717454,98.2,62.4693739008214,4.29895594841933,31.2220408019737,24.66,50.6730476139936,8640.40625
RUS,2008,3.75334118813491,41.5540438231948,98.3,62.9629059239111,4.50269424864822,30.7868817007532,32.0,50.6956877769402,9093.7001953125
RUS,2009,4.08444869718417,45.260909297208,98.4,64.4244893221926,2.99212552042529,29.3269390255444,42.55,53.766526695736,8381.8681640625
RUS,2010,3.34389824902191,42.8400452491127,99.3,64.6388663218428,2.8308286983175,29.999588218512,49.0,53.1202122391884,8755.1201171875
RUS,2011,3.1507257212962,41.6986059819676,99.2,64.9548434515649,2.69236118071968,29.4135888378747,58.0,53.7975831653192,9120.8203125
RUS,2012,2.92603087775353,43.9139602428073,100.0,65.0270732273247,2.29079869889368,29.102868072666,66.0,54.5096468238003,9464.0107421875
RUS,2013,2.99360048776678,48.0247500537777,100.0,65.4083161128575,3.01940211363344,28.1912891799352,67.97,56.121604545822,9601.537109375
RUS,2014,3.36060548804252,54.8322798937112,100.0,65.8864500978263,1.0698764102333,27.9315270606099,70.5176,55.6848306883462,9493.8125
RUS,2015,3.87310448732299,55.9520226893608,95.5,66.1581540212958,0.502607961400285,29.7940599874349,70.0992,56.1424909685464,9277.7138671875
RUS,2016,3.84021728459951,53.1024738337766,99.4,66.4184591186721,2.54849998807899,29.1739050669208,73.0914,57.012325152629,9269.3193359375
RUS,2017,3.55363208990976,52.0765975053134,100.0,67.1980201854901,1.81409297475419,30.6732968853437,76.0081,56.0327684706108,9418.9140625
RUS,2018,3.3942533806976,51.2433106717876,100.0,67.3755659321416,0.530060790633169,32.5542980530841,80.8647,53.428805517337,9674.787109375
RUS,2019,3.53030291392166,52.5614289246344,99.8,67.4269857068326,1.88851731564914,32.1504958365379,82.6422,54.1729442140787,9882.0244140625
RUS,2020,4.00635163401546,59.5836264990744,99.9,67.5269422185816,0.634851184443604,29.7171245814295,84.9947,56.3729429025777,9632.3251953125
RUS,2021,3.67156378990517,54.6422447762479,100.0,67.5794740493014,2.21136527873962,31.7859991548592,88.2138,54.205491260364,10231.318359375
RUS,2022,3.42029353612808,54.6422447762479,100.0,67.9036201655644,-1.73680981421063,32.2301435685138,90.418,55.130009073009,10119.0625
RUS,2023,2.97223589780661,54.6422447762479,100.0,68.5981232867327,-0.484918766027148,30.4081329218998,92.245,56.7354628143178,10562.0263671875
RUS,2024,2.74357243387426,54.6422447762479,100.0,68.7960939427504,-0.430126781944773,30.7201326538798,94.365,57.5256119391898,11043.259765625
RWA,2004,33.895261824051,9.8312525515906,22.250000000000014,19.2011811329552,0.324006427230548,14.5850139685545,0.430854,42.4570134790914,418.780997277457
RWA,2005,33.7756165293022,10.3108984751212,22.250000000000014,20.4806986381836,0.271318643761601,14.9498202744611,0.556041,42.5382621808924,446.029809636404
RWA,2006,30.026108002825,11.7688790747319,22.250000000000014,21.9128493037802,0.923071050017332,15.8329921631119,1.3357155,45.2049075365036,474.364599463307
RWA,2007,26.068484121694,12.0334423138205,22.250000000000014,23.1765107549867,2.02144725253631,16.7334821839077,2.11539,48.1958467944348,497.171622130545
RWA,2008,24.7805133299176,13.3642833875073,22.250000000000014,24.8863101048271,1.97476605952382,16.2638385339331,4.5,49.309864191162,538.325372065592
RWA,2009,25.3575273279149,11.1602839395087,22.250000000000014,25.9653570489438,2.0912940636988,15.6885811871245,7.7,49.5103472767103,557.397804859216
RWA,2010,24.3144893985439,11.4913039096026,22.250000000000014,27.2593647847371,3.52981463633808,16.328981915635,8.0,49.8792967990238,583.371416419483
RWA,2011,23.8371959544057,13.266031975479,22.250000000000014,28.5566381311975,1.62859755954292,18.1678448507507,7.0,47.8976422904983,614.539650123021
RWA,2012,24.765432008534,15.751520287001,22.250000000000014,29.9015214307618,3.52219420805752,18.2255034210874,8.02385,48.8490732798953,651.852818665834
RWA,2013,24.9203167464094,16.2164793656958,22.250000000000014,30.402411721881,2.98932057367113,17.6168559784511,9.0,49.800841592671,666.408788783175
RWA,2014,24.6883207854521,17.6303961518493,22.250000000000014,31.0236119730963,3.81112336248267,17.5513834863908,10.6,49.2213441044684,690.610394944356
RWA,2015,23.9810045274251,20.9997079033272,22.8,32.1711062681191,1.89710171173713,17.4466631881327,12.5,49.7430202653232,733.998629882494
RWA,2016,25.1527094826327,20.4751724214641,29.4,32.8526743157878,3.21723490346275,16.8369912939315,14.6,49.2882419165261,759.606288155109
RWA,2017,26.3454376635445,20.5944112008927,34.1,33.576042721679,2.96153582649288,17.2842232487373,17.2,47.8764811281534,771.069237513582
RWA,2018,24.6227246165566,21.3998848838406,38.0,34.3995732955276,3.79950138241727,17.3499797528636,19.2,49.6894821626552,817.578437300032
RWA,2019,23.560629300383,21.4605470851456,46.6,37.020089760098,2.54289979218123,18.8647459714312,21.358,49.0985649554223,874.639658935978
RWA,2020,26.6559195496967,25.0510689076078,45.2,32.6476623206304,1.49998346928248,18.6382750394843,23.8,46.5785096073841,826.391307701022
RWA,2021,24.0706966220179,25.3431515385739,48.7,29.407974730058,2.10659286861252,20.4522932693169,24.4416,47.647336269549,896.271033574985
RWA,2022,24.886975847496,22.8466317008821,50.6,30.242077682153,2.29121488787355,21.2695312277805,31.2252,46.4685596596172,948.413686948024
RWA,2023,26.612127488198,22.3546156935488,63.9,33.8998187109295,3.19322395833009,20.703253350416,34.2005,45.7143367527107,1004.33216650024
RWA,2024,24.5807696089078,22.6097052141568,63.9,45.3766008356205,4.02009319742237,20.9658580178961,34.2005,47.5501469376632,1070.45003770926
SAS,2004,17.9321315131747,35.3022277966035,61.4842830339197,26.4222720592912,0.767550401081283,28.545866460436,2.1,45.2475645257592,887.193101602536
SAS,2005,17.6689778127792,38.9548190507306,65.8536460162923,26.89895733349,0.910493814513681,28.9493927117665,2.1,45.477268350491,940.169909002488
SAS,2006,16.8648783060837,42.4240630844613,65.9250452204118,27.1610363484295,1.99913938709784,30.2976473640553,2.6,45.0881725951123,999.335555409877
SAS,2007,16.785086441848,44.4739603484425,69.284881859242,27.328868071987,1.98888634869785,30.3632999656029,3.7,44.9558790212456,1059.31634791841
SAS,2008,16.849448668349,47.9119532463636,71.778258866002,27.4462069733369,3.3897100639576,30.4832372420253,4.1,46.7757051361696,1081.2982713599
SAS,2009,16.7600134372755,46.7723142876329,72.9865860973521,27.6151806577203,2.46854000195289,30.5200919895241,4.9,46.8808432885683,1145.46231062146
SAS,2010,16.8930158905074,49.1721042734115,74.0765736340237,27.7571162991198,1.57694747966974,30.1141518295215,7.1,45.8607677083025,1222.51823014544
SAS,2011,17.0366460242953,50.0823103352988,77.3091651585732,28.5052577930905,1.91950208926934,29.6069218824429,9.4,46.2479945058876,1272.07513809819
SAS,2012,16.61438397213,50.6352215196364,78.4195444509049,29.2638040278419,1.30544520810878,29.0057872674921,10.4,47.0704031645754,1326.51107396561
SAS,2013,16.7917603986718,50.8834179462707,80.847453203069,30.0010338167602,1.52261906733736,28.1675334184236,11.7,47.5219394010532,1392.20217841536
SAS,2014,16.4571378451147,50.6372743619375,82.8480224291431,30.8496605611148,1.65285180154311,27.4984024298739,13.0,48.5534542413087,1475.2167650201
SAS,2015,15.8639854037471,50.8279903704044,86.5327784624672,31.755690114787,1.98287661699412,27.2213156084037,14.7,48.5557337959813,1570.54142462917
SAS,2016,15.840158325655,47.9193637107811,88.3184480403398,32.5855376821147,1.80131482385993,27.0437625990505,16.7,48.3458663229601,1676.35409782334
SAS,2017,15.9809524259761,48.0105890861142,91.3983728307397,33.5731313376892,1.42351639395301,26.9539492631074,18.8,48.2354175759492,1770.26291324586
SAS,2018,15.4635300677565,49.4234553175081,94.8192024055978,34.3621703973984,1.48107709058223,26.933539766077,20.9,48.9022109076685,1863.72112646654
SAS,2019,16.0202862799375,49.6676595395294,95.4698953988653,35.0418112438588,1.63995853907748,25.4550715858992,29.7,50.3738078845492,1920.39706317474
SAS,2020,17.6272947129221,53.0236112186572,96.4013617397441,32.7945874662368,2.10813560808958,25.976390980484,42.5,48.7092723970005,1806.99045389559
SAS,2021,16.5532517639304,49.4135077389426,99.3693129133951,32.6087101712526,1.28837189007855,27.1503504982647,48.0,48.4994797046135,1957.51785309013
SAS,2022,15.795939950266,49.4135077389426,99.0895114731934,32.2446800837938,1.35427437156322,26.3092218083012,54.2,50.0842306839028,2079.70096055151
SAS,2023,15.5250404264479,49.4135077389426,99.4087889697405,32.4374515485147,0.739506939363832,26.1261014704949,58.3,49.9723368980993,2236.80860471582
SAS,2024,15.6315608377676,49.4135077389426,99.4087889697405,33.1635272458682,0.667087532823414,25.4482842781708,62.8,50.2816803610529,2355.24832417956
SAU,2004,3.86835593326895,32.3542594274042,100.0,68.3430088581379,-0.129209725410009,51.54601351155545,10.2345,38.5165977348877,21545.894988606
SAU,2005,3.1854016709851,35.4189179790554,100.0,68.5033042780348,1.33515850333851,51.54601351155545,12.705,34.2555195076907,21838.1915349374
SAU,2006,2.91996194095464,33.7245867667594,100.0,68.7421383268187,1.58553602335569,51.54601351155545,19.4596,33.7619580996266,21616.3355772516
SAU,2007,2.74276747836675,37.071588765142,100.0,68.7965969980621,1.48457884530209,51.54601351155545,30.0,33.8067662415393,21196.7926036633
SAU,2008,2.29269078480924,37.6843188466467,100.0,68.8862141530876,1.05925699592349,51.54601351155545,36.0,30.5115127039387,21629.8405734551
SAU,2009,2.83043433137553,45.6298013133911,100.0,69.3168869244772,0.10169038708409,51.54601351155545,38.0,41.723193527879,20577.5453445336
SAU,2010,2.61912238524459,39.1641936148322,100.0,69.1349090411974,0.923670092367435,51.54601351155545,41.0,38.6088698481102,21830.1424272816
SAU,2011,2.15288829129967,33.6286944686693,100.0,68.9434835676789,0.688133631504519,51.54601351155545,47.5,34.0894612999603,23314.5576023168
SAU,2012,2.06209514825132,35.5685109967177,100.0,69.0641856169192,0.669626013751334,51.54601351155545,54.0,35.2326927816917,23643.0358324647
SAU,2013,2.14783287096443,39.0113411908332,100.0,69.3340284426764,0.437984195574321,51.54601351155545,60.5,38.1484481310781,23057.3494468535
SAU,2014,2.27940419211986,42.5570781320296,100.0,69.3908252150139,0.191711517264834,51.54601351155545,64.7137,40.7584259766165,23404.7306039825
SAU,2015,2.75387031670143,52.7601798097453,100.0,69.4869635868621,0.572622097928938,44.6011697093878,69.6162,51.6451922544441,23256.1549553531
SAU,2016,2.91802299444676,54.375771847036,99.9,69.6270993969951,3.18518611850268,42.5305962013279,74.8793,53.5509157775579,22783.0328538685
SAU,2017,2.83525700890872,50.1375935809361,100.0,69.7450173283121,0.136801407151884,44.8899324686986,94.1756,51.4336551370844,23035.1199977707
SAU,2018,2.41396154385256,50.1375935809361,99.9,71.292228576443,1.36945683303735,49.0147439495304,93.31,46.0223400101906,24393.5188306638
SAU,2019,2.45384656461481,50.1375935809361,100.0,72.5570122624337,0.346411455797861,45.7234459871756,95.7247,49.0640913102722,24905.6697428558
SAU,2020,2.95556974627207,50.1375935809361,100.0,73.931802697562,0.211115523412857,38.3004545080469,97.8623,54.5874963582755,22827.671935548
SAU,2021,2.44812792691627,50.1375935809361,100.0,77.7956233384625,2.8850612174452,45.957331100123,100.0,45.8018349629672,24922.6716948944
SAU,2022,2.21479159080364,50.1375935809361,100.0,80.2327149876477,2.1556449627378,51.54601351155545,100.0,40.2066530479076,26706.917926066
SAU,2023,2.457692991125,50.1375935809361,100.0,74.2019143925251,1.87131032249407,47.6053309500947,100.0,44.7549856751834,25634.8237547841
SAU,2024,2.53573305211338,50.1375935809361,100.0,74.3640725725168,1.72104243015611,44.9344380522779,100.0,47.0745603554281,24963.3322139095
SDN,2004,34.0060768565709,6.1285411012767,30.2,41.4121929984131,5.67090591014718,21.4151752034683,0.791562,23.562871722763802,1255.67114257813
SDN,2005,33.199920468691,7.8135798471469,30.5,41.5968595282216,4.4387993666553,21.9763462611458,1.29204,23.562871722763802,1290.24438476563
SDN,2006,31.8201079594306,11.048116510493,30.8,42.1419797289853,4.06910716037147,22.9778613068907,4.97602,23.562871722763802,1336.1240234375
SDN,2007,35.6675143701418,9.81285601767293,31.1,41.23293373226,2.53091571467554,26.3285235935348,8.66,23.562871722763802,1372.10961914063
SDN,2008,36.1831633212385,9.37979082509826,22.250000000000014,42.0773103540002,2.54980980762297,28.2073396404398,9.264444444444445,23.562871722763802,1381.62561035156
SDN,2009,33.5066805707755,11.5585100746323,29.0,43.0098727269314,3.3441756822644,25.6508731569437,9.86888888888889,26.4598144889249,1301.34729003906
SDN,2010,31.8522211122842,10.5026912651794,36.0,43.2384103380012,3.50004539535845,21.1420469221691,10.473333333333333,30.8333184053026,1311.22314453125
SDN,2011,27.8476934681736,9.29192166764101,38.3,43.9341232594351,3.15234852962884,20.3300649001863,11.077777777777778,38.0051092550931,1388.21813964844
SDN,2012,33.774624171049,11.9423641232484,40.7,44.3342815393475,6.14212434699966,17.6175266828595,11.682222222222222,46.0544465200986,1288.25854492188
SDN,2013,29.6076364571032,10.5177916679111,43.1,44.9196868439373,3.92312074519106,20.2367455588648,12.286666666666665,45.8278881004255,1283.45922851563
SDN,2014,32.6242708162674,8.15064686274859,44.9,45.2195329392217,2.52698516017578,18.1004960644315,12.89111111111111,46.0569229388561,1307.3896484375
SDN,2015,31.5564513257888,8.12473335981359,48.0,45.6367446136642,3.34135261447755,16.0712107361815,13.495555555555555,48.7681406482026,1292.37963867188
SDN,2016,22.9775814159681,8.21971643252736,50.5,46.7681126252235,2.49532759301928,17.3546057080676,14.1,50.1460202462207,1297.15454101563
SDN,2017,21.2305403131037,8.38975613758766,53.0,47.4160456013977,2.58043876395005,16.6174079698297,18.6,51.3685771317033,1261.87353515625
SDN,2018,21.9934731580502,9.35475603325025,55.3,48.0616147851908,3.51269523880448,20.7757619010592,24.6,51.2947649245208,1185.94445800781
SDN,2019,20.1640153484443,9.17361614121809,57.6,48.2703207911558,2.55226968828806,21.7363013265282,25.9,37.6356278206897,1126.55297851563
SDN,2020,20.3208627544265,7.89088716237967,59.7,46.4143328320322,2.65193447042229,23.3281861554993,26.4383,36.2433523276631,1056.86474609375
SDN,2021,6.35709212800824,6.61986449215035,61.8,45.7434215487083,1.52754029838982,7.36874367318585,26.4383,23.562871722763802,1009.54888916016
SDN,2022,5.03129266150122,5.63980468495649,63.2,46.2442434159355,1.11000421594226,4.8714017457712,26.4383,23.562871722763802,973.225280761719
SDN,2023,30.2756760074835,5.63980468495649,66.0,46.2442434159355,1.37399372870934,28.3364187360641,26.4383,41.3879052564524,677.723205566406
SDN,2024,22.1813816000123,5.63980468495649,66.0,46.2442434159355,1.37399372870934,23.1519847472801,26.4383,54.6666336527076,578.38916015625
SEN,2004,14.2017995388,14.3643865711573,36.8,41.0035210688795,1.36534663159615,25.0673709569857,4.38602,50.6690012194278,1098.20064546027
SEN,2005,15.1803964143562,15.6269414988724,47.1,41.8183519003449,1.52551294776184,23.6818582271971,4.78668,49.6862123536231,1119.0505307548
SEN,2006,13.3951515867003,15.7726987789924,49.9,42.6248354906594,2.47770837743402,23.4152166861911,5.61174,51.9152517286897,1118.7830430051
SEN,2007,12.2459105728806,16.1945509457157,48.1,43.4281011964833,2.51145667497291,23.6352865631739,6.89,53.2209644120259,1123.99862153285
SEN,2008,14.6866270243556,18.8654140228838,49.7,44.1409031336579,2.70404739796078,22.0817260947223,7.12,53.5524725330782,1138.66883930214
SEN,2009,16.1077336169075,19.4173530538773,53.5,44.9029271833884,2.05299535843601,22.0007291744608,7.5,52.3709526949588,1142.65317233964
SEN,2010,15.945261535619,21.3137479203656,56.5,46.0641393377126,1.68778336701059,21.7761763055679,8.0,52.4270621171615,1153.53431121583
SEN,2011,12.9470610352017,23.8744426736655,56.5,47.2488759516398,1.90106996405963,23.3061329625455,9.8,53.7636944684195,1139.74447892639
SEN,2012,14.0976923523704,24.4324813772449,56.5,48.5962440101291,1.56368019565039,23.1117975253125,10.8,53.7359773167972,1154.05677992367
SEN,2013,13.7248803755401,26.3165131362675,57.0,49.8425142846604,1.64581763022307,24.294212523467,13.1,52.6932478038648,1147.3859217191
SEN,2014,13.3687650760268,27.3169375684194,61.0,51.9146130762935,2.03613121185767,23.1526032786161,17.7,53.6085329173623,1180.7987108505
SEN,2015,14.2825767344045,27.3046862692017,60.5,53.6750087741823,2.30194934655844,23.5966085082289,21.7,51.4368734328387,1218.00613555438
SEN,2016,14.4140203888971,27.7982798735302,64.5,51.0101518970215,2.48110320660753,23.3440535101312,25.6648,51.9681042834976,1257.40906915928
SEN,2017,14.9820338201197,29.664784802757,61.7,53.1371514188897,2.80185380597297,23.2776942790053,29.6431,52.1708286457549,1312.10932776049
SEN,2018,14.9875195578847,29.5516165860052,66.0,54.7593556383935,3.6676580901097,24.0134453886227,35.3,52.1727885084918,1355.09610863712
SEN,2019,14.8962721234445,29.516665832367,70.4,55.8657560901886,4.55247618583033,23.5728096206578,43.4,50.9547929398667,1379.60875249861
SEN,2020,16.1487794824433,29.306753974363,64.3,52.0478600355862,7.52395708111684,23.2090411645804,53.3088,50.524794927837,1361.79143748646
SEN,2021,15.5512646222076,29.9015680025233,68.0,48.7128689921073,9.40426405095026,23.9124863648596,57.2554,50.5239032603048,1414.5395109385
SEN,2022,16.3333231968406,32.1820145714257,67.9,45.8637444448216,10.5411241953817,24.8999790711237,59.2246,49.7964440298548,1433.1991875241
SEN,2023,17.4112512141863,31.4479822503341,74.2,46.2822899759848,11.010544401215425,22.888647826957,60.6122,49.5867335830147,1458.96642332589
SEN,2024,16.6344112501138,29.2321288084549,74.2,47.0917586065975,6.1461393599949,25.0130798228271,60.6122,48.4090429943812,1511.89280670234
SGP,2004,0.0556489896262466,95.7289657619849,100.0,75.4297174926108,11.010544401215425,31.8858938554669,62.0,63.0725751287076,39856.6356222613
SGP,2005,0.0550481142142599,89.2233561956159,100.0,75.9618789556125,11.010544401215425,31.4076522049802,61.0,64.0731843759255,41798.4880834671
SGP,2006,0.0488654244516825,84.2870559979133,100.0,76.5515238251608,11.010544401215425,30.8942965496098,59.0,64.8768540490551,42135.66185499995
SGP,2007,0.0428679973714474,85.3517596047783,100.0,76.2634779120522,11.010544401215425,28.2257709638809,69.9,66.0401485014903,42135.66185499995
SGP,2008,0.0414321884664469,97.8643623312414,100.0,76.1280157844467,7.02328608228286,26.4153381596662,69.0,68.3479617553522,42135.66185499995
SGP,2009,0.0406877612701381,96.8613765494725,100.0,77.2677900003458,11.010544401215425,27.0163193688262,69.0,68.0060695233087,42135.66185499995
SGP,2010,0.0361489888834213,94.8584026979012,100.0,78.1407627632661,11.010544401215425,26.6358717243037,71.0,67.8435170825381,42135.66185499995
SGP,2011,0.0346076007512354,104.703673841577,100.0,79.1263279724991,11.010544401215425,25.2595925808817,71.0,69.0231236262618,42135.66185499995
SGP,2012,0.033272726533169,112.973543165736,100.0,79.496505082304,11.010544401215425,25.0222021555412,72.0,69.2086270458185,42135.66185499995
SGP,2013,0.0343752167938134,124.065951568619,100.0,80.1876788946683,11.010544401215425,23.4427286283197,80.9021,70.7623061587241,42135.66185499995
SGP,2014,0.0345408510735362,128.129763309946,100.0,82.2871590690726,11.010544401215425,24.1685192477514,79.0292,70.3453257931675,42135.66185499995
SGP,2015,0.0326135138026483,122.421353845761,100.0,82.5880760696893,11.010544401215425,24.2880229055028,79.013,69.950933310914,42135.66185499995
SGP,2016,0.0315212894381262,123.483066251546,100.0,83.7242174321277,11.010544401215425,23.2029524941107,84.4523,70.7460695193887,42135.66185499995
SGP,2017,0.0307635837552264,120.835774929407,100.0,83.9999197887359,11.010544401215425,23.4966352857041,84.4523,70.3886178111457,42135.66185499995
SGP,2018,0.0301171482363284,117.705383912056,100.0,83.8460645620865,11.010544401215425,25.3804206689349,88.1656,69.3585145719227,42135.66185499995
SGP,2019,0.0322521301996085,119.467541690019,100.0,84.9214552678997,11.010544401215425,24.07072940872,88.9493,70.8020783233725,42135.66185499995
SGP,2020,0.0328172521186951,129.190831594566,100.0,85.0622965416227,11.010544401215425,23.24167197361,92.0043,72.1026995251566,42135.66185499995
SGP,2021,0.0305513686655138,129.190831594566,100.0,85.447258585431,11.010544401215425,24.6140715989737,96.9247,70.1698277615445,42135.66185499995
SGP,2022,0.0259773163736464,129.190831594566,100.0,85.3444494774124,11.010544401215425,23.84052179209,95.9539,71.6014067935171,42135.66185499995
SGP,2023,0.0288498020075513,129.190831594566,100.0,86.0771205942299,11.010544401215425,22.1459950271664,94.2852,72.6907302698223,42135.66185499995
SGP,2024,0.0274391706944735,129.190831594566,100.0,85.7394584559933,11.010544401215425,21.3773151202135,94.3776,73.0290588610543,42135.66185499995
SLB,2004,35.5410591975308,14.3561774973036,22.250000000000014,48.9272969978275,-0.642148336511867,9.67379284707701,0.649673,37.9918338630721,1664.57315979072
SLB,2005,31.2455081849074,15.397419232815,22.250000000000014,49.3665426937841,0.099144118861877,8.5987215506694,0.844308,45.2170056105181,1755.74082446273
SLB,2006,30.6960544230665,18.533202473488,22.250000000000014,49.4631487737188,7.17813029275399,9.32536931430012,1.64635,46.639658133248,1796.71439810674
SLB,2007,30.8166654351873,23.2678785730327,22.250000000000014,49.401722742751,11.010544401215425,9.98457958747137,2.0,47.7037221987613,1830.23321405807
SLB,2008,31.5381809451863,25.2436264854406,28.1,49.3172304947506,9.68358178998539,10.2651535362455,3.0,48.0696169365949,1911.18969015528
SLB,2009,30.4318172056714,23.7690927080514,22.250000000000014,49.4361430522295,6.03099456453907,11.8218587913377,4.0,48.8422797496054,1930.46287614922
SLB,2010,32.4643241866501,20.5357764962235,35.4,49.2237096329009,11.010544401215425,12.9725534512526,5.0,48.4538045268229,2058.95691648883
SLB,2011,32.8222866783226,18.8403653532196,39.1,49.0478904311058,11.010544401215425,18.6507336880232,6.0,46.104801720938,2132.02844199392
SLB,2012,33.3378663398999,19.7202924015181,42.9,49.0519292219766,2.01494633587355,18.2452798557842,6.9974,47.7061255001944,2105.91423758379
SLB,2013,33.6180256890014,29.3146308858805,44.7,49.0377189876406,4.15538562986034,15.6478383600355,8.0,50.1797057003526,2136.72116177034
SLB,2014,34.7578946941231,31.6209576595909,50.5,49.2771450953987,1.5740038730018,16.8607057072847,9.0,48.1116435751766,2085.16067273086
SLB,2015,33.2230637955979,33.0139037072347,55.1,49.8635620559551,2.46368311219347,15.5522182353588,10.0005,51.0922663280613,2045.47721526649
SLB,2016,34.4468092378433,34.2209105536141,58.2,50.1197248570327,2.70706733520786,15.5564744358205,11.0009,49.6584758368713,2084.24845745225
SLB,2017,33.2802068846606,33.2262826138865,62.9,50.5120483658703,2.91769302207799,17.6021668174714,15.1,49.3222004123643,2075.36705302305
SLB,2018,33.9685258669257,30.6970656700723,65.8,50.8462915685819,1.54707244532947,17.6013647441937,20.9,48.1542413637083,2061.8996970669
SLB,2019,32.6714892678456,30.7380689311402,69.4,51.3371733384748,2.02495638459342,18.1213540227607,26.3406,49.1719870734595,2043.09139778307
SLB,2020,34.1195269463158,32.5671298012795,72.9,49.0720443479544,0.584583885803386,17.2452174164661,33.1974,48.6361007600373,1930.65510307199
SLB,2021,34.4855549167345,32.8265544242241,76.3,48.4432819818007,1.79162262618701,18.3015469329916,41.8392,47.2402041107455,1880.5519827183
SLB,2022,31.9698482307204,34.7058484961552,76.0,48.8780475724669,2.77627597762606,19.3056371651711,42.094,48.781890305192,1788.61727922057
SLB,2023,30.5256379940952,34.7843621325241,81.3,49.1991302989898,5.23830750788181,21.4812056446758,42.4597,47.9646258450637,1795.88798697142
SLB,2024,29.7259898810403,33.6805541133023,81.3,49.6160778616948,2.08128126058924,23.3726706460022,42.4597,46.9208634988188,1806.38367324387
SLE,2004,37.39843224498363,2.23929435550621,22.250000000000014,25.0313305899635,2.73329141184343,11.9277477569509,0.203008,37.1364563850909,829.759768928304
SLE,2005,37.39843224498363,2.16953030664871,22.250000000000014,25.5722436153361,3.56470945553037,11.4194355058338,0.215392,36.9336543211186,842.906030904902
SLE,2006,27.5403133675948,1.95445378938047,22.250000000000014,26.2299001733517,1.80375615409317,25.2475228320461,0.227669,44.5914531432815,859.824260714965
SLE,2007,28.3984316094981,2.57102263810254,22.250000000000014,27.3255919992705,2.6278911435046,24.3286197684471,0.239835,44.7910836628184,872.68836234614
SLE,2008,28.9974768705335,3.35926777488606,22.250000000000014,28.2511570051769,1.27696981909264,22.4354575177107,0.25,46.0455986673751,882.54147817868
SLE,2009,30.4719745904755,5.10499215021143,22.250000000000014,28.8684664099746,2.79329478350427,19.4026088860298,0.26,47.3878490822662,872.23959352481
SLE,2010,30.542621858137,4.73162828499164,22.250000000000014,29.9922730714103,5.59265918271249,20.2650996328359,0.58,46.2373485307333,902.769891411394
SLE,2011,31.5846615609542,4.64030943290693,22.250000000000014,31.0138302014681,11.010544401215425,19.6837646221541,0.9,46.9470284022028,950.760763054593
SLE,2012,30.6570937162864,3.41408221065244,22.250000000000014,32.9011681123816,11.010544401215425,23.5297216066996,2.5,43.980867472737,1025.04366004502
SLE,2013,30.1232322468759,3.12773073712044,22.250000000000014,34.9802473296449,5.72675143806855,26.4303748873975,4.0,41.5447698876166,1146.81973456475
SLE,2014,31.9043952976079,3.19014735484618,22.250000000000014,36.2801291517533,4.88007878489104,20.452711739982,6.0573,41.7591458652869,1032.23789355905
SLE,2015,34.3025554909897,3.3473681726433,22.250000000000014,36.5967684237259,3.71866092366771,16.6428629261418,6.34442,45.7694782043029,964.575980888989
SLE,2016,32.5776913387757,3.51808121980782,22.250000000000014,39.2645747272795,2.27663664378768,19.515679548632,11.7732,44.7998859384513,1002.77862282013
SLE,2017,33.3320506947837,3.32767662198056,23.4,41.6754090680477,7.19540249608134,19.5143905015015,13.2369,44.7627784849758,1010.54694071207
SLE,2018,34.9852345791337,3.64060322537035,26.1,43.2268690252873,2.90502880166707,17.510686344572,14.4223,43.9222664822583,1015.6678297205
SLE,2019,34.547180986475,3.8596499447201,22.7,43.8896891475923,1.86680073448091,17.9304532249609,15.7137,44.0831279945832,1046.96778078594
SLE,2020,35.12938571555,3.61989140647132,26.3,42.3103901332073,0.762524726187775,17.6375324601029,17.1208,43.3938484317909,1010.25294614757
SLE,2021,33.6443430993994,4.22614923062742,27.5,42.1525066801564,2.98593617691379,19.1836741693752,18.6539,43.460957509928,1045.7661615758
SLE,2022,33.7568526675948,3.53787339525637,29.4,42.5927181426358,2.03619504430889,20.7563899342047,19.2287,42.1255781793652,1077.08884538507
SLE,2023,29.052620232572,3.23642146006654,35.5,43.2335681141984,2.27421424673208,26.0790881246429,20.635,42.1624443712256,1113.86837500697
SLE,2024,29.15848297879,3.96782641151883,35.5,43.5734747491183,1.7469962843978,25.5643098606236,20.635,42.5650434678431,1137.29005673054
SLV,2004,5.72792591262587,48.1551897350887,87.4,56.2214171797932,2.64681242347754,25.6039214354494,3.2,60.4952014311542,3081.23629665234
SLV,2005,6.17165600762008,49.9239191050969,87.5,56.8830033930859,3.47761600217717,24.4712886106953,4.2,60.5376922030208,3163.36118376833
SLV,2006,6.04616656739515,50.2764169762417,89.2,57.1995461561921,1.50707286112592,24.4717932435785,5.5,60.2821644398805,3302.34817354347
SLV,2007,6.99310770496862,51.5342970603847,91.1,57.5994528967321,9.11434743633077,24.5219333695828,6.11,59.4189898158626,3359.1623024135
SLV,2008,7.09010840673402,51.0548677298855,91.0,56.8506737688221,5.0206011155903,25.8812946540508,10.08,58.7199343521865,3420.44927357444
SLV,2009,6.66859073198944,54.5525792579328,91.1,57.5362376701544,2.09486399547314,24.9700311675857,12.11,60.9827390887884,3337.81150878211
SLV,2010,6.98170850697531,52.3104277458922,91.6,57.8719328612105,-0.613406192808089,25.2759118643186,15.9,59.5027515297118,3398.49346060363
SLV,2011,7.33019190703113,49.9977176790519,92.6,57.1368989359361,0.603930846788838,26.1954132809565,18.9,57.8388249133051,3514.069144355
SLV,2012,6.5143562539307,49.2960792034564,93.7,58.0504645046776,2.01123945886672,26.589358065851,20.3214,58.3439749557541,3601.44222914588
SLV,2013,5.61330655869503,51.5041857038078,95.0,60.0597146276923,1.11490857279595,26.1216427113687,23.1093,59.546422711878,3665.1547327058
SLV,2014,5.86687215376832,53.2701980017235,95.1,60.3462783093348,2.2408951362935,26.0135339989829,24.7617,59.4191153461598,3713.94992016222
SLV,2015,5.52976674016479,54.0918954267897,95.4,59.7121787529889,2.10997804482034,25.2889295441979,26.8026,60.0130385216637,3790.34089108162
SLV,2016,5.73215390739613,55.0597980078069,96.0,60.2223474401178,1.98198031581358,24.8348278708617,28.9971,60.3324813787362,3875.84691357954
SLV,2017,5.39300914080881,56.0486779897987,96.8,59.5395240180015,2.01688451540263,25.1714727339037,33.8207,60.1160806255127,3954.84014277572
SLV,2018,5.13276852985202,57.2770156356153,97.0,61.0879459244147,1.58620478716365,25.0755067570813,43.8,60.111372226503,4046.16291720583
SLV,2019,5.1464335217926,59.0743132128325,97.4,61.1974225717454,2.59024369040438,25.3481437171191,50.4912,59.9656859790917,4143.11437097867
SLV,2020,5.35480047301112,65.3332227111145,99.7,60.8504151462481,1.55101998611342,23.7247499015898,54.6014,61.4622335450273,3808.53195436409
SLV,2021,4.81225514872015,61.139568580911,97.9,61.2282297567166,2.7560499827498,24.1049005031825,61.7527,60.1847458642557,4247.54750394978
SLV,2022,4.55875283808156,62.6134049968434,100.0,61.5965308075951,0.0823187568481088,23.7319470400488,65.5298,60.4550594726346,4355.96083888359
SLV,2023,4.4504125664546,61.9007180453442,98.3,62.4677128891176,1.89928827474734,23.184509690748,67.6558,60.761908362808,4489.17787712717
SLV,2024,4.38040930910144,62.4875657227945,98.3,62.6593656340507,2.61241857793703,22.4383118205139,67.6558,61.0366871615294,4585.22599757795
SMR,2004,0.0200541096861857,32.8688540294339,100.0,49.9543541630426,6.75333409502216,32.0241661542694,50.5663,59.2769211436221,42135.66185499995
SMR,2005,0.0200541096861857,33.7215866396037,100.0,50.3642347768599,6.75333409502216,32.0241661542694,50.2596,59.2769211436221,42135.66185499995
SMR,2006,0.0200541096861857,34.8081787114827,100.0,50.6231769549281,6.75333409502216,32.0241661542694,50.2087,59.2769211436221,42135.66185499995
SMR,2007,0.0200541096861857,37.7291069327007,100.0,50.6590283450837,6.75333409502216,32.0241661542694,50.3648,59.2769211436221,42135.66185499995
SMR,2008,0.0200541096861857,39.431944966087855,100.0,50.9593888378512,6.75333409502216,32.0241661542694,54.52,59.2769211436221,42135.66185499995
SMR,2009,0.0200541096861857,41.32547358889725,100.0,51.6048881399569,6.75333409502216,32.0241661542694,54.21,59.2769211436221,42135.66185499995
SMR,2010,0.0200541096861857,42.195981646899696,100.0,52.5390147086811,6.75333409502216,32.0241661542694,51.905,59.2769211436221,42135.66185499995
SMR,2011,0.0200541096861857,42.449202388170605,100.0,52.6145323962141,6.75333409502216,32.0241661542694,49.6,59.2769211436221,42135.66185499995
SMR,2012,0.0200541096861857,43.24887542568235,100.0,53.1341994600021,6.75333409502216,32.0241661542694,51.36371666666667,59.2769211436221,42082.5554467713
SMR,2013,0.0200541096861857,42.30243639204765,100.0,53.5430702246149,6.75333409502216,32.0241661542694,53.127433333333336,59.2769211436221,42135.66185499995
SMR,2014,0.0200541096861857,43.742921585242954,100.0,54.1410067239807,6.75333409502216,32.0241661542694,54.891149999999996,59.2769211436221,42135.66185499995
SMR,2015,0.0200541096861857,47.51686846027865,100.0,54.4112830836989,6.75333409502216,32.0241661542694,56.65486666666666,59.2769211436221,42135.66185499995
SMR,2016,0.0136238729961193,47.0982594371968,100.0,54.5049047408101,6.75333409502216,32.4071649556587,58.41858333333333,59.4484867145015,42135.66185499995
SMR,2017,0.0204788600977845,45.600325891793204,100.0,54.188247670037,6.75333409502216,32.4530315404968,60.1823,59.9107015944061,42135.66185499995
SMR,2018,0.016406698271998,45.86608163933535,100.0,54.7593556383935,6.75333409502216,36.2169203250722,64.01650000000001,56.3358162936745,42135.66185499995
SMR,2019,0.0152774759329299,46.1406537653286,100.0,55.8657560901886,6.75333409502216,34.7786569469683,67.8507,58.0891290335199,42135.66185499995
SMR,2020,0.0141009168983556,51.46377338764225,100.0,56.0999877808229,6.75333409502216,35.6149220680825,77.95,57.9141659016669,40506.8521137898
SMR,2021,0.0166253927819304,47.77472256475425,100.0,55.305223900281,6.75333409502216,36.6355581618435,81.67,56.5054115918543,42135.66185499995
SMR,2022,0.0114889167333267,45.7439409376828,100.0,55.997466048887,3.92890134686182,37.5952017777331,85.0607,55.0819768141029,42135.66185499995
SMR,2023,0.0150932486085713,45.427065277604356,100.0,56.4243401985256,-0.893347982047045,35.7653533988989,87.0278,56.8955526525288,42135.66185499995
SOM,2004,8.85025144123636,9.28513118044395e-05,22.250000000000014,39.4676692414732,-0.124106356083442,25.59184704186185,1.05345,52.85130246178795,266.257271856641
SOM,2005,8.48610428920676,9.28513118044395e-05,22.250000000000014,40.4274412916424,0.51246502261239,25.9195534237383,1.07733,52.4846053485375,275.457040798093
SOM,2006,7.82080658741648,9.28513118044395e-05,22.250000000000014,41.3476277950212,1.90978521507055,26.81167675563535,1.10022,52.6231255383584,284.470789865234
SOM,2007,7.45235394606923,9.28513118044395e-05,22.250000000000014,42.7131827358038,2.5963438148083,26.5529751176723,1.12224,52.919469790753894,294.210404466634
SOM,2008,7.33416514904005,9.28513118044395e-05,22.9,43.6165035904305,1.47118001648448,26.2111946844741,1.14269,52.7186368304904,304.741448811117
SOM,2009,7.64869435667655,9.28513118044395e-05,25.5,44.6319537088002,3.66276197282804,25.0760182112778,1.16061,54.2005121911789,317.03818481457
SOM,2010,7.302134802860715,9.28513118044395e-05,52.3,45.6478323794637,4.16696585149836,25.3034630993363,1.205305,53.8127811770917,329.970504936941
SOM,2011,7.539735584664109,9.28513118044395e-05,52.0,47.0313131766926,3.50997923598382,26.1954132809565,1.25,53.5003535486051,349.577449077722
SOM,2012,7.47030452113035,9.28513118044395e-05,51.8,48.5416356174994,2.45906325256211,25.8078043078824,1.3767,53.9227923543527,369.617204753385
SOM,2013,7.34738984241813,9.28513118044395e-05,51.5,50.3712405210634,5.09591217775954,25.4467450324696,1.5,54.5155556703844,397.108796344858
SOM,2014,7.3537283236706354,9.28513118044395e-05,51.4,51.6246103021907,4.55624629490798,25.0984490191451,1.63,54.1589184045774,417.516796906395
SOM,2015,7.212109630112025,9.28513118044395e-05,51.2,53.2458559762701,4.92510820324606,24.3909413559501,1.76,55.437236334029,445.583080073396
SOM,2016,6.830734030415449,9.28513118044395e-05,51.1,54.0365863455352,4.9896102178043,24.0074912108206,1.88,56.1222358547004,458.921476824605
SOM,2017,6.9953339343812,9.28513118044395e-05,52.1,56.3204843270363,4.84156553446397,24.5139698529782,2.00405,55.9261229091602,506.501098879459
SOM,2018,6.837117702721596,9.28513118044395e-05,50.7,56.101907757315,5.18226851263813,25.0755067570813,6.343933333333334,55.454732268099,498.981065013872
SOM,2019,6.928122318834346,8.84304702989156e-05,49.2,56.0059106886234,5.16404805914972,24.6825416417323,10.683816666666667,55.7984028554324,494.444039712339
SOM,2020,7.60187990877954,9.86845889122697e-05,49.9,52.0672575621346,6.18915159944367,23.7775660166922,15.0237,56.5504512594544,462.867053737236
SOM,2021,7.171804141915705,0.0001294108893116,49.3,51.3752408322648,6.33765685964357,24.7993812228801,21.31185,54.8181795722183,461.627830725978
SOM,2022,7.123763675609521,0.000143592066857,48.9,51.4211908190057,6.23346074683917,25.3845195629461,27.6,55.0819768141029,460.046226685196
SOM,2023,6.896883166243304,0.0001838606174345,50.3,51.7786545102134,6.17357181967512,25.1308706019034,27.6,56.7354628143178,464.721069525567
SOM,2024,6.776422781139065,0.0001901375997691,50.3,51.988528307298,6.39257959388318,24.8658125296098,27.6,56.92201214465325,467.269910194415
SRB,2004,7.62709744796992,20.2269835185112,99.6,42.9804176703753,9.85383583099953,29.8266761335649,23.5,45.2096860967778,4527.43498659451
SRB,2005,6.16013694013165,25.8089636070395,99.7,43.1679060800744,9.85383583099953,28.929036607637,26.3,47.9964379991408,4809.1384076488
SRB,2006,6.22223200235689,25.6120705706489,99.6,44.6588525135106,9.85383583099953,29.108060215991,27.2,47.8357001781043,5016.41289322251
SRB,2007,5.50486565149148,30.5858150183485,99.6,44.268338095545,9.85383583099953,28.2391713833774,33.15,49.6679056035865,5431.27887426624
SRB,2008,6.35977347846117,35.4409708807337,99.6,44.7955873414602,7.48017377130846,27.5052601244094,35.6,49.9740332503476,5735.94772695749
SRB,2009,5.99159503176742,38.6174659825616,99.6,46.7361990162493,6.23823937763422,24.3265430810242,38.1,53.9628891389745,5578.0119741931
SRB,2010,6.11650941889437,45.3256409035753,99.7,48.0786218907237,3.88925451665989,25.0306267248726,40.9,52.9129127744788,5690.70327182682
SRB,2011,6.34800451775273,43.1230214909877,99.7,48.1491332975646,9.6203440965999,26.27931177307,42.2,52.2712525828359,5737.00120175811
SRB,2012,6.04364014215639,44.7225076038649,99.8,48.6589155873606,2.82759932149649,26.5789003129754,48.1,52.3042523803937,5739.3075023532
SRB,2013,6.29965191728962,39.3038448195601,99.9,49.2702789239348,4.08141056622247,27.8782873721815,53.4504,51.069034379434,5793.33614525565
SRB,2014,6.11737533592784,39.0904356774546,99.7,49.8466162593739,4.07119376860245,26.5460326998823,62.0751,51.9408244194964,5716.54047153506
SRB,2015,5.60595319138529,39.02912480491,99.9,50.5868736976842,5.67381755834409,26.6399519622231,65.317,51.8159405243436,5820.3215576888
SRB,2016,5.70664096571472,39.4038438717395,99.9,51.3938380146133,5.57770746372387,26.5319225334739,67.0568,51.329177657504,6024.95754653784
SRB,2017,5.05778606525606,38.7133440067721,100.0,52.0454685423574,6.29636171721257,26.6030717363846,70.3308,52.0475699154042,6200.26118592152
SRB,2018,5.20468651078978,39.7209777742175,100.0,51.9625270627687,7.71374568954873,25.809720124861,73.3607,52.5465914880611,6524.08029755191
SRB,2019,4.76474851493196,40.1665718331813,99.8,51.8191786748944,7.92487427143519,25.5321158663518,77.4168,53.1890492036739,6870.75810896296
SRB,2020,5.05373769401741,43.4490578103864,100.0,52.4757229064994,6.23865408002072,24.2814549023693,78.368,54.5312198459318,6850.96742168834
SRB,2021,5.15586469879064,41.4324145562729,100.0,52.9757725399648,6.95312089132574,24.3847589364029,81.1659,54.2584607355448,7465.67601077148
SRB,2022,5.33794223775032,38.3866557415795,100.0,53.254231677538,6.90354140371273,25.2215655826672,83.5383,54.2740773134141,7862.95387364846
SRB,2023,3.78653396097272,33.044281917872,100.0,53.922998197676,6.06995232091603,23.7759430141513,85.3575,57.7862970567227,8208.4786891507
SRB,2024,3.17227014092271,32.6365244902661,100.0,54.3442615705547,6.20170332537196,23.0721503113166,87.6907,58.7832317170655,8580.26105823259
SSA,2004,14.8084261400423,52.084435284,30.9658946882782,32.3004786965294,1.76190039101056,27.8707341500923,2.2,49.4730259040039,1441.30774878104
SSA,2005,14.6749835838045,53.8689924868344,31.0879348122037,32.6996132790011,2.36618011368487,28.7155682167492,2.2,48.6237233829674,1485.37551435245
SSA,2006,14.7746409662645,55.7070279757652,32.6279350503343,33.0915789658864,1.6383073183435,28.2636137887769,2.8,49.3680131930893,1531.52480384502
SSA,2007,15.2038617540065,56.4866779138185,33.8820874113135,33.515893122552,2.58677779433988,28.6217309749131,3.7,48.5134686349548,1580.27755740837
SSA,2008,16.3161007786191,47.0584532863365,33.5654241279205,33.9279223858258,3.06042506850811,29.8471968786449,4.2,47.0528633521071,1615.34587802112
SSA,2009,16.4884111414922,48.9883286861252,33.6235609112731,34.3631136405989,3.03018310882217,26.2703461647792,4.9,51.1288392048306,1618.80132357247
SSA,2010,15.3713205467601,50.4373892786396,34.210425330409,35.148029946314,2.30687372393534,27.7068613093019,6.7,51.1401158533795,1667.51820351409
SSA,2011,14.1222625874506,46.2298933254946,37.3485816035098,35.564168000129,2.550693917096,29.7203370679418,8.3,50.3968876391441,1691.66660971882
SSA,2012,14.4066982263148,45.8391586833196,37.6472467808928,36.1108157166772,2.70706824050549,29.5308849806488,9.9,50.7357181019978,1698.5158646606
SSA,2013,14.5688320989548,42.5464275740951,38.8415744954024,36.0632429815333,2.20395008190261,28.7232404475113,11.8,51.2009839033051,1734.35144843299
SSA,2014,14.8866321484545,41.6232309656748,39.6059458734454,36.5514585468876,2.28587326794052,27.677387189909,13.9,51.6819838724503,1764.52518975731
SSA,2015,15.5775961568292,41.1153963726985,40.343402663759,36.8937882707897,2.61446798751555,24.3909413559501,16.3,54.3705375948712,1763.27463036367
SSA,2016,15.5711140085867,41.9287195565409,43.9294742312831,37.1531625579318,1.94543958830123,23.3442794383381,18.5,54.9009709071585,1732.90964850105
SSA,2017,14.8859704393801,43.4741547115082,43.6966106335647,37.5251541463718,1.51365768000436,25.0705108890967,20.4,53.739381318091,1725.248614336
SSA,2018,14.952905809002,39.9368769792042,46.5941222062837,38.159062768849,1.45076813789129,26.3706194118268,22.8,52.4924215685383,1724.10846517385
SSA,2019,17.537765292781,34.4765329833125,47.1016223972235,38.9576973575941,1.29449940384985,24.6869691255097,25.3,52.2180159807422,1719.05269893256
SSA,2020,19.3220634498706,32.9502204877738,48.2508517332199,37.394339553416,1.15675299225473,23.1531686919512,28.0,51.7426586482392,1613.92902099825
SSA,2021,18.4836879763424,31.5771491651411,50.2501732333213,37.3023095787797,3.29059653865484,24.1402043683077,30.3,50.1413645936218,1629.64361201344
SSA,2022,18.3597841272687,29.6724754293245,51.1489934048537,37.9054775331667,1.53173741815995,24.9474247282306,32.7,48.8188857887136,1653.21688946605
SSA,2023,18.1156585533321,29.6724754293245,53.0069667981858,38.2328673870056,2.00633699755733,25.0239628046424,33.5,50.1350845240252,1653.54090063039
SSA,2024,16.5881760109038,29.6724754293245,53.0069667981858,38.7785917602443,2.22956711161856,25.2687148218965,34.7,50.5949154428684,1668.197792687
SSD,2004,4.19544282441311,0.497601393833536,22.250000000000014,33.8679276220757,1.34937246395858,51.54601351155545,2.2,36.6177162232871,2289.18415375563
SSD,2005,4.19544282441311,0.497601393833536,22.250000000000014,33.9663322214731,1.34937246395858,51.54601351155545,2.2,36.6177162232871,2289.18415375563
SSD,2006,4.19544282441311,0.497601393833536,22.250000000000014,34.0702074932722,1.34937246395858,51.54601351155545,2.2,36.6177162232871,2289.18415375563
SSD,2007,4.19544282441311,0.497601393833536,22.250000000000014,34.1683154592039,1.34937246395858,51.54601351155545,2.2,36.6177162232871,2289.18415375563
SSD,2008,4.19544282441311,0.497601393833536,22.250000000000014,34.2416890259282,1.34937246395858,51.54601351155545,2.2,36.6177162232871,2289.18415375563
SSD,2009,5.22004160956288,0.497601393833536,22.250000000000014,34.3598190573403,1.34937246395858,51.54601351155545,2.2,35.5021306484434,2293.80166888543
SSD,2010,5.29379348275505,0.497601393833536,22.250000000000014,34.2954103004165,1.34937246395858,51.54601351155545,2.2,33.5625068562538,2295.07026096006
SSD,2011,4.67693681681883,0.497601393833536,22.250000000000014,34.1810455480027,1.34937246395858,51.54601351155545,2.2,34.0974199385455,2073.23981819145
SSD,2012,6.17613217428162,1.12348529534462,22.250000000000014,34.2884474843576,1.34937246395858,51.1502922242999,2.2,42.6735756014185,1069.19619080938
SSD,2013,9.635809346303,1.13382804534706,22.250000000000014,34.5241497913384,-4.30359174766787,22.2248278451082,2.2,68.1393629925541,1165.16202707495
SSD,2014,7.59650844428456,1.81010943088354,22.250000000000014,35.0376461549543,0.0074187791098501,46.6994007328919,2.6,45.7040840248141,1197.09491969479
SSD,2015,10.3550274477245,2.3046060068698,22.250000000000014,35.6502069840536,0.0012502291294692,33.0945353993221,3.0,56.5504512594544,1080.14718624765
SSD,2016,10.3550274477245,4.42474874705564,22.250000000000014,35.7580078060355,0.0012502291294692,33.0945353993221,3.5,56.5504512594544,1080.14718624765
SSD,2017,10.3550274477245,1.7050712207929,22.250000000000014,36.1598784024346,0.0012502291294692,33.0945353993221,4.1,56.5504512594544,1080.14718624765
SSD,2018,10.3550274477245,1.52680961002147,22.250000000000014,36.2557999728935,0.0012502291294692,33.0945353993221,4.8,56.5504512594544,1080.14718624765
SSD,2019,10.3550274477245,1.70350480610621,22.250000000000014,36.0882834863291,0.0012502291294692,33.0945353993221,6.7,56.5504512594544,1080.14718624765
SSD,2020,10.3550274477245,1.92500455443695,22.250000000000014,34.9922859852069,0.0012502291294692,33.0945353993221,9.27123,56.5504512594544,1080.14718624765
SSD,2021,10.3550274477245,2.75015423943811,22.250000000000014,34.2131531711209,0.0012502291294692,33.0945353993221,9.27123,56.5504512594544,1080.14718624765
SSD,2022,10.3550274477245,3.01716131679904,22.250000000000014,34.2572226973317,0.0012502291294692,33.0945353993221,9.27123,56.5504512594544,1080.14718624765
SSD,2023,10.3550274477245,3.04769880153433,22.250000000000014,34.5674763692935,0.0012502291294692,33.0945353993221,9.27123,56.5504512594544,1080.14718624765
SSF,2004,15.1335224338036,51.4830292915161,29.3700290990252,30.3917593131174,1.81785721290715,27.6444729427631,2.0,49.3461175702086,1324.51853793772
SSF,2005,15.0503143780196,53.2559512040208,29.3529629714108,30.696816759144,2.3697167144022,28.4588257846901,2.0,48.4923090895222,1366.27424482585
SSF,2006,15.1869640197821,55.0510782913573,31.2016431937494,31.1028160215091,1.68103115329245,28.0008575211178,2.6,49.2116818827608,1409.85883394612
SSF,2007,15.6544494174601,55.7140119765567,32.517987745478,31.5474187366934,2.57443802232054,28.323511997872,3.1,48.3631713508925,1456.1661697907
SSF,2008,16.9037027307719,46.342569241451,32.4033521062592,31.9710977512744,3.01611847958137,29.4319661475733,3.6,46.871738109258,1490.09370157274
SSF,2009,17.2453891294277,48.9651232622898,32.6264486462032,32.3979464069186,2.97984797961441,25.8321973548858,4.3,50.8128113838978,1495.15888390986
SSF,2010,15.8916307608059,50.41705070815,33.3352475874151,33.1927221713067,2.2885668869732,27.3283387816626,6.0,50.9546982001283,1542.53215408965
SSF,2011,14.6378615212266,46.2128138417354,35.9008197096736,33.6585037171054,2.54640544486952,29.3253321263105,7.5,50.2280358396469,1567.63762624075
SSF,2012,15.1529490644339,45.8211730269456,36.7762778723704,34.1703979042875,2.68897843320726,29.0179369359296,9.2,50.4345252332702,1576.31411158834
SSF,2013,15.2555300851108,42.5289106844272,38.0320042025018,34.232141812707,2.22159771421085,28.2494675496847,11.2,50.9087108683839,1612.24237571721
SSF,2014,15.5674809294389,41.6089279327093,38.3544769303453,34.8748650360341,2.32062787934291,27.2529583979748,13.4,51.346344764441,1643.26781016129
SSF,2015,16.3194810830291,41.1005263507842,39.1996500160838,35.4087713924884,2.67805945213605,24.0845054213634,16.2,53.835772716541,1646.44941139316
SSF,2016,16.4129142762294,41.9099193359543,43.8301651403807,35.8576327351913,2.13216814237982,23.2720012370008,18.3,54.1024546281982,1623.17708645872
SSF,2017,15.737113236178,43.4741547115081,43.7628194566177,36.4193936906947,1.69573711022854,24.9900049159572,20.0,52.9739084222655,1620.53648783766
SSF,2018,15.6943912249101,39.9368769792042,46.4166752425457,37.177626531105,1.58634507216478,26.4005791467245,22.0,51.7649001038512,1622.24137160361
SSF,2019,18.2462585717647,34.4765329833125,47.1974168154517,38.1026374080218,1.37263965377933,24.6825416417323,24.4,51.5589510083586,1621.5953888781
SSF,2020,20.1524027992858,32.9502204877738,48.5450389491045,36.5544543508218,1.22632930816952,23.1451882109321,26.7,50.9824848087033,1529.24894566347
SSF,2021,19.4467816142709,31.5771491651411,50.6566448640617,36.5369275022843,3.3249788491975,24.0158267444545,29.0,49.4638898865941,1545.45220046021
SSF,2022,19.3834436394016,29.6724754293245,51.5873775845363,37.130505760738,1.61678481190362,24.8176549407583,31.1,48.178742942336,1568.7119148255
SSF,2023,19.2369714001152,29.6724754293245,53.2558710664349,37.494032509861,2.0411125304759,24.9807752766816,32.3,49.3114942334584,1572.0784357913
SSF,2024,17.9547772160309,29.6724754293245,53.2558710664349,38.0949514679411,2.27442939976329,25.2670056835849,33.6,49.6231621747335,1589.32982537075
SST,2004,4.35153268201831,77.4994940333216,76.8496925221964,59.2316342176772,11.010544401215425,27.7659982692488,19.6,58.5610594939909,9105.86748386889
SST,2005,4.00741016989606,94.4561138116969,77.6783676254051,59.5252497631285,11.010544401215425,29.2449478302012,19.6,57.5258605708718,9451.28413237528
SST,2006,4.22260334906628,98.4853281968185,78.1006771419422,60.0444427382339,11.010544401215425,30.5246317336764,21.1,56.3658400034497,9969.96579894485
SST,2007,4.02327721300921,98.6227957038371,79.5807349251648,60.2906283815147,11.010544401215425,29.4512229692266,23.3,57.3262376927396,10327.7328570127
SST,2008,3.85680137481036,94.1777443625535,80.5950689227549,60.4945390315066,11.010544401215425,31.9463670229055,25.6,55.8036548833025,10342.7108313065
SST,2009,4.10516150487735,99.8660744763835,80.4229826422579,61.4751011725217,11.010544401215425,26.789753749279,28.7,60.6333836587251,9794.86691738104
SST,2010,4.22465220155782,94.947840439309,82.199729744185,61.9857313185664,11.010544401215425,27.7082050815673,32.0,60.0687211475601,9921.82379714539
SST,2011,4.13044639996936,89.4465506557463,83.906240710336,61.9573204962929,11.010544401215425,29.5660124416704,35.5,58.6506029287878,10072.3942172806
SST,2012,4.21337218507466,83.7756596749241,84.8243310625176,62.5444201378357,11.010544401215425,28.0926478609093,38.5,59.4207004289178,10183.7115546246
SST,2013,4.17943356796783,81.9495925028508,85.2704808451355,63.1380948438103,11.010544401215425,26.8870678702542,41.2,60.3864254863475,10192.7078437938
SST,2014,4.08118654747238,78.6322242893983,86.7735637831097,63.5029147058449,11.010544401215425,25.668619907151,44.7,61.2674274309519,10324.6794019847
SST,2015,4.22238948956571,76.6084247073623,87.6813928879402,63.7785895057927,11.010544401215425,22.9129920905932,47.7,63.3850895732196,10446.850341907
SST,2016,4.0688981019142,75.5644672807733,88.8486713357501,64.1648607212247,5.00741124714961,21.9900273606034,50.9,64.321918896593,10523.7082779478
SST,2017,4.0544964146422,74.3749990000683,90.1550278534803,64.8759459533139,11.010544401215425,22.125153124603,55.6,63.9728839286745,10750.0323524971
SST,2018,3.84310556281986,66.6239997190673,90.9647335432231,65.3397459305546,11.010544401215425,22.5090355336342,58.0,63.5866581951588,10981.9220128952
SST,2019,3.80575726213542,62.9314418142413,92.0919222790738,65.6081297862219,11.010544401215425,22.1890029331434,62.1,64.3092184340877,11201.6035626777
SST,2020,4.18418532105648,69.5382229867967,93.1195945831784,65.1997655749919,-4.3599322772924545,21.9870108754137,65.6,64.8249846856611,10330.2244204664
SST,2021,3.89554834835095,63.0965131517956,93.7468179373385,65.6027702974684,11.010544401215425,23.8405326474957,69.1,63.2220577627029,10966.3507528896
SST,2022,3.76817415936053,56.0870515501668,93.852223644499,66.1922181709939,10.149941399435,26.482416169281,70.5,61.3556830482381,11659.648300767
SST,2023,3.64114424433291,55.6300904867418,94.7947483488559,66.5048063368306,3.90648574780665,23.5223990481864,71.7,63.7226528771152,12136.5395036554
SST,2024,3.59354987952712,54.8505713378616,94.7947483488559,66.7649392217329,1.38546966188055,24.6243590812621,72.5,62.3719314693087,12776.0630940034
STP,2004,9.47767452078513,15.5207169133152,54.7,57.3709940249864,3.05544616526837,15.6164167398658,13.3229,68.3965198810427,1047.05796134884
STP,2005,9.47767452078513,22.229377388692,55.8,60.594617593873,11.010544401215425,15.6164167398658,13.7595,68.3965198810427,1089.14778798762
STP,2006,9.47767452078513,26.1198803251184,56.9,60.9068691175706,11.010544401215425,15.6164167398658,14.182,68.3965198810427,1157.0861446542
STP,2007,9.47767452078513,30.7928682115687,58.0,61.2392947103274,11.010544401215425,15.6164167398658,14.5905,68.3965198810427,1170.51612474435
STP,2008,9.47767452078513,27.6258018632268,59.1,62.2642431349555,11.010544401215425,15.6164167398658,15.48,68.3965198810427,1214.14114724792
STP,2009,10.4916229997386,32.6962257784768,56.9,62.5255842734066,7.72419866486855,16.2938340677334,16.41,65.4948025356472,1225.60541902997
STP,2010,11.6318930270323,39.1859416288132,61.4,62.8875520592318,11.010544401215425,14.6892729961318,18.75,64.579368078385,1216.3502521663
STP,2011,12.3319074378557,39.7466623532111,62.6,63.2814965066486,11.010544401215425,11.9865058848595,20.1612,68.8767010224354,1214.96130276731
STP,2012,13.0683433314164,41.648893532902,57.9,63.6192230114882,9.95129371315347,12.3018328482048,21.5724,71.8342838127868,1225.6945255615
STP,2013,13.4069603438231,36.3258991131173,65.0,63.8657604078165,4.55447319839345,13.3437075212036,23.0,70.9654138761469,1263.70423995281
STP,2014,13.2795768636645,32.7441700381868,68.6,64.0667490729295,9.03727468460171,12.8163490377908,24.41,72.5379455733083,1301.32146445028
STP,2015,14.1348690685509,33.2568293234457,67.3,64.3403709787268,10.7400374911446,11.6794591576073,25.82,74.022423308339,1298.10946596396
STP,2016,13.0514022257346,31.4994056021873,69.4,64.5907127009459,7.98279155418215,10.3295203947605,28.0,79.4684593365187,1342.533807689
STP,2017,12.7475187137291,29.4387086522031,74.3,64.8972797094321,10.6236604862763,9.07470301028009,32.6,81.0252683615241,1375.59403284199
STP,2018,11.8181222110283,24.7710907623132,71.0,65.1211098334508,6.17598418618007,8.38826200521501,38.0,81.9818212460338,1413.84348618541
STP,2019,11.9296548194696,22.4900353352698,75.1,65.309618398513,5.85791781434652,7.52611285056454,44.3,83.814052123567,1420.66008316091
STP,2020,14.1470498019151,19.8916048546394,76.8,64.5805836632937,9.99771582880853,6.0588366873729,51.5547,75.1246918450436,1430.84119299096
STP,2021,15.2661766239364,17.688068697072,78.5,64.3783478996335,11.010544401215425,5.04457167443837,61.5241,75.4550774311808,1428.28676097975
STP,2022,13.9317577053548,12.8517556324548,78.0,64.6417970858068,10.2819916432401,4.3554064353605,61.5535,78.5910726252264,1403.23356704678
STP,2023,13.4785052658292,7.81631512865353,81.3,64.9304070283966,-3.73659884967941,2.77409592691283,61.4607,77.6368608044664,1380.60169416257
STP,2024,12.5052804435914,7.81631512865353,81.3,65.2113896825142,-2.02904327860989,2.83446203881425,61.4607,80.3417493068885,1368.14347554019
SUR,2004,5.22488058560067,18.7558718627611,95.0,67.4623947526095,-2.51332036478539,31.0288898927889,6.07605,41.429359737711,7021.98919924338
SUR,2005,4.91937130026536,19.319818720147,94.9,67.3142681426814,1.56127119820371,33.8436415595019,6.40309,41.3553786487038,7261.8171350196
SUR,2006,9.99167360532889,17.4884111348182,91.0,67.1546373204594,-4.3599322772924545,36.9830696641688,9.49963,45.4066056064391,7599.35696921481
SUR,2007,10.1476243642228,21.3584594965176,94.7,67.1487808729523,-4.3599322772924545,37.0673613695571,14.11,44.7463093908944,7897.25648915828
SUR,2008,8.92967622190142,23.8646397246909,94.7,66.8156042515601,-4.3599322772924545,40.0701175500103,21.06,44.1534336976696,8129.11464659446
SUR,2009,9.84207557811619,24.4076977224826,94.6,67.1603334055231,-2.41006768189509,34.2921601804851,31.36,47.7063357774018,8276.69079768793
SUR,2010,9.47219211206537,24.0185392688126,91.2,67.1713944969759,-4.3599322772924545,35.1705161344117,31.59,48.2448094721921,8603.90786745855
SUR,2011,8.73235538333795,23.6572660681081,94.6,66.9494749459312,3.28538383339053,35.1093274287296,32.0,46.9969554386936,9003.28597674886
SUR,2012,8.38505537300718,24.1947896158436,94.6,67.1726125095152,3.40245351551791,35.2622611658756,34.6812,47.6572958500669,9140.92898611536
SUR,2013,8.48595489076026,27.8152813950886,94.6,67.2340425531915,3.62949532348678,32.2536953065191,37.4,50.7802838466521,9303.46008775809
SUR,2014,9.38475771944027,29.730243552903,94.6,67.1538192732443,-1.13866864622319,30.2474846767665,40.08,52.2608997340118,9224.24378410547
SUR,2015,10.4081572411936,33.7330206067527,95.0,66.8808665272965,3.5828587235507,27.2599156580204,42.7638,54.4967591981728,8813.61705392067
SUR,2016,10.7661271900991,36.3293876411773,95.8,66.7564986639977,6.9833403838341,26.7553600175618,45.4,57.0833584990983,8293.31553031406
SUR,2017,10.9177598208742,28.2868866474438,96.6,66.6865431613565,2.67494793416759,38.273693894809,48.9452,48.185963793629,8338.69235401862
SUR,2018,10.0324669859288,24.2780778063315,97.4,66.5374997783177,3.27713336345246,36.7622415479102,55.1,50.8308432543601,8666.64870697797
SUR,2019,8.59607814021171,23.0940833809237,97.9,66.681211846176,2.09560541663346,33.8807670142731,62.0,55.3767659072638,8677.30522021731
SUR,2020,8.1360284150591,24.2209075589577,98.4,66.3445507297672,0.0357132024302943,36.5606718418582,69.8369,51.8877061563009,7213.10766669943
SUR,2021,9.67766403232661,18.1047543764174,98.8,66.3005987318307,-4.26991302669251,37.7088537439931,76.572,50.3802826726457,6973.89941868115
SUR,2022,7.29566179490095,19.3784779706784,99.0,66.3003971117535,-0.245419018781694,42.2305173267347,77.6494,48.0663465403299,7081.33357325783
SUR,2023,7.16164239184102,16.5984067841251,99.6,66.6417751689945,-1.52896596211284,39.6663071788203,78.3958,48.8318271145602,7186.47308739957
SUR,2024,6.77008395773172,17.0207142282833,99.6,66.7848724954074,-0.850285319023894,35.0514487718833,78.3958,50.8458681480381,7246.2576795921
SVK,2004,1.50647353218952,33.7617521924944,100.0,54.3636003916615,7.10209742938173,32.1708840398951,52.89,54.8778447629321,10718.2101858841
SVK,2005,1.47125970663954,33.7617521924944,99.9,54.9887349479084,6.27282057947455,32.0563158138445,55.19,54.8097720625407,11412.1593630008
SVK,2006,1.69161295680886,33.7617521924944,99.9,55.3978602794133,8.05836126241016,34.2253304669146,56.08,53.6189033144475,12430.2015488557
SVK,2007,2.13456038332977,37.3662896469429,100.0,55.0589551136045,5.84174372278854,33.4007648001191,61.8,54.0259934795585,13770.9602691527
SVK,2008,2.36047432017713,40.6976887506674,100.0,55.0623276601162,4.60268632841724,32.9163890677556,66.05,54.837861450192,14497.1114407172
SVK,2009,1.90942987698677,44.9194546305034,100.0,57.6353383810734,1.7025214117002,29.2871824292761,70.0,59.2772889220554,13680.7537106597
SVK,2010,1.4985946805378,44.343508773778,100.0,58.8851257767952,2.32222893370545,29.956654996582,75.71,59.1835880081695,14596.1477776887
SVK,2011,1.79373080653758,46.0061634074872,100.0,58.4165560337428,5.44765747649664,29.9295585244148,74.44,58.3282317364822,14950.8735178599
SVK,2012,1.79463304702131,46.1588560713764,100.0,58.4356550104698,1.87551069035637,30.0711048440783,76.71,59.0349975688211,15159.6570420004
SVK,2013,2.07432555568651,47.6850567150792,100.0,60.0596143113873,1.01266878582834,27.9562731617683,77.8826,60.4707594132048,15249.8824513785
SVK,2014,2.6149279736894,49.5007725734467,100.0,59.9554904768836,-0.356803047431846,29.8948137660441,79.9843,57.8083495401784,15647.6491763517
SVK,2015,2.04596984034113,52.3332827421394,100.0,59.9768851811218,1.70487122540291,29.9318952287768,77.6347,58.0921327972931,16442.0760860018
SVK,2016,2.06264218897129,56.6716350835336,100.0,59.9959170403687,5.27770700739813,28.6704533371343,80.4759,59.4295223886459,16740.7413996428
SVK,2017,1.84814166887456,59.8779995896911,100.0,59.4528109746634,4.39986424621101,28.0768009837999,81.6257,59.7079238237781,17195.2888721963
SVK,2018,2.00932916157168,61.4419464182066,100.0,60.5803935652357,2.11269531583982,28.5930165310765,80.4489,59.0323950532463,17869.0149173679
SVK,2019,1.6170097133415,62.4645072522501,100.0,60.4327664951465,2.15394548631737,29.1467840646082,82.8537,58.6553990162234,18250.9802475637
SVK,2020,1.72917824309886,65.647590409826,100.0,60.2161063586162,-1.05975666677956,28.5377275498817,89.9209,59.4854550464346,17763.8563847352
SVK,2021,1.87136287988656,65.1124824665326,100.0,60.3038458734282,2.25677867211963,27.4130374810501,88.9256,60.1256272734401,18808.4540496595
SVK,2022,1.930396226685,66.7389252233433,100.0,61.6179851891134,4.16872005912019,26.5461918036068,89.0677,60.6244300812706,18964.8298400624
SVK,2023,2.12570153523878,61.4622634277722,100.0,62.193028044146,0.393861455912485,29.2081158245654,87.2131,60.0252424547974,19383.3732009401
SVK,2024,1.58278262269337,59.6509018833935,100.0,62.8083952551293,3.55503662060591,28.9374799550748,89.8251,59.9609861243037,19776.1758069498
SVN,2004,2.40213653237473,44.9510356724133,100.0,58.7887994371619,2.23412471685355,30.2634915340612,40.81,54.981322445475,18425.2601213581
SVN,2005,2.42413132120213,52.6644953790486,100.0,58.7508593724502,2.70057223244549,29.8114014464119,46.81,55.5385754578261,19102.2776603905
SVN,2006,2.09205852541218,60.347620855334,100.0,59.8079388596019,1.76264658794015,30.1134067265623,54.01,55.6205607130212,20166.5323431214
SVN,2007,2.03283295611526,71.3390529196501,100.0,59.7659100142087,3.93587276921145,30.5983193876711,56.74,54.9677820668108,21485.780992381
SVN,2008,1.75871456280572,76.7749948108283,100.0,60.2164213189052,1.94695512755549,29.7553678451099,58.0,56.0214422882231,22175.2369557321
SVN,2009,1.76138111297772,84.0579308898163,100.0,61.5514414558363,-0.694282375481298,27.3824377206038,64.0,58.1407454334313,20307.6188322273
SVN,2010,1.81942536718625,85.7952635585285,100.0,62.426801528052,0.667761282375457,26.3518668029855,70.0,58.6420215397293,20444.1201295876
SVN,2011,2.04087230966772,82.4615147544276,100.0,63.524075031583,1.71085960342006,26.5487234278155,67.34,58.1676012805429,20535.4155754108
SVN,2012,1.82601354087255,79.9774795596475,100.0,64.3983759935489,0.072644638587861,27.0724390429475,68.35,57.688460637012,19894.8697964548
SVN,2013,1.8307708216806,66.0950404435005,100.0,64.2259915311407,0.217315881641324,27.136357331722,72.6756,56.9767649955258,19704.2186005128
SVN,2014,1.82135489758977,55.0323999116201,100.0,63.1825147189289,2.05875310395561,27.773620382746,71.5863,56.3977533700188,20228.7081986391
SVN,2015,1.97361186480213,50.3438324798083,100.0,64.753833728111,4.05096848349793,27.6272123283146,73.0987,56.278935273132,20697.2748530619
SVN,2016,1.85129615497703,47.1423210691584,100.0,65.7392032464127,3.26541395278807,27.5997956172164,75.4985,56.6168276408096,21309.7122138949
SVN,2017,1.69303673263207,45.4705282131968,100.0,65.1224149060758,2.4842141360232,28.0311742193249,78.8854,56.5851812852398,22397.7634988337
SVN,2018,1.99134296260198,43.7031144504248,100.0,65.0971383458402,2.86489909951597,28.0718729650095,79.75,56.5036144676369,23293.966665323
SVN,2019,1.77040651705792,42.7155413062598,100.0,65.597404663862,3.99098612082388,28.5562740977565,83.1084,56.5174939998697,23943.1800949889
SVN,2020,1.89729714128329,43.5705752100631,100.0,65.8574159887203,0.948340847721794,28.9448814140077,86.6013,57.1774558808323,22811.8050540778
SVN,2021,1.51147755118796,41.1011816349725,100.0,65.9329142563724,3.60613978687237,28.150836487506,89.004,57.8590988226047,24665.4410464026
SVN,2022,1.62480238565618,41.1837741977308,100.0,65.5267428427728,3.64010857871706,27.991167622233,88.9125,58.1702790663945,25275.715967757
SVN,2023,1.53197014432848,36.341915835514,100.0,63.860271833642,2.09028809314832,29.5848784281182,90.3779,57.8684736464045,25773.9015835069
SVN,2024,1.53730419088458,35.4165073993057,100.0,64.1713918522529,2.5587649173879,29.0665685208903,90.7636,57.9394382652417,26134.627203987
SWE,2004,1.68061695988586,91.6350257927676,100.0,75.1495465467541,4.38300602347958,24.7464778664862,83.89,62.428334747589,42135.66185499995
SWE,2005,1.1603186332537,99.2700350890139,100.0,75.7703735837478,5.30592267942897,24.5818510778658,84.83,62.7686123629074,42135.66185499995
SWE,2006,1.24032116770527,102.724459574807,100.0,75.8597693224454,5.21921287841886,24.8427345125051,87.76,62.575737794944,42135.66185499995
SWE,2007,1.43883024091711,111.25228893146,100.0,76.1029410146762,9.41612400200535,25.0247348009667,82.01,62.1977666973116,42135.66185499995
SWE,2008,1.259569565252,118.417228475241,100.0,76.552697629705,8.05196630424181,24.1454500212714,90.0,63.0810764436051,42135.66185499995
SWE,2009,1.13933399215134,124.563322488407,100.0,77.6640167679084,2.06323507354771,22.3348931376132,91.0,64.6882271628559,42135.66185499995
SWE,2010,1.36161648243538,123.280099698326,100.0,77.9968222573927,0.126859666003955,23.8590077358558,90.0,62.9438881558682,42135.66185499995
SWE,2011,1.41167566441203,124.767458149755,100.0,78.0854480121376,1.22329216394859,23.7337228802394,92.77,63.3981651455389,42135.66185499995
SWE,2012,1.252545647128,128.741480388616,100.0,78.2957856001292,0.777373680569339,23.1051457982894,93.18,64.301791249552,42135.66185499995
SWE,2013,1.23062537056738,131.023007766672,100.0,78.8056515071975,0.2546975094246,21.9846853173318,94.7836,65.4244862516873,42135.66185499995
SWE,2014,1.25159385276156,130.317892577225,100.0,79.4223115286017,-1.0454392642501,21.6084554046683,92.5236,65.9159475091998,42135.66185499995
SWE,2015,1.30311590626755,127.51740985919,100.0,79.6754460967861,1.94926707461038,22.2743619851494,90.6102,65.1985990806762,42135.66185499995
SWE,2016,1.2811871059035,129.172366333007,100.0,79.9141239175796,3.01534061830454,22.0060731182678,89.6509,65.1614994624159,42135.66185499995
SWE,2017,1.32101626320131,132.715906095455,100.0,80.0051514044413,4.54156677126576,22.1839062370905,93.0063,64.9520864398133,42135.66185499995
SWE,2018,1.25008450476649,133.266789972115,100.0,80.0884618679843,-0.129928906336359,22.2729867092578,89.247,64.8986769536089,42135.66185499995
SWE,2019,1.25718377928626,131.822474370602,100.0,79.8913961484272,2.9559286166832,22.3760709701034,94.4934,65.0399033572829,42135.66185499995
SWE,2020,1.19622450679304,138.459181444506,100.0,79.959106529964,3.36375559523307,21.8184248297627,94.5394,65.6476199690595,42135.66185499995
SWE,2021,1.15942751247748,136.797864800213,100.0,79.9154694526928,9.17868162234424,22.5774120669797,94.6703,64.8989803904197,42135.66185499995
SWE,2022,1.23876992958721,136.077652643424,100.0,80.92506828558,9.35228228785513,23.7592056275214,95.0097,63.6853972765011,42135.66185499995
SWE,2023,1.28228230721285,129.136781934198,100.0,80.9494472010676,3.22512369002956,22.5872661861018,95.7033,65.4646684204795,42135.66185499995
SWE,2024,1.4222920532684,125.521881964807,100.0,81.166618722452,4.47808450970011,21.6861135924505,95.5293,66.4283744913472,42135.66185499995
SWZ,2004,7.93542577068212,15.6794075132557,31.4,59.2815655732295,2.56728759984033,41.0771172653395,3.22869,46.7013574264685,2522.14342097167
SWZ,2005,9.04728048608606,17.6107810983513,34.2,59.2787980790993,-1.48002383468155,41.0212746530708,3.69696,45.8925845414106,2658.75180508187
SWZ,2006,9.20239622112456,19.5207280679882,35.2,59.3526391456151,3.764215946629,40.8003700979418,3.69654,46.1550782944538,2823.48728215402
SWZ,2007,8.84366174301086,21.6983255351644,39.8,59.4838466455769,1.10564693422697,41.1762081293634,4.1,46.164834199628,2928.46845823015
SWZ,2008,8.1820020018654,20.6739096803303,42.6,59.7512211425787,3.26736558419805,40.0734428796074,6.85,47.4447004657942,2950.67334362132
SWZ,2009,7.55189409574541,20.9217751980064,38.6,60.0387573905994,1.86388312281576,40.6050176238161,8.94,47.4643792697457,2973.83456912379
SWZ,2010,8.30965206310733,19.468556789438,45.6,60.149862968031,3.11096766561026,38.7137888432086,11.04,48.4208880754558,3069.52175725884
SWZ,2011,7.97421442671441,22.8407822139502,51.2,60.4402198060937,2.08998856482498,37.8793869465389,18.13,49.2864972661237,3108.70225253092
SWZ,2012,8.44107107954548,19.7488163303886,54.3,60.5591701676767,0.557730516305156,37.7231797224699,20.7818,47.7032450637046,3218.50138205493
SWZ,2013,8.37545690425617,21.4745583840623,57.5,60.84776830052,1.83246466722921,36.5678764085872,24.7,48.71792201446,3332.11983927912
SWZ,2014,8.20388205629893,21.8445673382862,65.0,61.3241042929384,0.601685882709023,36.1654875610372,25.0,49.1684512239842,3381.79292071291
SWZ,2015,7.37857520050359,21.25805436914,64.1,61.7896645128523,0.805945191942897,36.9658639938824,25.643,49.1854194326331,3419.82276559528
SWZ,2016,5.37686940648276,21.5801659225305,63.4,62.3506169080554,0.721382841978235,37.821426598306,28.57,50.8591368524579,3500.17688847942
SWZ,2017,8.11477800092546,20.6352761067432,73.5,63.8706365864034,-1.2917821060433,34.9112500521839,35.3,50.8419175517782,3596.23605400492
SWZ,2018,7.38537092360196,20.9890102465224,74.0,65.3576277241872,0.670381040235302,34.0032885839109,39.4,51.8895724612563,3565.54285067501
SWZ,2019,7.42401138221192,20.2233785743064,77.0,66.6958957319526,2.7717218211659,34.6470784405459,43.9,51.314217349782,3759.67106964666
SWZ,2020,7.62881465189563,20.9643539991262,80.0,67.5575059595678,0.938105324268348,31.4449555517552,49.013,52.9824038173017,3609.3669136859
SWZ,2021,7.17040128400091,20.823247149558,82.9,68.7066569524272,2.34790226144325,33.159909885424,53.9953,52.6580541771703,3719.03838239806
SWZ,2022,7.57116956723157,21.3428907072988,82.3,63.7535811064892,0.281255609924273,34.6863783098992,57.465,50.7755818619716,3695.64957179548
SWZ,2023,6.63100879033993,21.3095273182131,86.4,58.6570538144149,0.608772714416035,34.5064388032849,57.62,51.8939982654127,3790.16576788091
SWZ,2024,6.477307702895,21.6231408755943,86.4,59.0104082111225,1.55448906259813,34.7365662380883,57.62,51.3633744946129,3864.20550510839
SYC,2004,3.22710437515749,23.7886945246316,95.2,49.9543541630426,4.25692407405115,21.2664381340441,24.2721,57.092652626233,10412.0868936027
SYC,2005,3.03800915305174,23.3799538731127,95.5,50.3642347768599,8.25542388019619,23.5711088030511,25.4133,57.1255555460939,11297.3118190493
SYC,2006,2.78226337941348,21.3959512451102,99.0,50.6231769549281,11.010544401215425,23.3438748508432,34.952,59.8814589396797,12105.4475265558
SYC,2007,2.62790252151546,23.7891064426077,96.1,50.6590283450837,11.010544401215425,23.0158256328238,38.38,61.663102285032,13112.8210098816
SYC,2008,2.53632156141561,27.5236066293084,96.5,50.9593888378512,11.010544401215425,22.4143519418529,40.44,61.0312008131524,12473.2921769121
SYC,2009,2.24128896994315,19.9920673192168,96.8,51.6048881399569,11.010544401215425,20.1824627484302,40.72,62.3094945737398,12116.3783687977
SYC,2010,2.23545934618328,24.1552557359059,97.0,52.5390147086811,11.010544401215425,19.6134912354854,41.0,61.5630454862737,12313.5566919249
SYC,2011,2.19346218388635,22.3906178455982,98.1,52.6145323962141,11.010544401215425,20.6952608634553,43.164,59.697762704269,13843.7116081878
SYC,2012,1.99985279931942,20.8600885056372,98.3,53.1341994600021,11.010544401215425,19.7343819448264,47.076,60.6962628362195,14135.0010570653
SYC,2013,2.71276034719474,21.3672112428034,98.0,53.5430702246149,4.29723724959436,16.5413009747671,50.4,64.3204210082484,14050.3135581314
SYC,2014,2.33075493440682,24.3504437974192,100.0,54.1410067239807,7.80896304548278,15.7700469714181,51.2547,64.8365134500149,14395.6158118771
SYC,2015,2.05307446564115,24.3497337704834,100.0,54.4112830836989,7.39272196242003,14.2030327151444,54.2596,67.2463184086625,15333.1051727105
SYC,2016,1.9149122831203,24.5166106524244,100.0,54.5049047408101,4.35742188671966,13.6909528775658,56.5147,68.48212565237,16962.6753972731
SYC,2017,2.13180786598013,24.5166106524244,100.0,54.188247670037,11.010544401215425,11.7738883980069,62.6,69.2741357827459,17921.5731976918
SYC,2018,2.0783484846252,24.5166106524244,100.0,54.7593556383935,11.010544401215425,11.8099756005606,69.2,69.9476824400139,18628.1862276696
SYC,2019,2.12955445087691,24.5166106524244,100.0,55.8657560901886,11.010544401215425,12.2185624290623,76.6,70.9429679692474,19481.6461053742
SYC,2020,1.96124535557297,24.5166106524244,100.0,56.0999877808229,5.79027015191072,14.271545381162,84.8223,69.3076224483376,17048.361729788
SYC,2021,2.44466263831241,24.5166106524244,100.0,55.305223900281,7.52808883301193,11.7537279327877,87.3383,71.792890047776,17005.0422063679
SYC,2022,2.43560145251469,24.5166106524244,100.0,55.997466048887,9.40509377025538,11.9787643383367,87.0353,68.5396110646681,15869.6738782504
SYC,2023,2.49645335614707,24.5166106524244,100.0,56.4243401985256,10.9586044074443,13.1590288680872,87.4009,67.3232920627206,16242.4365925219
SYC,2024,2.45102518947254,24.5166106524244,100.0,56.8251366111918,10.4342001858715,12.2929752814172,87.4009,65.7655757027886,16586.4074964781
SYR,2004,22.4332637930177,11.6545148714451,92.3,48.8080096553918,1.09618743838262,30.0234984698763,4.32159,47.543237737106,1363.61946683869
SYR,2005,20.2931020061894,14.7646272863536,92.0,50.0963584237635,1.73256383601582,31.1872111563835,5.64811,48.5196868374271,1411.63184941498
SYR,2006,21.4567969026949,14.6985583907359,99.5,50.7423998630372,1.95248910452015,34.9830051366887,7.83255,43.5601979606164,1420.72293121298
SYR,2007,19.4588086724418,15.0849880747056,91.5,51.8025730955711,3.06919397837023,34.0578017634269,11.5,46.4833895641313,1411.6899137524
SYR,2008,18.7564030293375,17.5381739655123,91.3,52.5773359529074,2.7885874585822,34.2242837185363,14.0,47.0193132521262,1423.59559425951
SYR,2009,22.795011712993,19.6374552334295,91.1,51.4687470112074,4.74859703108017,27.2972838947834,17.3,49.9077043922236,1484.40523742854
SYR,2010,19.4389732007252,21.9364555501381,92.7,53.5604568959839,2.3931861526359,30.4265241661983,20.7,50.1345026330765,1526.36894402751
SYR,2011,20.646904744337,20.7425247885746,91.5,55.3343482681877,1.19065657189387,33.7332140485501,22.5,45.6198812071128,1542.71957174916
SYR,2012,23.432298282026,20.7425247885746,90.7,56.6788249019505,1.19065657189387,25.0488124668991,24.3001,51.5188892510749,1142.29080150598
SYR,2013,25.1049303726417,20.7425247885746,90.4,57.4890802923476,1.19065657189387,23.1936090167555,26.2,51.7014606106028,884.329813332104
SYR,2014,26.8601256184121,20.7425247885746,90.2,57.836455582599,1.19065657189387,19.4952280332547,28.09,53.6446463483332,847.659877206276
SYR,2015,33.1304622129369,20.7425247885746,90.0,57.7499354517999,1.19065657189387,15.4913360290372,29.9798,51.3782017580259,847.731631942565
SYR,2016,34.1668728227147,20.7425247885746,89.8,58.2098494025213,1.19065657189387,16.2367796314778,31.8696,49.5963475458074,802.969498335502
SYR,2017,37.39843224498363,20.7425247885746,89.6,57.9840518197579,1.19065657189387,17.2068649072566,32.7,42.1575275639277,795.883216970859
SYR,2018,37.39843224498363,20.7425247885746,86.0,58.4185870580212,1.19065657189387,18.4959516128679,33.77,42.4941671975066,792.413811698757
SYR,2019,37.39843224498363,20.7425247885746,89.2,58.9105779859731,1.19065657189387,15.9160468546957,34.65,43.3429083537083,771.518695271305
SYR,2020,33.8826886677658,20.7425247885746,89.0,56.9933473899456,1.19065657189387,21.0904043401274,34.65,45.0269069921069,740.811397013438
SYR,2021,37.39843224498363,20.7425247885746,88.8,56.5831531151572,1.19065657189387,18.6689356493411,34.65,41.2026068101273,734.334236323426
SYR,2022,37.39843224498363,20.7425247885746,89.0,57.1652015914187,1.19065657189387,12.0009587036365,34.65,44.9390534854858,712.272278200037
SYR,2023,37.39843224498363,20.7425247885746,88.4,57.6776017086609,1.19065657189387,12.0009587036365,34.65,44.9390534854858,712.272278200037
SYR,2024,37.39843224498363,20.7425247885746,88.4,58.1204009460911,1.19065657189387,12.0009587036365,34.65,44.9390534854858,712.272278200037
TCA,2004,1.28338455531603,32.8688540294339,95.7,49.9543541630426,-4.3599322772924545,16.7164539945321,8.350000000000001,74.1934700003377,37466.1822614725
TCA,2005,1.14828449459065,33.7215866396037,96.0,50.3642347768599,-4.3599322772924545,18.1991124795168,8.95,73.1614746015611,37466.1822614725
TCA,2006,0.972514567632394,34.8081787114827,96.2,50.6231769549281,-4.3599322772924545,20.2239117651337,11.3798,71.5067430493364,37466.1822614725
TCA,2007,0.898524867806953,37.7291069327007,96.6,50.6590283450837,-4.3599322772924545,19.9741431692717,14.8133,74.8427258270954,37466.1822614725
TCA,2008,0.568806190911156,39.431944966087855,96.9,50.9593888378512,-4.3599322772924545,19.5429612697117,19.5,77.4386681565904,38854.1075698814
TCA,2009,0.70082027828026,41.32547358889725,100.0,51.6048881399569,-4.3599322772924545,16.1996427636893,24.05,80.8938302786216,29988.5997375172
TCA,2010,0.611251215804586,42.195981646899696,100.0,52.5390147086811,-4.3599322772924545,11.9362889275876,28.33,83.4178815005504,29111.8729223189
TCA,2011,0.552233193070452,42.449202388170605,100.0,52.6145323962141,-4.3599322772924545,7.9283128949713,32.0,78.8909306819813,29363.9475927366
TCA,2012,0.515940483737729,43.24887542568235,93.1,53.1341994600021,-4.3599322772924545,8.08058613336407,35.34,77.8153996887787,27441.3335987017
TCA,2013,0.531547685236666,42.30243639204765,100.0,53.5430702246149,-4.3599322772924545,8.40723340375848,38.5,77.688433596501,26477.5410719582
TCA,2014,0.513482576403009,43.742921585242954,100.0,54.1410067239807,-4.3599322772924545,7.97110615144182,43.0074,76.194876673235,27636.8210228067
TCA,2015,0.411861920068554,47.51686846027865,100.0,54.4112830836989,-4.3599322772924545,8.25866152758946,46.5,75.3271431936595,29457.0140691162
TCA,2016,0.367779794655588,47.0982594371968,100.0,54.5049047408101,1.38011010932735,7.96687070223397,51.5,76.9783657965623,30183.0002949881
TCA,2017,0.377058294197292,45.600325891793204,100.0,54.188247670037,1.84213469921316,9.00290327373748,55.4032,76.1926545004082,42135.66185499995
TCA,2018,0.342988703741605,45.86608163933535,100.0,54.7593556383935,3.21281809957781,9.09559174301107,60.1126,75.7781346983898,42135.66185499995
TCA,2019,0.296536471507569,46.1406537653286,100.0,55.8657560901886,1.96536835982091,8.62929879475565,64.3,78.2816192582506,42135.66185499995
TCA,2020,0.437506192923027,51.46377338764225,99.4,56.0999877808229,3.31220825207674,11.1361550196159,70.0528,75.4690560733112,33739.4253991739
TCA,2021,0.355127019982062,47.77472256475425,100.0,55.305223900281,2.3203583782398,9.80865520005111,74.3716,74.0489575473186,42135.66185499995
TCA,2022,0.433018459416548,45.7439409376828,99.9,55.997466048887,2.44052271812869,10.0498633655924,76.6,72.4364575045725,42135.66185499995
TCA,2023,0.366825679384226,45.427065277604356,100.0,56.4243401985256,1.99307418959353,9.48175117001586,79.4848,73.5919685253681,42135.66185499995
TCA,2024,0.351671672268128,45.49182954994115,100.0,56.8251366111918,2.5209301366237,9.33694592231597,79.9923,72.6356697517672,42135.66185499995
TCD,2004,29.7742610425581,3.13376265896053,22.250000000000014,16.9877171363835,10.5541199124918,39.0982018059117,0.36092,28.6879271461279,845.518131173419
TCD,2005,29.2819873014385,1.95252225003226,22.250000000000014,17.2331958967404,-1.1476866334562,39.9644961738127,0.399258,29.1810706375521,952.871910097036
TCD,2006,32.1335493075332,1.69490431367969,22.250000000000014,17.4045074873435,-2.86740171976294,39.4591190324475,0.581046,27.0031286995248,914.210664598894
TCD,2007,29.351416386452,1.90885958094899,22.250000000000014,17.6459893403515,-2.96036446114529,41.0245051426906,0.847225,27.8661086086361,920.352815674967
TCD,2008,29.0575437948301,2.37779871540522,22.250000000000014,17.8542978340091,3.48233332294757,42.2215131050333,1.19,27.0698321111535,916.087274632505
TCD,2009,33.1566904523959,2.96502979878641,22.250000000000014,18.2892167070967,3.04360891943899,34.9025737106603,1.5,30.0492470258094,871.485311273077
TCD,2010,33.2509512944262,3.21497699838003,22.250000000000014,18.2848554090033,2.22641001271938,37.9286133933223,1.7,26.4840061921648,956.953018715651
TCD,2011,27.1563338879622,3.53708298939375,22.250000000000014,18.5799581091985,1.68950609671276,41.0747792133064,1.9,29.3196564962166,965.286963557057
TCD,2012,27.0843972280265,4.02102215723731,22.250000000000014,18.7482121173459,3.24047414068829,43.4028876654672,2.1,27.528208864441,1016.42152061894
TCD,2013,31.7128603274934,4.41495267416436,22.250000000000014,19.2096769756929,2.91179134022524,38.4745522079809,2.5,27.2750923582337,1008.61711429294
TCD,2014,31.1688076695246,5.99411802017464,22.250000000000014,19.4327806634488,-3.72317778039931,37.1094347348857,2.9,29.1571665027258,993.321157708395
TCD,2015,33.6210255108379,6.28199600168377,22.250000000000014,19.6862877764215,3.84380092336452,33.9182904673272,3.5,30.5025562206002,993.990730610869
TCD,2016,37.39843224498363,9.66896292279385,22.250000000000014,20.097177873994,1.87837153237555,25.3450186548517,5.8,33.3539046432824,923.56587204799
TCD,2017,37.39843224498363,9.10617708639334,22.250000000000014,20.4398616878438,2.72215531343515,26.4585882128612,6.4,32.4399116473542,879.075895466718
TCD,2018,37.39843224498363,8.24873656929464,22.250000000000014,20.6894179915525,3.00704966736056,29.0064942875454,7.0,30.7913779429149,898.834794007399
TCD,2019,37.39843224498363,7.54147312123575,22.250000000000014,20.9056761837965,3.80153819394825,28.75903709786,7.6,31.0792692848196,917.203710065059
TCD,2020,37.39843224498363,7.22915564060594,22.250000000000014,19.5413823141309,3.73465690769548,23.903002699075,8.34311,32.1091259774243,884.980541933197
TCD,2021,37.39843224498363,8.32290954891334,22.250000000000014,19.2995280500331,4.17913326043699,28.6098546099848,13.1283,30.7213002298951,857.527630579087
TCD,2022,35.2279823985979,8.32290954891334,22.250000000000014,19.1207990278327,3.44402627536712,33.0636052300641,12.4865,28.3478520444522,862.60212817252
TCD,2023,35.2160714364369,8.32290954891334,22.250000000000014,19.4424454927835,4.97994045498876,30.749163725071,13.1832,30.3203225347429,856.832488745342
TCD,2024,37.39843224498363,8.32290954891334,22.250000000000014,19.5723064383895,5.2230945466515,28.6836279280408,13.1832,29.7810046845,849.707321000625
TEA,2004,12.9313763627258,110.754901784507,93.2661505857218,32.467216543824,3.0726874790405,44.1357210013634,8.4,43.1189192757853,2868.75214281979
TEA,2005,11.7919118898351,104.657909453689,92.8453973742828,33.0319717373172,4.12232038116526,45.0993224171988,8.4,43.1248681707648,3131.70612955601
TEA,2006,11.032374791886,102.321901380115,94.0415260035912,33.9622545256888,4.04345940981001,45.572385606038,10.3,43.3523500110184,3450.72859160877
TEA,2007,10.8510058851208,100.242752701803,94.0514635510722,34.2871360742399,4.04802531338311,45.0088505830579,14.5,44.0950333427318,3849.69406453497
TEA,2008,10.9375803958089,96.9070736288031,94.6719920462074,34.973746867469,3.49526445759566,45.2102390125136,19.5,43.769083178028,4149.94050469473
TEA,2009,10.4916136789446,109.551547037996,95.3078523738531,35.8056970813264,2.37282711500903,44.2391855711414,24.0,45.2009100438126,4448.74654682988
TEA,2010,10.1802992117574,109.866884489333,95.898601883303,36.3142100570233,3.73120937344479,44.205670219351,29.3,45.0965075141474,4852.74429762631
TEA,2011,10.07590503867,108.703224217931,96.4018892391827,37.2107062318778,3.45331039240306,44.3995550338523,32.7,45.0901411812954,5228.04137782468
TEA,2012,9.86916790577569,114.553129059517,96.5865908716016,37.5902341818534,2.79572648286831,43.5315808583562,36.1,46.1835341589046,5575.0423073001
TEA,2013,9.59854970836196,120.356065921514,96.8583126264425,39.5106187325529,3.0057007391973,42.4202748554134,38.7,47.5647024579591,5931.59468379823
TEA,2014,9.23496282166681,126.037722133811,97.0127423122849,41.2139428202321,2.53737559559003,41.5168791060311,41.1,48.8417681607433,6296.46330191384
TEA,2015,8.8909809688778,137.353912922117,97.3350470103173,42.7268947347517,2.26120157630398,39.4896311083617,44.1,51.1852152558451,6664.48834577557
TEA,2016,8.60751874418628,139.946300814889,97.4026392373466,43.4282684169194,1.5924401819115,38.369337572609,50.2,52.5362497686212,7045.21470188624
TEA,2017,8.07252449062849,139.204295297604,98.1121893727336,43.9039980303822,1.58791839885176,38.6817696353986,54.6,52.7399784132064,7457.89049178297
TEA,2018,7.60111395294113,141.48987381863367,98.051229750632,44.4959724245056,1.84266475236629,38.6229156454481,59.8,53.287445275041,7894.2971157874
TEA,2019,7.65320887492118,141.48987381863367,98.2647901194399,45.1724581980778,1.49228247889908,37.5086771406525,64.3,54.3337886004909,8312.92246043013
TEA,2020,8.22494907213155,141.48987381863367,98.1521712499121,45.7266670017552,1.70379544519992,36.6764310161464,72.7,54.6488465148875,8386.63950211
TEA,2021,7.76755278039609,141.48987381863367,98.5259377999818,46.0710506636433,2.06377264151274,37.9131292981514,78.3,53.8855413810873,9005.72161441987
TEA,2022,7.76761964475469,141.48987381863367,98.5687468444318,45.7045601961562,1.29411459025809,37.9128570851469,82.3,53.8306357434109,9303.52211202573
TEA,2023,7.55287772221306,141.48987381863367,98.7474424069608,46.5678497582572,0.594425674272503,36.7525021830536,85.0,55.1907402180914,9774.45468650513
TEA,2024,7.46664149036025,141.48987381863367,98.7474424069608,46.9889034401673,0.503149766217418,36.4005261441141,86.8,55.6212481323525,10242.3676287334
TEC,2004,7.08568654807496,42.6499950072584,98.486641163599,53.1141199512451,3.65602469480383,29.1988605694805,14.6,51.6198837778408,5473.20161109334
TEC,2005,6.35950193527319,42.6499950072584,98.5682871495581,53.6396738201843,3.32510567017411,29.9072240506451,14.6,50.8363273125632,5833.95966556779
TEC,2006,5.64351883986843,42.6499950072584,98.6087161248617,54.3030288455872,5.1189282419023,30.2296033895677,17.7,51.0834770544486,6287.52395891241
TEC,2007,5.2597104516313,42.6499950072584,98.7246906181739,54.9882641534131,5.47785183794367,30.254859403006,23.0,51.8175687853361,6767.52508494844
TEC,2008,5.1486759879774,42.6499950072584,98.8132200078566,55.2370048287413,4.7385169127983,30.3615535761557,28.2,51.6912507956949,7054.20102951113
TEC,2009,5.51526735736654,44.9407829821982,98.9275231925627,56.4791648575903,3.47344019161048,29.1368326459955,34.7,53.9121802193667,6698.64285633554
TEC,2010,5.50011089929874,45.4794152271731,99.3287049619029,56.5449576532799,2.96547545852403,29.554687765427,40.0,52.7509323494374,6986.9535552226
TEC,2011,5.24099459283612,45.5989720114487,99.3269244879236,56.6695888512246,3.1690734367155,30.0057852265683,45.4,52.1955404271075,7364.90946811375
TEC,2012,4.91581611508994,47.0948750035259,99.6546769524838,57.0157691831183,2.5074223914981,29.5015122691888,50.7,53.2459674502252,7583.64863478186
TEC,2013,4.88832680236244,50.5119919154027,99.6978833009023,57.4336347032993,2.46176827640093,28.8084874923875,53.5,54.2473560739654,7799.56084853446
TEC,2014,5.11189003890185,54.2493186293547,99.7515903233231,57.8217732383247,1.95987577172723,28.9672508748594,57.7,53.9488960799819,7935.99050423519
TEC,2015,5.63243881604361,53.8714126617343,98.3318925466179,58.5300096349332,2.03449561440663,29.3322955136092,59.4,54.1830660448968,8009.61874995558
TEC,2016,5.53228723402545,53.0671247534486,99.6574040765117,58.9587157084458,3.21950099552479,29.0686581995453,63.3,54.5241243156554,8118.42014141453
TEC,2017,5.08695137391236,51.5954508121345,99.9282316965341,59.420589570774,2.20551239673348,29.6102230451374,67.0,54.6412139241494,8434.48840087775
TEC,2018,4.73887565517923,49.6760944814982,99.941528994937,59.7625099989341,1.75428508237551,30.4902282569314,71.8,53.8531026895925,8718.49343377415
TEC,2019,4.86624630870215,49.0910633765556,99.9069194604741,60.1788566182809,2.39786089987541,29.747296156317,75.2,54.8332178620356,8925.46203415138
TEC,2020,5.26358604616121,54.1267660798084,99.9520668153849,60.1542828715066,1.63056718270803,28.5353084269235,78.6,55.7042536125558,8778.05956344465
TEC,2021,4.92272426494869,50.3177897303548,99.9763873001269,60.3051209178536,2.93471498789805,30.0975101259777,82.6,54.1715131130896,9439.04843335798
TEC,2022,4.8301194234015,50.3177897303548,99.9954427619778,60.6717671177677,1.05360200270419,30.8110750148446,85.2,54.6257195901518,9668.43621903069
TEC,2023,4.52435107505432,50.3177897303548,100.0,61.4247451371898,1.48636579946935,28.9848435256274,87.3,56.3412964555888,10089.5680721267
TEC,2024,4.23874979226045,50.3177897303548,100.0,61.8422559144201,1.05681323811387,27.879321081441,88.9,57.7351119046753,10447.7265615175
TGO,2004,15.4058695261762,9.35311537935269,24.8,37.6744291740859,2.50559738999836,28.0385993487176,1.5,49.640805026636,678.28759996017
TGO,2005,17.3325641240129,10.1595456202612,26.5,36.8742022931764,2.97971035930976,24.4297143100711,1.8,51.4590483352783,630.248678309054
TGO,2006,16.9609148487036,11.2450790183166,27.9,37.2249576030208,2.75216144371014,25.0511547993418,2.0,50.5916665209396,629.079905835563
TGO,2007,16.9297833739432,16.1657346509353,30.0,37.7103004419253,1.65977178667302,26.2884068802458,2.2,49.1843669168086,603.83784338967
TGO,2008,20.68166838543,13.6233156636954,31.8,39.1012784770042,1.11146694137374,23.8623598669256,2.4,48.8432869805883,610.405413708475
TGO,2009,21.3483480008088,14.1762368872065,33.7,40.0754008006772,0.980635149082811,20.6628801268805,2.6,50.5030682140054,625.711511370434
TGO,2010,21.077801220787,15.7145169061165,30.8,42.1859805401688,2.63493273204289,20.3367703008535,3.0,50.6230186694827,644.5632812645
TGO,2011,19.8649717432319,20.0861035551256,39.7,44.2692987305349,11.010544401215425,21.7641490273027,3.5,50.8512251121876,663.96334052788
TGO,2012,20.975947911624,21.8767906182223,39.1,44.7892942955589,2.24458540176674,20.0154635557205,4.0,52.1384498382369,687.495464571464
TGO,2013,19.1395466909651,27.247557452577,41.0,45.3564383275644,3.04894540679557,22.1985252830239,4.5,51.3808071604133,709.09186114976
TGO,2014,19.3388381580273,25.4754223409385,45.7,45.6989508969242,0.844950465027458,23.8476899946971,5.7,48.4642413421922,730.291049611232
TGO,2015,18.9218601496344,29.1751266271894,44.7,46.2078169326623,4.48026975109969,22.8664405321196,7.12,49.1710391824831,751.051987587248
TGO,2016,20.385078914717,30.4171056281322,46.8,46.4824376845583,-0.76275824996834,20.8834101208291,11.31,50.351464002526,763.276185353302
TGO,2017,20.3155597844213,29.6398768907267,48.0,46.875599770897,1.38645400988561,20.4016230144725,12.3602,50.5464826373095,774.274897347436
TGO,2018,19.6494784155019,27.8062312207682,50.0,43.5470834582556,-2.57457902571647,21.0297583235942,15.5,50.5321112102312,791.592405216309
TGO,2019,19.5145900500186,27.5933113247189,52.5,40.8561441611217,4.9437244573784,19.3444197845633,20.7273,51.2376274476925,810.512262603518
TGO,2020,19.1725179891178,26.8935131331641,54.1,40.2253369204971,-0.79089727996859,20.0749387018129,29.0237,51.5098326585601,808.300697079208
TGO,2021,20.550806619999,26.2154849445079,55.7,40.7479987652152,-1.59478801736582,20.0216103603057,30.3384,49.7102678979533,829.786700130989
TGO,2022,21.2198485197121,26.5747677066157,57.2,42.0941124935767,-2.00429827129667,21.2257076314374,35.5105,48.7608627653264,861.508010803054
TGO,2023,21.3050482413181,26.0444538057973,59.2,43.0110972437097,0.812296154474204,20.8440819907588,37.0223,48.7706726912891,893.753030300995
TGO,2024,21.3288248148543,25.3467805975511,59.2,43.6019626304146,0.786342441379874,20.4297482322341,37.0223,49.160730242496,931.029965529857
THA,2004,9.29111013904814,106.362551068585,92.2,39.1671591507344,3.38947495269123,37.9023024950671,10.6773,52.8065873658848,4232.77157261934
THA,2005,9.19435528237181,106.362551068585,92.8,39.3855306647318,4.33958708070528,38.5052107116361,15.026,52.3004340059921,4372.25730206261
THA,2006,9.40199346621521,106.362551068585,99.1,39.6202892619507,4.0212567065949,39.146855883906,17.1607,51.4511506498788,4551.5250018314
THA,2007,9.3476847010693,106.362551068585,94.1,39.8817795670065,3.28356939351343,39.4313718771557,20.03,51.220943421775,4760.66708464831
THA,2008,10.0724338253633,105.759763937671,94.8,40.2904802023655,2.93824905393328,39.4796129651304,18.2,50.4479532095063,4805.76393990836
THA,2009,9.78703375942043,108.983352741425,99.0,40.6654511036242,2.27590224065624,38.6085988884387,20.1,51.6043673521408,4737.45679763314
THA,2010,10.5221756369849,115.747568600025,99.7,41.1111094017186,4.32320928209171,39.9217256985357,22.4,49.5560986644794,5059.35747831657
THA,2011,11.5917917775207,130.672937960862,99.3,39.5508996331619,0.667087644548593,37.9813982711097,23.6699,50.4268099513695,5070.23740191942
THA,2012,11.5041001535767,136.230998631992,99.1,38.0345908143519,3.24456444314608,37.343694137461,26.46,51.1522057089623,5403.87846036273
THA,2013,11.3222153379773,141.48987381863367,99.4,39.4398179617955,3.79126450872817,36.8985884648101,28.94,51.7791961972126,5516.61164164135
THA,2014,10.0889216151042,141.48987381863367,99.5,42.9532784417028,1.22145318013998,36.7630403655124,34.8861,53.1480380193834,5541.46599361845
THA,2015,8.87272364786793,141.48987381863367,99.6,43.94552128009,2.22468548959784,36.1791773262667,39.3161,54.9480990258654,5688.85335397884
THA,2016,8.47807696285562,141.48987381863367,99.9,45.0450446122349,0.843364340718618,35.586765405076,47.505,55.9351576320684,5857.78052935926
THA,2017,8.40641258665047,141.48987381863367,99.9,45.5701188910502,1.81550260101987,35.018759526322,52.8919,56.5748278870276,6076.74307700082
THA,2018,8.20181926195524,141.48987381863367,99.8,44.9530256388553,2.71279835138662,34.7424896675041,56.8175,57.0556910705407,6314.19948412043
THA,2019,8.1285680400948,141.48987381863367,99.9,45.6200634452476,1.01734877580041,33.5939105133265,66.6524,58.2775214465787,6434.53770518034
THA,2020,8.70285214673554,141.48987381863367,100.0,46.0077764439411,-0.857989527274493,33.2907229678575,77.8437,58.006424885407,6035.18627737077
THA,2021,8.69291293050797,141.48987381863367,100.0,45.8301350402289,3.04025282072429,35.0317119667993,85.2696,56.2753751026927,6121.52696529713
THA,2022,8.71945138441444,141.48987381863367,99.9,47.3414812840193,2.39179841841837,35.1217577031461,87.9772,56.1587909124394,6278.7855138276
THA,2023,8.5627759867239,141.48987381863367,100.0,47.8554430043835,2.00183400496619,32.9804093286492,89.5353,58.4568146846269,6408.41432577294
THA,2024,8.7111266189882,141.48987381863367,100.0,48.7593092354398,2.71636831286516,32.1359776535892,90.8672,59.1528957274226,6574.46109387985
TJK,2004,19.222350137013,26.8259020008471,98.5,26.3561857002901,11.010544401215425,30.916284273507,0.0774799,39.3300147552414,590.957111385699
TJK,2005,21.1916853994949,26.8259020008471,99.3,27.3778756429994,2.35601238535648,27.3665806344184,0.29869,40.6321982627036,618.333702588577
TJK,2006,21.4510669294712,26.8259020008471,98.6,28.2173826251649,11.010544401215425,27.3641700231382,3.77241,40.8678978490016,649.163328755334
TJK,2007,19.4347255630877,26.8259020008471,98.6,29.1603228257376,9.67777994325544,26.4284152322639,7.19762,42.870419543282,686.48090192413
TJK,2008,19.8672841249223,26.8259020008471,98.6,30.1913887127262,9.42813566158299,24.5575196250071,8.78,43.931778392726,726.185491338269
TJK,2009,18.5520032964103,22.8399014199433,99.0,31.1814952039938,2.993500899093,24.5088106260756,10.07,47.0368664711443,739.212878526331
TJK,2010,19.5866775137511,14.1705394515504,98.8,31.8648633510769,1.6649590356128,24.9766261519968,11.55,45.0918966612836,770.604105393791
TJK,2011,23.8355098416752,16.0370433930496,98.9,32.7582065881943,2.23653413214552,22.4687490647166,13.03,42.4317700383425,809.368229154093
TJK,2012,23.3268165616333,14.6483062804471,99.1,33.5386521999622,3.16697499395782,22.0426346192666,14.51,43.5186695830833,849.519080831738
TJK,2013,21.32088784652,18.5414239918311,99.0,34.4341377214302,3.351407966942,23.1151646451446,16.0,44.0608990762779,889.882383099979
TJK,2014,23.7737836738595,21.7753617742993,99.1,35.2620514542783,3.58397838530001,22.6047415105536,17.49,41.1105011545958,925.970961482804
TJK,2015,21.5905747207608,21.5739077641444,98.0,36.0190776504613,5.48892076080458,30.220213504702,18.98,39.1778381962344,956.916310930656
TJK,2016,20.8569765086156,19.0962287293006,99.3,36.9561631486579,3.45540459636672,32.2133662345342,20.47,37.1585846399819,997.352614556708
TJK,2017,20.2832963188861,13.0145857124699,99.3,37.8614619928,2.46572647891723,31.8468579622965,21.96,38.8761886138283,1042.26391757642
TJK,2018,19.7719647842925,11.9422524363348,99.3,38.7409242570097,2.84433010113639,34.3983608033865,23.821366666666666,36.7459808159957,1094.8002018221
TJK,2019,20.8670733588,11.582367305732,99.4,39.1331880709209,2.5637213527723,33.0621490637064,25.682733333333335,37.0798560987387,1148.34676712493
TJK,2020,22.6904308448361,13.0320029655913,99.5,37.5497817908059,1.30975252279444,33.7965394725715,27.5441,35.2521430281461,1171.90127480359
TJK,2021,22.4490805460825,10.3441984160481,99.6,37.2634510192095,0.94025522151091,35.177682602153,49.8409,33.3755786470221,1254.06999592306
TJK,2022,22.9348537040845,10.4170792945354,100.0,37.6679897786625,1.62432287476597,34.702580856427,53.1078,34.1105264182187,1325.75545290849
TJK,2023,22.8588621065173,12.2229106929242,100.0,38.1241398794172,1.14813698883392,33.6387708593471,56.791,34.7082666200741,1407.1075436221
TJK,2024,22.8588621065173,12.2229106929242,100.0,38.6065449782327,2.05083616601343,33.6387708593471,56.791,34.7082666200741,1496.33813395037
TKM,2004,18.3554592251422,32.8688540294339,99.5,38.0431942485464,5.17229951232728,37.8718504470333,0.754054,38.1901923597941,2364.26725156856
TKM,2005,18.5319970886289,33.7215866396037,99.5,38.9845079026927,5.16047701696434,37.0639941772577,0.997257,42.9404848552713,2622.61796328876
TKM,2006,17.1978740617556,34.8081787114827,99.8,39.7963051183177,7.11222302125938,35.7901703447346,1.31957,45.6114432109308,2856.77457038028
TKM,2007,18.8548148148148,37.7291069327007,99.6,40.5040100249107,6.75922962962963,37.7096296296296,1.40636,42.2903703703704,3114.06330033038
TKM,2008,10.7216494845361,39.431944966087855,99.6,40.7906282563716,6.62635738831615,51.54601351155545,1.75,27.2151968870022,3504.34843278483
TKM,2009,10.5153529707868,41.32547358889725,99.7,41.4369366790106,11.010544401215425,51.54601351155545,1.95,27.0005643019562,3645.43522420841
TKM,2010,11.3405425561667,42.195981646899696,100.0,42.1619026571396,11.010544401215425,51.54601351155545,3.0,28.1435350051273,3900.14237925855
TKM,2011,8.88435455800276,42.449202388170605,99.8,42.7661799369817,11.010544401215425,51.54601351155545,5.0,25.2463541979235,4379.74943394339
TKM,2012,8.50146680237083,43.24887542568235,99.9,43.4125828259491,8.90000000898042,51.54601351155545,7.1958,24.9186772835219,4761.0792759807
TKM,2013,8.47439420658294,42.30243639204765,99.9,44.1282124154776,7.30000002103605,51.54601351155545,9.6,28.0978937097742,5131.16736462999
TKM,2014,8.2954435522879,43.742921585242954,100.0,44.821859962191,8.8000010883235,51.54601351155545,12.2,31.0349553384283,5533.03528846527
TKM,2015,9.30653875928778,47.51686846027865,100.0,45.5695363512862,8.49997845154391,51.54601351155545,14.9968,36.4001308869185,5759.497903834
TKM,2016,10.5274383259738,47.0982594371968,100.0,46.1691249216455,6.20181210651458,51.4325436635517,17.9903,38.0400180104745,5977.83828113854
TKM,2017,11.1178074761568,45.600325891793204,100.0,46.8249725669417,5.49999584909072,47.0438896506004,21.251,41.8383028732428,6222.55590558882
TKM,2018,11.0415688363389,45.86608163933535,100.0,47.4094986710467,3.9411831208517,44.9063982786535,21.251,44.0520328850076,6460.94356849428
TKM,2019,10.8113571045068,46.1406537653286,99.9,47.9731469760554,4.54209517895884,42.4122793165524,21.251,46.7763635789407,6718.16608056274
TKM,2020,11.4920524061037,51.46377338764225,100.0,47.5891954705378,3.45999795208479,37.3826880265398,21.251,51.1252595673566,6965.11226889286
TKM,2021,11.8079599602345,47.77472256475425,100.0,47.8011879435923,3.17156362954225,37.1241986904803,21.251,51.0678413492852,7248.70763225719
TKM,2022,10.9344870689238,45.7439409376828,100.0,48.1369792486735,2.21764501242202,40.4477669790021,21.251,48.6177459520741,7551.03650143157
TKM,2023,11.291652725482,45.427065277604356,100.0,48.6618024058371,3.00321589469314,39.272199471256,21.251,49.436147803262,7880.44528570939
TKM,2024,12.1667430789981,45.49182954994115,100.0,49.08990355134,3.2007384018073,37.4826200082708,21.251,50.350636912731,8231.49544263659
TLA,2004,6.12389390660889,22.6821934853339,93.0888207078371,60.2343635765463,2.9660117492973,33.7152266480882,16.7,63.2370990886882,6799.16603256747
TLA,2005,5.6109160036101,24.6368881120548,93.3985919750135,60.4678779262024,2.78105359702586,33.8181284981016,16.7,63.3261400673588,6997.41671457478
TLA,2006,5.35888570438473,27.9204928210951,94.1560638664242,61.0740391809202,2.34505111863876,34.4060067539538,20.9,62.950531233495,7284.10053840676
TLA,2007,5.49348994457361,31.8238278907511,94.3767313243229,61.4950321066309,3.32005393928665,33.4816508585826,23.9,63.4514602768958,7589.79512008476
TLA,2008,5.62701643931968,34.2419065176135,95.1417588634308,61.8895799393413,3.34926340466649,33.5707367129959,26.7,63.0429216675329,7789.84445398257
TLA,2009,5.65619835790547,36.2723716685577,95.3459322821858,62.5357263918015,2.21129940968139,30.8013168909006,31.3,65.5989424468326,7519.31125343201
TLA,2010,5.54617684516198,39.1005314950645,95.8089207427824,62.9042099855364,3.25452036818176,32.1103490173868,35.0,63.838570421611,7913.95492804608
TLA,2011,5.61836723359967,42.8104699586673,96.1182240318495,63.2900835132146,3.54467798033026,31.8991002189057,39.7,63.8416341944554,8184.33972606365
TLA,2012,5.26084946498488,45.0173133459896,96.5092457202988,63.6264326462762,3.57770894175578,31.1578957509184,43.4,64.2005981212907,8315.26653499428
TLA,2013,5.56405404697627,47.0438267322983,96.8091782999087,63.8483644603867,3.3444633897643,30.6910339740984,46.4,66.5089006304982,8457.50619153367
TLA,2014,5.60374814198843,49.0336983599321,97.0005516962811,64.0581027592664,3.2147586023942,30.313591156685,49.0,67.6324522813133,8473.88677256195
TLA,2015,5.61156753901474,48.6145144830711,97.2323920529293,64.3789132671506,3.45309035982654,29.5497926192358,54.7,69.4928687882819,8404.37747196218
TLA,2016,6.20607463736339,48.1984872317152,97.4280893456675,64.8660412070137,3.40940119201038,28.5513684608887,57.7,70.2009577820025,8260.3745502491
TLA,2017,5.88646680716367,48.1742516006626,97.6633402843345,65.0243226875271,2.92428047310947,28.7506009178806,60.2,70.399221317934,8315.64171218597
TLA,2018,5.66675851247072,52.663057124427,97.7078847938323,65.2074225989946,3.24320802686122,29.8202298385642,63.5,70.0270589729084,8349.28798690798
TLA,2019,5.69083360380651,50.8493804233625,97.9522021469941,65.7366157137365,3.05089622093513,29.7797350659615,67.7,70.6873433839353,8303.9522722113
TLA,2020,6.88359925986874,54.7611867719889,98.106453253093,64.8273236572688,2.40938498980078,29.951454919328,73.8,70.2259079856023,7684.38521376063
TLA,2021,7.24839666408359,51.360516418543,98.2338083621938,64.7859987756352,2.86143026480751,32.256175922503,75.9,66.9116358439502,8192.97514505256
TLA,2022,6.88810103055837,50.7080990604077,98.5448799242171,65.5067727298809,3.47338620763777,32.9348330980467,77.3,66.854560365693,8477.18379868743
TLA,2023,6.82172115765525,50.8882304396029,98.3852491204833,66.1386450797342,2.57271608695916,32.2901870576516,80.2,67.6037009827785,8612.78979317984
TLA,2024,6.77684674936527,52.1682934472263,98.3852491204833,66.4885962365825,2.83331506416656,31.3604728768101,81.8,67.6380637072029,8746.2934214582
TLS,2004,30.7884120856639,20.0517256524293,30.4,37.6723822815937,0.196422873807942,5.49680073339855,0.0990318,60.1709626473106,955.470489028291
TLS,2005,28.912519189315,22.9108912626461,33.5,38.1088817425863,0.196422873807942,5.29247593737281,0.0990318,63.1631179960321,964.026656178075
TLS,2006,32.2042820006634,24.5618742192851,36.7,38.1934898300031,1.86827372807191,5.03931378115436,0.5,63.0790873311866,897.573801807644
TLS,2007,29.9974079471763,18.5156576785379,36.6,38.6811054103996,1.60190394822128,5.31519604811852,1.0,62.9410561494259,961.848415522858
TLS,2008,30.1555171644663,15.7972678106361,43.1,38.9248951582158,6.12128417638544,7.70251167026116,1.5,62.4300730234878,1042.86833768293
TLS,2009,24.9628653860518,14.2433499666624,46.3,39.5948938772893,6.59681588921818,10.0345846512573,2.0,67.4845974302176,1120.09693594876
TLS,2010,25.5964075072135,12.4341572851024,38.0,39.9003967249093,3.43944724816262,9.13730561255393,3.0,68.9278978667205,1195.38066079604
TLS,2011,22.1602384152073,12.7364754124307,52.7,40.403502864503,4.70566335701583,12.9857431156539,4.0,66.9707384487337,1237.48380284894
TLS,2012,25.7964964541939,13.7916513591713,56.0,40.5272971086373,3.47958024159337,12.7911410611587,7.0,69.1261390665029,1269.41625561248
TLS,2013,21.3199901661023,13.0233993079526,59.2,40.7721234288576,4.00200675225529,20.1062137855102,11.0,61.4654241460327,1281.92864043187
TLS,2014,21.0507057054394,13.2474809331342,62.4,41.3672720941115,2.34229136010836,16.979297360775,17.5,63.4873022465488,1312.96494988639
TLS,2015,17.8277597138551,13.322336267546,67.3,42.2032926460289,2.70363935182192,18.3707616020673,18.6,63.7293233062767,1319.59295003154
TLS,2016,17.0630748051211,12.67653068945,76.5,42.7484513311079,0.333972458756695,19.2291160430386,21.2,66.2385242647841,1333.65856117568
TLS,2017,17.1293873843569,16.3807804187487,79.5,44.4724447244472,0.423750951361252,15.7805274141176,24.2,69.0436245454103,1267.08661597675
TLS,2018,17.7713603889577,16.0577019350861,85.2,46.0375502647033,3.08007810122631,16.4990210288231,27.6,68.5325604648274,1237.2006590123
TLS,2019,14.1291559454173,12.9706038186397,90.6,47.3812350538391,-4.3599322772924545,30.4131457216274,28.0046,55.2347900537954,1507.24743550088
TLS,2020,13.2621541684503,13.4246471058541,96.0,48.7874724801775,-4.3599322772924545,36.7520096715526,32.0127,48.3283693622085,1947.83992943521
TLS,2021,8.67018133853856,8.37597685359829,100.0,50.6345377267626,-4.3599322772924545,51.54601351155545,35.042,30.4493624326776,2015.82035757039
TLS,2022,10.3246249601855,12.7236024114007,99.7,47.5863212903049,1.67248575304862,51.54601351155545,34.5102,36.3217129540431,1579.71085276403
TLS,2023,17.1798113250775,23.6829887559702,100.0,48.5113233909527,5.87499269142466,23.8680417124592,34.0207,60.9992911764734,1279.21122757564
TLS,2024,20.1605204711386,34.793207276323,100.0,49.832710225301,11.010544401215425,11.8214186288296,34.0207,71.6305202418539,1149.21888298011
TMN,2004,11.5564217481122,29.2917474081404,83.7666973214964,42.7268830857194,1.62084377762164,37.5709815780189,7.4,46.9397102087404,2498.0483965743
TMN,2005,10.7093375894394,29.3313768189875,84.8054610893122,42.9246309895436,2.42459716193941,40.360256077993,7.4,46.089939456861,2561.89007487955
TMN,2006,10.4843762048149,30.7198160666124,86.6225518861902,42.8056427927585,3.52800862821609,41.5623895140004,8.3,45.7104071068793,2640.5399369682
TMN,2007,10.0040260059479,31.4844201274352,86.0502685841007,42.7646041455425,3.27326272311683,41.6189653680772,9.6,46.3541584243603,2734.2054667671
TMN,2008,9.22239339654898,30.1050380342663,87.0398617493712,42.9239367727448,2.81311973332301,43.2532415364585,11.6,45.8746046571535,2767.73209152447
TMN,2009,10.6157928975322,32.30302061817,87.72245737765,43.6481803040718,2.21987954467876,37.45035263886,13.4,49.1450029341838,2782.93412660241
TMN,2010,10.1611983152161,35.8548880055716,89.718636418982,43.7115282396021,1.7301438073155,39.4923505588995,15.3,48.1160857632671,2854.82931988365
TMN,2011,9.6659818433497,35.0351452671281,89.9389892888994,44.088397411593,0.962139568888316,40.3579900190638,16.7,47.5985167977231,2783.21080824354
TMN,2012,9.91785021306885,33.5990035762489,91.0963754860192,44.3221872594396,1.19411752959628,40.1101717580548,18.6,48.6347505579418,2824.63821117317
TMN,2013,10.9608798178225,31.255570455675,92.4917628816355,44.564109941601,0.942297696898858,38.7385083623208,21.1,48.7510918331538,2801.57595101198
TMN,2014,11.309486902121,33.205758652478,93.4524577644192,44.8460846649168,0.519150467511013,36.3528239952759,24.5,50.6632564902179,2816.94028870906
TMN,2015,12.2295635611794,35.9119321659789,92.7799106414588,45.2928985234487,0.635717427167304,30.7811402859563,27.4,54.3676683881496,2799.45441811583
TMN,2016,11.6632333714605,39.0554723630972,94.6688585064836,45.3084162415896,0.904869256823829,29.8294816438993,30.6,54.7944410233378,2906.72067314977
TMN,2017,11.4630774670388,30.5401326640131,95.5938136477709,45.9573994884524,1.07451226583381,31.5372413460414,34.6,53.3006150536906,2956.16092955273
TMN,2018,11.6678965523793,26.4606498625727,94.4715748209862,47.2631446141172,0.96337843305207,33.0137839632206,37.4,51.5846140600296,2965.86693458956
TMN,2019,11.8864858033317,26.4792638244113,95.6135456463624,47.0937115506067,0.964373034995509,32.3903960626191,41.3,52.1698819022219,2954.09492790131
TMN,2020,12.8217342730639,30.45744802593,95.8888561743117,46.5577848827411,0.770083362922926,28.9060563878401,46.2,54.3043039491417,2828.39465134815
TMN,2021,12.4833113694205,30.0846257285311,96.0681260042218,46.735747823308,0.622384445864816,33.1042331351597,50.0,50.1916009398008,2900.57960405182
TMN,2022,11.860200676682,28.246963358208,95.4516981935493,47.2323449022067,0.857283524810093,37.1049539381829,53.8,47.2795603758787,2975.47966425011
TMN,2023,12.4436149465136,28.0434792661494,96.0574946837091,47.5704713060073,0.718758678507798,34.7809950761327,55.7,48.6928153881286,3009.34133947192
TMN,2024,13.2866430293117,21.904359857432,96.0574946837091,47.5722514001041,2.35451754569171,33.2740041526689,57.8,48.9899918863808,3029.88305321206
TON,2004,20.2479896638834,40.5739621660327,88.3,41.2945933968535,2.39886931834874,16.5603761993835,3.95237,49.6719952820383,3928.06014016386
TON,2005,17.7608711887512,52.8295328320472,89.0,41.7936117936118,2.29371409620501,16.6647322768346,4.90778,51.3193096967317,3880.07037654517
TON,2006,15.7717863584054,48.2297487246819,92.3,42.3133826496301,3.75983551599556,15.3239515886713,5.85394,53.5471797873232,3775.24832512712
TON,2007,16.7079851952487,55.0752205750382,90.5,42.4626965990052,5.89035555053906,15.7013029178113,7.17987,51.5911160117564,3665.89534379299
TON,2008,14.7436009055831,52.2729543044676,91.2,42.4721089894872,6.24719241143554,15.5113181085154,8.11077,52.8115110841061,3833.60152751942
TON,2009,15.5131326816281,48.0063486470451,92.0,42.9463639531455,0.0790635732994994,16.7737154226022,10.0,54.6604882663289,3630.76081551536
TON,2010,16.4379858757354,39.9212043564535,92.8,42.8108079129363,1.27041874988286,18.0424982701103,16.0,53.59398087421,3653.97801722796
TON,2011,17.0659562210843,33.0058540853059,92.2,42.2163730124624,1.8451444721178,19.0875708794809,25.0,51.759830275415,3892.76791192676
TON,2012,16.6359974823467,30.5928191254486,92.8,42.2164086520309,-0.178618753397925,18.8662320133186,30.0,51.8379094160783,3932.59350453286
TON,2013,17.0733080496623,30.6048722313723,95.1,42.4765784114053,1.38770980540009,15.8952134096482,32.754,54.2264528206162,3962.16964095596
TON,2014,16.3195864502861,31.4960594089787,95.9,42.3789173789174,3.00261120308574,16.128191902045,35.9544,54.0689079635097,4058.815614369
TON,2015,16.8506630377007,34.0432334101122,100.0,42.2608359346943,3.37347770551723,15.5472098085233,38.6513,53.361564916895,4123.90323993332
TON,2016,16.6067318041161,37.3893351738726,97.0,42.2871154703522,3.9505771329227,15.9723714684611,39.95,52.0575358946629,4419.81472868939
TON,2017,16.8193763932722,38.0234934951747,98.2,42.4884999439022,-3.40708330022208,16.4212234408385,46.2,50.5829610861853,4568.62468668733
TON,2018,17.2484111586777,39.3003534960615,99.0,42.8020818680546,4.70301138186589,15.2201451230749,49.037150000000004,50.6181386855361,4583.5594849415
TON,2019,18.5717317231686,38.2103378023803,98.4,44.0377603798649,-1.20711457204864,15.3617863881286,51.874300000000005,49.8380063460624,4566.07497816235
TON,2020,17.0936648906636,37.8225169665748,99.9,44.5539404097911,0.754966505925585,14.7467498085241,54.71145,52.3603852636519,4647.0076512901
TON,2021,16.5218698536287,36.3990634096723,100.0,45.8330918574326,0.049775545023486,16.2977959370298,57.5486,50.6877563480256,4612.90046969933
TON,2022,17.4256261468486,35.9655059744696,100.0,49.1935246937157,0.523176247933185,17.2421442273298,57.7181,49.4278077254326,4533.96790206106
TON,2023,18.9589256874773,35.652195146772,100.0,52.181438376604,0.44357392332268,14.865250461644,58.5334,49.9890087748987,4680.29974543195
TON,2024,18.9589256874773,34.7987341488737,100.0,52.4747093462177,0.44357392332268,14.865250461644,58.5334,49.9890087748987,4680.29974543195
TSA,2004,17.9321315131747,35.3022277966035,61.4842830339197,26.4222720592912,0.767550401081283,28.545866460436,2.1,45.2475645257591,887.193101602536
TSA,2005,17.6689778127792,38.9548190507306,65.8536460162923,26.89895733349,0.910493814513681,28.9493927117665,2.1,45.477268350491,940.169909002488
TSA,2006,16.8648783060837,42.4240630844613,65.9250452204118,27.1610363484295,1.99913938709784,30.2976473640553,2.6,45.0881725951123,999.335555409877
TSA,2007,16.785086441848,44.4739603484425,69.284881859242,27.328868071987,1.98888634869785,30.3632999656029,3.7,44.9558790212456,1059.31634791841
TSA,2008,16.849448668349,47.9119532463636,71.778258866002,27.4462069733369,3.3897100639576,30.4832372420253,4.1,46.7757051361696,1081.2982713599
TSA,2009,16.7600134372755,46.7723142876329,72.9865860973521,27.6151806577203,2.46854000195289,30.5200919895241,4.9,46.8808432885683,1145.46231062146
TSA,2010,16.8930158905074,49.1721042734115,74.0765736340237,27.7571162991198,1.57694747966974,30.1141518295215,7.1,45.8607677083025,1222.51823014544
TSA,2011,17.0366460242953,50.0823103352988,77.3091651585732,28.5052577930905,1.91950208926934,29.6069218824429,9.4,46.2479945058876,1272.07513809819
TSA,2012,16.61438397213,50.6352215196364,78.4195444509049,29.2638040278419,1.30544520810878,29.0057872674921,10.4,47.0704031645754,1326.51107396561
TSA,2013,16.7917603986718,50.8834179462707,80.8474532030691,30.0010338167602,1.52261906733736,28.1675334184236,11.7,47.5219394010532,1392.20217841536
TSA,2014,16.4571378451147,50.6372743619375,82.8480224291431,30.8496605611148,1.65285180154311,27.4984024298739,13.0,48.5534542413087,1475.2167650201
TSA,2015,15.8639854037471,50.8279903704044,86.5327784624672,31.755690114787,1.98287661699412,27.2213156084037,14.7,48.5557337959813,1570.54142462917
TSA,2016,15.840158325655,47.9193637107811,88.3184480403398,32.5855376821147,1.80131482385993,27.0437625990505,16.7,48.3458663229601,1676.35409782334
TSA,2017,15.9809524259761,48.0105890861142,91.3983728307397,33.5731313376892,1.42351639395301,26.9539492631074,18.8,48.2354175759492,1770.26291324586
TSA,2018,15.4635300677565,49.4234553175081,94.8192024055978,34.3621703973984,1.48107709058223,26.933539766077,20.9,48.9022109076685,1863.72112646654
TSA,2019,16.0202862799375,49.6676595395294,95.4698953988653,35.0418112438588,1.63995853907748,25.4550715858992,29.7,50.3738078845492,1920.39706317474
TSA,2020,17.6272947129221,53.0236112186572,96.4013617397441,32.7945874662368,2.10813560808958,25.976390980484,42.5,48.7092723970005,1806.99045389559
TSA,2021,16.5532517639304,49.4135077389426,99.3693129133951,32.6087101712526,1.28837189007855,27.1503504982647,48.0,48.4994797046135,1957.51785309013
TSA,2022,15.795939950266,49.4135077389426,99.0895114731934,32.2446800837938,1.35427437156322,26.3092218083012,54.2,50.0842306839028,2079.70096055151
TSA,2023,15.5250404264479,49.4135077389426,99.4087889697405,32.4374515485147,0.739506939363832,26.1261014704949,58.3,49.9723368980993,2236.80860471582
TSA,2024,15.6315608377676,49.4135077389426,99.4087889697405,33.1635272458682,0.667087532823414,25.4482842781708,62.8,50.2816803610529,2355.24832417956
TSS,2004,15.1335224338036,51.4830292915161,29.3700290990251,30.3917593131174,1.81785721290715,27.6444729427631,2.0,49.3461175702086,1324.51853793772
TSS,2005,15.0503143780196,53.2559512040208,29.3529629714108,30.696816759144,2.3697167144022,28.4588257846901,2.0,48.4923090895222,1366.27424482585
TSS,2006,15.1869640197821,55.0510782913573,31.2016431937494,31.1028160215091,1.68103115329245,28.0008575211178,2.5,49.2116818827608,1409.85883394612
TSS,2007,15.6544494174601,55.7140119765567,32.517987745478,31.5474187366934,2.57443802232054,28.323511997872,3.4,48.3631713508924,1456.1661697907
TSS,2008,16.9037027307719,46.342569241451,32.4033521062592,31.9710977512744,3.01611847958137,29.4319661475733,3.8,46.871738109258,1490.09370157274
TSS,2009,17.2453891294277,48.9651232622898,32.6264486462032,32.3979464069186,2.97984797961441,25.8321973548858,4.5,50.8128113838978,1495.15888390986
TSS,2010,15.8916307608059,50.41705070815,33.3352475874151,33.1927221713067,2.2885668869732,27.3283387816626,6.1,50.9546982001283,1542.53215408965
TSS,2011,14.6378615212266,46.2128138417354,35.9008197096736,33.6585037171054,2.54640544486952,29.3253321263105,7.6,50.2280358396468,1567.63762624075
TSS,2012,15.1529490644339,45.8211730269456,36.7762778723704,34.1703979042875,2.68897843320726,29.0179369359296,9.2,50.4345252332702,1576.31411158834
TSS,2013,15.2555300851108,42.5289106844271,38.0320042025018,34.232141812707,2.22159771421085,28.2494675496847,11.1,50.9087108683839,1612.24237571721
TSS,2014,15.5674809294389,41.6089279327093,38.3544769303453,34.8748650360341,2.32062787934291,27.2529583979748,13.3,51.346344764441,1643.26781016129
TSS,2015,16.3194810830291,41.1005263507842,39.1996500160838,35.4087713924884,2.67805945213605,24.0845054213634,16.1,53.835772716541,1646.44941139316
TSS,2016,16.4129142762294,41.9099193359543,43.8301651403807,35.8576327351913,2.13216814237982,23.2720012370008,18.2,54.1024546281981,1623.17708645872
TSS,2017,15.737113236178,43.4741547115081,43.7628194566177,36.4193936906947,1.69573711022854,24.9900049159572,19.9,52.9739084222655,1620.53648783766
TSS,2018,15.6943912249101,39.9368769792042,46.4166752425457,37.177626531105,1.58634507216478,26.4005791467245,22.1,51.7649001038512,1622.24137160361
TSS,2019,18.2462585717647,34.4765329833125,47.1974168154517,38.1026374080218,1.37263965377933,24.6825416417323,24.4,51.5589510083586,1621.5953888781
TSS,2020,20.1524027992858,32.9502204877738,48.5450389491045,36.5544543508218,1.22632930816952,23.1451882109321,26.8,50.9824848087034,1529.24894566347
TSS,2021,19.4467816142709,31.5771491651411,50.6566448640617,36.5369275022843,3.3249788491975,24.0158267444545,28.9,49.4638898865942,1545.45220046021
TSS,2022,19.3834436394016,29.6724754293245,51.5873775845363,37.130505760738,1.61678481190362,24.8176549407583,31.1,48.178742942336,1568.7119148255
TSS,2023,19.2369714001153,29.6724754293245,53.2558710664349,37.494032509861,2.04111253047589,24.9807752766816,32.1,49.3114942334585,1572.0784357913
TSS,2024,17.9547772160309,29.6724754293245,53.2558710664349,38.0949514679411,2.27442939976329,25.2670056835849,33.3,49.6231621747335,1589.32982537075
TTO,2004,0.761483945963904,37.9611653638537,96.8,64.3476390164334,7.51564800520554,51.54601351155545,27.0243,44.6881097437752,13657.2534995604
TTO,2005,0.483999190377517,33.4922025534705,95.0,64.1212027158099,5.87959659171048,51.54601351155545,28.9767,39.7489177075892,15075.4179709902
TTO,2006,0.566876991369423,32.6949924188848,100.0,64.2959936654935,4.80528416565147,51.54601351155545,30.0037,38.0397488161066,17021.2241679562
TTO,2007,0.371661707526332,32.0528227672441,100.0,64.0831884844383,3.83520271627024,51.54601351155545,32.3,39.4961026633322,17758.6995224652
TTO,2008,0.365514424327618,26.7082524124637,100.0,63.7563037902662,10.0489432656806,51.54601351155545,34.8,35.1757002222638,18285.2735441992
TTO,2009,0.595145826393538,35.953442069315,99.0,65.2598862093777,3.69859111717232,51.54601351155545,44.3,46.5265844994937,17461.9640940055
TTO,2010,0.52014610527508,30.8454608441119,100.0,66.107818408302,2.47947454143897,51.54601351155545,48.5,45.5105190135062,17938.0949459463
TTO,2011,0.456542570355529,28.1256397873844,97.5,67.3344118696224,0.161394418487235,51.54601351155545,55.2,42.9861638522819,17746.509252615
TTO,2012,0.623861527345923,26.9736796419355,100.0,67.3005885344765,-4.3599322772924545,46.824089797969,57.5,48.8095089697225,18835.6674122954
TTO,2013,0.712770738302384,26.6322849931321,100.0,67.3681629767315,-3.95638927717075,44.9801407863582,59.9,50.6821858808063,19392.1974593783
TTO,2014,0.668563339608001,27.6874607290947,100.0,67.7620048331603,2.24404378789224,43.6313576106985,62.4,52.5878080897699,20032.5402001718
TTO,2015,0.922053426020572,32.5688299021442,100.0,68.1744034203851,0.658801127950337,35.9770489547931,65.1,58.4973695044904,19887.2327716498
TTO,2016,0.992434424479726,36.6555281398849,100.0,69.0147715907701,-0.0998893521188151,34.414585903593,67.8,60.4763530772082,18331.034459758
TTO,2017,1.08634326162954,37.4884810643255,100.0,69.5661578929152,-1.97594519661626,36.1358259277044,70.6,59.2270588976263,17402.6155328454
TTO,2018,0.964517699370851,38.9371724667601,100.0,69.7920062408093,-2.93172548825317,37.7745988816805,72.8,57.1942310594603,17205.615135339
TTO,2019,0.765052940992269,41.4484338507219,100.0,70.1639339615555,0.783604895019003,35.1969693154596,75.0,60.2873612338274,17225.361633712
TTO,2020,1.06202921275842,46.4559824126942,100.0,70.5232464387317,5.0552618910961,31.1526187371636,77.2813,62.7187078179489,15679.9611486825
TTO,2021,0.908362622380658,40.7829583273103,100.0,70.3037713682898,-3.85907284846354,39.0474290567464,84.3658,54.8667322210833,15558.0940536829
TTO,2022,0.762815650228413,37.1271998467827,100.0,71.2899441258854,4.1369722626234,45.6757832765475,84.4957,51.0989302956917,15712.230497272
TTO,2023,0.835855107201165,45.529190336265,98.7,70.5762815625611,-4.3599322772924545,34.5053817954523,84.6994,60.3331524538457,15922.7668349788
TTO,2024,0.777630166856125,48.3766326687665,98.7,71.1301596317669,-1.76782828873977,34.6437057869849,84.6994,59.1817694915092,16312.4849555716
TUN,2004,9.90254515493647,49.6164802183182,99.0,48.764247138427,1.89888949723214,25.5797726482743,8.52882,55.8026185357313,3218.72320748457
TUN,2005,9.16983114804996,50.065558636163,99.2,49.0909544567822,2.20844919497596,26.4335697738291,9.65509,56.3292015953763,3301.93817216029
TUN,2006,9.28070949947767,48.5995857004839,99.4,48.3361240179611,9.42473369729129,27.1847312495356,12.9864,56.5741910385915,3444.5513526091
TUN,2007,8.64201987385816,48.0115559813836,99.4,48.5209926495507,3.89395159860218,28.9083416057516,17.1,56.0306430426456,3642.11977444786
TUN,2008,7.8486499786515,48.5083070989921,99.4,48.5340858221377,5.79738619600755,31.44941852471,27.53,55.0762394795308,3760.11828478704
TUN,2009,8.45660665471427,49.9770695318279,99.5,49.2802674878886,3.50988118042442,28.0412153272481,34.07,56.0072736940413,3835.25011939301
TUN,2010,6.846146170059,52.247103865602,99.5,48.706335325918,2.88814231758981,29.5235517709565,36.8,55.8976948687167,3906.90625867605
TUN,2011,7.57684450427472,57.9347986271264,99.5,49.9851018167066,0.899077534980039,30.54812597421,39.1,56.8340831798214,3784.7412903401
TUN,2012,8.30025725587419,57.8520427359494,99.5,49.8774515346372,3.28518933963283,30.1215368230456,41.4416,57.0947002042078,3900.04620132702
TUN,2013,7.96930864809374,57.9598823065191,99.7,51.3515046707682,2.1744128074392,29.1379467288349,43.8,58.023672140101,3947.58763533174
TUN,2014,8.57165956609159,59.8085555890782,99.8,51.6865279625141,2.03842746868013,27.1288836396189,46.16,57.5059874486204,4021.59954703591
TUN,2015,9.20589918732503,60.1365541399108,99.9,52.1444504729137,2.11999260597179,24.8970515198959,46.5,58.9457719298636,4014.94773686432
TUN,2016,8.52541115305462,62.2469554675417,100.0,51.8814728403907,1.40344558640993,24.0076023041992,49.6,59.7022255944941,4015.28893802703
TUN,2017,8.986045690927,64.7537285373031,100.0,51.897944819299,1.9233125677007,23.624101204276,55.5002,60.2679109708219,4062.80606534519
TUN,2018,9.88852551876126,63.5224389825305,99.8,51.7580786978565,2.32248034984414,23.6862252235906,64.1908,59.4591341366813,4127.97005697994
TUN,2019,9.76625873287072,59.2903583224447,100.0,51.6911609821987,1.94487649950903,23.2353115777678,66.7,59.9417090281883,4153.27978615515
TUN,2020,10.3917002295357,67.6567184648518,99.9,52.3499098791437,1.46634304906862,21.5120069019708,68.5564,60.1899882930928,3749.26841452928
TUN,2021,10.0900379034943,64.667534646183,99.9,53.1810296325456,1.16289301361367,23.3568690771039,68.3155,59.5291634928382,3902.53322990199
TUN,2022,10.8217247722212,66.0067667517737,100.0,54.4020945060499,1.43159199894021,25.9624438396638,70.5532,61.0687406100635,3986.54558325666
TUN,2023,9.47367928951245,62.730565226498,100.0,53.8354109813461,1.46351333844229,24.0937583898893,72.3542,62.0931279377135,3967.33387634534
TUN,2024,9.73863393101929,60.6117249735149,100.0,54.0394899080975,1.4797736580075,22.5572512872385,72.3542,62.6074263616937,4006.20588267443
TUR,2004,9.30334217653319,33.1628558443028,99.7,44.9654919129034,0.679008638958041,25.1592284848331,14.58,53.0924442854082,7061.62219794984
TUR,2005,9.1349746278064,33.1628558443028,99.7,46.8205265806255,1.97338571270823,25.2941440738888,15.46,53.0676190740982,7623.14640948457
TUR,2006,8.06197674009426,33.1628558443028,99.7,47.9971667964894,3.60660172381881,26.0949736856779,18.24,53.4630321736613,8078.5153787571
TUR,2007,7.41825141005247,33.1628558443028,99.7,48.5615921023594,3.21746696332257,26.4310925169888,28.63,54.9271377639359,8477.53328393352
TUR,2008,7.38022403324347,33.1628558443028,99.7,48.2922734358337,2.56004537243285,26.2111946844741,34.37,55.5939145088505,8447.93976396947
TUR,2009,8.01952664747498,36.8190783164554,99.7,50.4980929308769,1.31290302296241,24.0534082630626,36.4,57.2740017785727,7925.30110421185
TUR,2010,8.90737962747164,44.0459707563417,100.0,48.8084234551382,1.16274364749147,24.5086143505767,39.82,54.658291110913,8472.57809050119
TUR,2011,8.1265846445357,48.7422084050823,100.0,48.113242934227,1.91686136260632,26.8475365830986,43.0657,53.1764169502883,9265.85910238578
TUR,2012,7.658344974583,51.5586765950105,100.0,49.1484126619667,1.55241965245755,26.6835564000517,45.13,54.0902575185714,9588.32066531438
TUR,2013,6.64997261417217,59.9792914244142,100.0,49.4079602306569,1.40962960980578,27.7513691316392,46.25,53.3643455931878,10269.4489140773
TUR,2014,6.53828042868413,63.2376327204216,100.0,49.8563381497761,1.41530142282668,28.1981753928692,51.0374,53.828575166833,10597.9801881716
TUR,2015,6.87689834308907,66.3898521051604,100.0,51.1649146782078,2.225752648523,27.9632974104138,53.745,53.3668283175625,11064.6494504662
TUR,2016,6.26556196399699,69.2826364676668,100.0,52.5147859531733,1.58873607703875,28.3385128402288,58.3477,53.6443880043807,11279.6169531569
TUR,2017,6.19642323537778,70.0844027288208,100.0,52.8757257995552,1.29532700760314,29.0347245862534,64.6846,53.5617425067038,12005.6459824832
TUR,2018,6.00418639185492,66.6976668187438,100.0,53.6652229439553,1.57923380202967,29.1851848904908,71.0428,54.6144926867008,12255.0082146169
TUR,2019,6.6541535628227,64.2557519386267,100.0,55.3302838988809,1.22536076199392,27.0679926930773,73.9767,56.5329774818317,12238.2950220128
TUR,2020,6.89122590909685,75.5094343220432,100.0,54.9412870858126,1.02531493703228,27.7974533640579,77.6696,54.5738221616136,12338.643833135
TUR,2021,5.70488171636816,71.2345140192264,100.0,55.2686306061318,1.50891969619413,30.8205598235418,81.4084,53.1953606066903,13670.938029516
TUR,2022,6.69360961922604,53.5788591173048,100.0,56.6236043226678,1.48839623728753,30.890102398727,83.4372,52.1784720579494,14273.5747654873
TUR,2023,6.38984597795627,48.8843016975863,100.0,57.7639762862523,0.933806495534912,28.1932800305474,85.9607,54.3519824455967,14932.8851363122
TUR,2024,5.82042467876951,43.0192369465191,100.0,58.0799462166807,0.860701598247461,25.5035682450148,87.3079,57.5212773580131,15395.0278894893
TUV,2004,17.6477419354839,32.8688540294339,95.3,49.9543541630426,-0.0513057875857508,8.99612903225806,7.6,52.85130246178795,3042.6128529965
TUV,2005,19.4333333333333,33.7215866396037,95.5,50.3642347768599,-0.049835027314228,7.41766666666667,8.3,52.4846053485375,2864.90524160208
TUV,2006,21.659375,34.8081787114827,95.7,50.6231769549281,-0.0439171144323173,5.403125,9.1,52.6231255383584,2900.92710155819
TUV,2007,22.0794117647059,37.7291069327007,96.7,50.6590283450837,-0.0388537261065432,7.44117647058824,10.0,52.919469790753894,3069.67368184077
TUV,2008,21.0105263157895,39.431944966087855,96.2,50.9593888378512,5.29515256931844,12.2605263157895,11.2,52.7186368304904,3230.22109521715
TUV,2009,23.3388888888889,41.32547358889725,96.5,51.6048881399569,6.23669078552393,11.0388888888889,12.8,54.2005121911789,2987.80397939993
TUV,2010,26.5142857142857,42.195981646899696,96.7,52.5390147086811,1.41793409770446,5.52571428571429,14.6,53.8127811770917,2879.29645720352
TUV,2011,25.8263157894737,42.449202388170605,97.0,52.6145323962141,-0.303818658053084,8.89210526315789,16.5,53.5003535486051,3028.2511217061
TUV,2012,19.6247368421053,43.24887542568235,97.7,53.1341994600021,3.36770368726284,7.635,18.7,53.9227923543527,2922.07629963849
TUV,2013,19.0145,42.30243639204765,97.6,53.5430702246149,0.8726977275,7.49075,21.2,54.5155556703844,3030.55285189857
TUV,2014,18.2441860465116,43.742921585242954,97.9,54.1410067239807,0.773974186046512,7.39348837209302,24.1,54.1589184045774,3035.24325598472
TUV,2015,15.9163265306122,47.51686846027865,98.1,54.4112830836989,0.81495306122449,7.01551020408163,27.3,55.437236334029,3357.83417700071
TUV,2016,15.9163265306122,47.0982594371968,97.3,54.5049047408101,0.720650357142857,7.01551020408163,31.0,56.1222358547004,3558.61212970652
TUV,2017,15.9163265306122,45.600325891793204,98.7,54.188247670037,0.662593990689801,7.01551020408163,35.2,55.9261229091602,3666.20189700038
TUV,2018,15.9163265306122,45.86608163933535,99.0,54.7593556383935,0.622427121663383,7.01551020408163,42.2865,55.454732268099,3757.85997284742
TUV,2019,15.9163265306122,46.1406537653286,99.7,55.8657560901886,0.552184660028822,7.01551020408163,50.7996,55.7984028554324,4345.99606453315
TUV,2020,15.9163265306122,51.46377338764225,99.4,56.0999877808229,0.193249432786911,7.01551020408163,61.0265,56.5504512594544,4233.0183205634
TUV,2021,15.9163265306122,47.77472256475425,99.7,55.305223900281,0.331298850213827,7.01551020408163,73.3124,54.8181795722183,4396.04894488478
TUV,2022,15.9163265306122,45.7439409376828,100.0,55.997466048887,0.337639353401454,7.01551020408163,73.5846,55.0819768141029,4515.29701517492
TUV,2023,15.9163265306122,45.427065277604356,100.0,56.4243401985256,0.267002517757908,7.01551020408163,74.3146,56.7354628143178,4773.34085526672
TZA,2004,25.7058139887433,7.10967570724658,22.250000000000014,20.762643991286,2.65421873789577,23.1054997824457,0.877575,45.0959930932601,650.516540527344
TZA,2005,24.6488410843814,7.82538446283459,22.250000000000014,21.2852945364371,5.08562696835774,22.9395155844488,1.1,45.078966625744,680.051208496094
TZA,2006,23.6693107278646,9.79002002817653,22.250000000000014,21.7787865639182,2.16456512450246,22.84522243779,1.3,45.5521443499129,704.502746582031
TZA,2007,23.245488236772,11.4689486745392,22.250000000000014,22.3199100756048,2.66011088834969,23.1971900747875,1.6,45.5364294139161,731.52001953125
TZA,2008,24.7654938768997,11.9110255361168,22.250000000000014,22.5601796475837,4.94943766923668,23.7375391938967,1.9,43.7191784966665,752.540466308594
TZA,2009,26.0351903601219,11.2673883570686,22.250000000000014,22.960035699913,3.24017488387777,21.6769086388074,2.4,44.5514742946567,772.929565429688
TZA,2010,25.582406886144,11.7182622747407,22.250000000000014,23.382619470679,5.66396796617806,23.5561736572068,2.9,43.3162282485783,801.29931640625
TZA,2011,24.9768644460885,12.3549632083654,22.250000000000014,23.9544312674525,3.54720849735785,26.3820840879185,3.2,41.4050375845078,838.999267578125
TZA,2012,26.5509265207861,12.8184488909643,22.250000000000014,24.2406769255426,4.53878496380622,25.3994987211663,3.95,40.6114766481977,851.910705566406
TZA,2013,26.7908679172376,12.5373332966711,22.250000000000014,24.7864900149072,4.57242839319348,25.4467450324696,4.4,40.2655507384318,882.8115234375
TZA,2014,25.8025774475571,13.3037348078978,23.5,25.3290007832003,2.8329281892962,25.1415034758525,7.0,41.2956954905769,913.811218261719
TZA,2015,26.745885729563,14.6135380844234,26.2,25.701666312269,3.17633492826527,24.4873501095853,10.0,40.4311664337765,939.127319335938
TZA,2016,27.4441425717754,13.670306797678,32.8,26.1048423584264,1.73591210997565,24.8583993681558,13.5042,39.4485885215938,970.156127929688
TZA,2017,28.7534809528128,13.0765127755534,32.1,26.4880374864395,1.76011643802415,25.0421511861537,14.4634,37.961527710078,1001.55895996094
TZA,2018,27.868599477377,12.7000393990914,34.9,26.8580913328661,1.70440979499363,27.0077655110967,15.4907,37.2427988727653,1024.01525878906
TZA,2019,26.5943119516018,12.6383081530206,37.7,27.275619823813,1.99459353959393,28.6718333565052,16.5909,36.83250438588,1051.7666015625
TZA,2020,25.254901665343,12.4351808144123,39.9,26.2239695903453,1.42845965174632,27.0844502877132,17.7693,34.2374729758264,1041.25964355469
TZA,2021,24.7884506158783,12.9776126678887,42.7,26.1363296109795,1.68494347865961,27.2961418878518,19.0314,32.5519716058525,1054.31726074219
TZA,2022,24.2569694569552,15.1576772705188,45.8,26.402286761983,1.89781100360764,27.6848111756783,22.101,30.6423919827317,1070.58532714844
TZA,2023,23.6871473778631,16.386679568119,48.3,26.7938240159534,2.08641570952108,28.0339433523146,29.0638,28.6974346292653,1092.86413574219
TZA,2024,23.3180780856465,16.7547897044924,48.3,26.8590825384721,2.17843632795407,28.5715529790176,29.0638,29.5630742231974,1120.77416992188
UGA,2004,21.6703526422179,11.6564025152961,22.250000000000014,21.7250601428571,3.72085072270846,20.8640088141741,0.719971,52.0323458233141,585.339489080616
UGA,2005,25.0749361336647,11.6564025152961,22.250000000000014,20.9590983524254,4.11082611076276,23.5101064935397,1.74221,45.3122507865985,604.404813057618
UGA,2006,24.0349329838703,11.6564025152961,22.250000000000014,20.7592706629462,6.45705802026041,22.7661611506903,2.52936,47.119794496076,650.270540867444
UGA,2007,22.2781136788689,11.6564025152961,22.250000000000014,20.2596208297104,6.65659725038112,25.0773314305706,3.67197,46.9260980681393,684.542241787248
UGA,2008,21.3845985625607,11.6564025152961,22.250000000000014,19.7212605775205,5.04737190164171,25.768110035453,3.88,46.8958814777585,722.565167003452
UGA,2009,34.872859937466,11.6564025152961,22.250000000000014,19.140321590148,3.3491615513943,27.2861852856713,4.1,44.6270560606876,749.342865535423
UGA,2010,32.8680090776536,11.6564025152961,22.250000000000014,25.2486594684072,2.03900471067451,27.5918336188994,4.3,44.7858823687755,768.624091660131
UGA,2011,28.9692474777902,11.6564025152961,22.250000000000014,23.6964655798047,3.2086060344385,27.5582956754514,4.6,45.776796908869,816.516366587228
UGA,2012,27.177257747558,12.1676494161807,22.250000000000014,23.9931620962764,4.41438584859015,27.1786073378959,4.8,44.4441204774638,823.580468285493
UGA,2013,26.0303237402959,12.2262302358289,22.250000000000014,19.5492558333028,3.79031709675384,25.4646646803777,5.1,44.5372887962385,828.988669729986
UGA,2014,24.8199759353437,12.9035596137235,22.250000000000014,21.2769958088453,3.24589612959273,25.222682012996,5.4,44.0459519330973,845.978664791099
UGA,2015,23.4723696930371,13.7686115419746,22.250000000000014,21.430293399778,2.27760507458345,27.1098848763257,5.8,44.2988124381619,862.934610355811
UGA,2016,22.6603227869887,13.6400887820262,26.7,21.5728757769581,2.1425304891559,26.1664603884593,5.9,44.4324164008995,874.648370639216
UGA,2017,23.4588353827426,13.4819167027351,32.4,21.6916191237897,2.61088918011351,26.0309948147929,6.275,43.4784994061797,871.093880017151
UGA,2018,23.2502935412734,13.6392294214659,41.9,26.0039954848086,3.20512810607337,26.2360116484378,6.65,43.3388930035876,895.07512785438
UGA,2019,22.9455088065564,13.8050637116228,41.3,30.8909811725393,3.68569218154174,26.6204366953482,7.025,42.9981110493193,920.939101515671
UGA,2020,23.9290337205103,14.2204016385665,42.1,27.8803190915849,3.16881317773755,26.4905245869762,7.4,42.8380040896187,917.0350317644
UGA,2021,23.8418038272172,14.7869665338727,45.2,26.1975081257831,4.06673785760736,27.149441688847,10.0,41.8463858299692,919.401675217265
UGA,2022,24.0117220529553,15.0891724993299,47.1,26.4977054608869,6.48067616265599,26.7661486333726,11.1246,41.6521408721143,933.094056370423
UGA,2023,24.0895746897278,14.8125509462497,51.5,26.9232663241872,6.13816501913594,25.7532114394482,15.2524,42.5125306078843,955.745797275462
UGA,2024,24.618950598633,14.3001761811715,51.5,27.3611464419171,6.04170465829259,24.8658125296098,8.94983,43.1413581135321,986.090145363924
UKR,2004,10.4370371199069,84.5638428852733,99.4,56.6857762871947,2.55131815944331,29.3717696283534,3.48948,51.2225068802721,2042.44494628906
UKR,2005,8.87530749467009,84.5638428852733,99.9,56.8593650204589,8.7495509827803,30.1861914393484,3.74976,49.3819493795441,2122.6015625
UKR,2006,7.23906141043294,84.5638428852733,99.5,57.0675365007567,5.00872538573992,30.5434517130428,4.50612,49.823191473546,2298.13232421875
UKR,2007,6.28300133403275,84.5638428852733,99.8,57.2634662175775,6.8531805098082,30.6585222325477,6.55,51.6170820097297,2498.35205078125
UKR,2008,6.53540152136768,84.5638428852733,99.8,57.4769375647815,5.68814936936009,28.083434007624,11.0,52.878376373485,2567.69409179688
UKR,2009,6.90539595920772,87.3499751359184,99.9,57.8369298346387,3.9234187670663,24.759831137373,17.9,55.9948766791758,2188.17016601563
UKR,2010,7.40220509822994,75.751902571565,100.0,57.9365839950932,4.56840018285092,25.6492814021248,23.3,55.4893203103736,2285.93383789063
UKR,2011,8.15022183877887,68.4838585766983,100.0,57.9411994174618,4.256089748054,24.8391242667758,28.7083,53.5003535486051,2418.12084960938
UKR,2012,7.76131248389414,66.9838104671062,99.9,58.086907693182,4.47720109403357,24.2660524050508,35.27,54.4753052575019,2426.92944335938
UKR,2013,8.69230562102956,70.6911717468944,100.0,59.1131641267273,2.36694390135139,22.4302649907366,40.9541,56.6426976003131,2432.41625976563
UKR,2014,10.1546081548161,75.2288456319954,100.0,59.2777078638239,0.634438528402592,22.8189915653958,46.236,54.1589184045774,2308.6435546875
UKR,2015,12.0593761063371,56.6577541315204,100.0,60.223778079053,-0.217508398305494,21.7279577419459,48.8846,51.1686439927907,2094.47387695313
UKR,2016,11.7257009089167,47.3071300933366,100.0,60.3379793925637,4.42178946686191,23.1783620717483,53.001,49.9142479962203,2156.0830078125
UKR,2017,10.1776550393512,38.3051472985388,100.0,60.4750218111947,3.28306130596563,23.2888002154817,58.8895,50.9587159917712,2217.7529296875
UKR,2018,10.1395331070229,34.5118586409827,100.0,60.7838620142784,3.80086991777664,23.2933329813033,62.5532,51.3323027091522,2308.6669921875
UKR,2019,8.96518101437243,30.0270685880177,100.0,61.1148627352899,3.76649676088543,22.5804196823995,70.1248,54.4855197050788,2398.07836914063
UKR,2020,9.31015109807472,28.1751542458628,100.0,61.1408093685508,0.194103193490519,20.7999429657705,75.0379,55.7900164518172,2324.107421875
UKR,2021,10.8857721063269,23.5556488725732,100.0,60.6651539753775,3.98166133947207,23.1537142195647,79.2183,51.9054004247779,2426.6123046875
UKR,2022,8.57297627041519,23.316037813157,100.0,60.6651539753775,0.136428578229067,18.0108316024427,82.6753,61.7172292872421,1874.66296386719
UKR,2023,7.55194546256383,18.6466208363539,100.0,60.6651539753775,2.52287921090664,19.0867598647608,82.3755,61.211871946742,2164.26123046875
UKR,2024,7.11116658934678,18.6466208363539,100.0,60.6651539753775,2.1065185105382,19.0250669209845,82.3755,60.6158989452331,2219.04248046875
UMC,2004,8.84746464474372,68.4238531158286,95.8757221291525,38.8454561964207,2.80133269801342,37.0870522629478,10.2,49.3021717352194,4069.5833421864
UMC,2005,8.01745316948868,66.0042840584841,95.7242684970584,39.4156673667594,3.35459094267118,37.5978787756421,10.2,49.33221418895,4340.46159471507
UMC,2006,7.54501408401519,67.361436932553,96.6830833993331,40.3155821447841,3.22132155004302,38.2550818980845,12.5,49.3035702511771,4676.07510610399
UMC,2007,7.55652257779305,69.7208032973139,96.8312352259995,40.6772954067962,3.68469484202387,38.0129101608512,16.6,49.6248602072213,5078.7612280631
UMC,2008,7.66820172302211,66.8227559989718,97.3006939075634,41.34543376965,3.33827018163236,38.7472884893415,21.2,48.9371535519874,5356.37188864324
UMC,2009,7.74549461760769,78.9470046997942,97.7115595192027,42.2524506466293,2.35303124095817,37.4125634076814,25.8,50.5476155801908,5500.85154302411
UMC,2010,7.57534717591635,80.5630388005513,98.2012683195219,42.7554786344476,3.31169773123577,37.7327829888041,30.6,50.0064376775368,5923.1985183612
UMC,2011,7.5026266650535,81.5707787634299,98.4156997389488,43.5724127601728,3.23339766883536,38.3082279044589,34.5,49.5560174496868,6280.70261021177
UMC,2012,7.49515147615128,87.2211456379822,98.6507857543902,43.926640522792,2.7890436618112,38.07111364933,38.3,50.1575321127111,6583.74590160709
UMC,2013,7.54977228983868,92.9361061222465,98.8163975569597,45.586031900433,2.85011971368499,37.2291907186773,41.4,51.0425418458719,6893.44299401399
UMC,2014,7.4441911616718,98.6446766834027,98.9184889422887,47.0805815711318,2.4229430554879,36.5929431632129,44.3,51.9996875751286,7174.24712646659
UMC,2015,7.46172066330347,109.602441460704,98.9983511185364,48.3992540133857,2.31738116767499,35.1947323146697,47.9,53.7408007487486,7435.76486473308
UMC,2016,7.39072620652941,111.866109191529,99.0344942337774,49.0575625827323,1.96393920854632,34.4422248598504,53.3,54.6461242017917,7713.6658752299
UMC,2017,6.9501172735243,112.140189230496,99.1608269162571,49.4943309560822,1.77879092338886,34.7586262830423,57.7,54.7467607373313,8062.58107378635
UMC,2018,6.67268382686118,118.928366634488,99.1796087241328,50.0175921406053,2.00626657454653,35.3586074874979,62.2,54.7814931388952,8396.09643945285
UMC,2019,6.79121988438589,121.880528242149,99.2771270394009,50.7130658478683,1.69414629880722,34.453906263634,67.5,55.6705663906013,8690.67729327633
UMC,2020,7.49517687345557,138.789796909641,99.2175769160247,50.822227228111,1.70262808505938,34.0053788198061,74.9,55.811006884224,8611.33439075379
UMC,2021,7.1732069998305,135.403354583453,99.4356373038317,51.1157876763424,2.16953254137016,35.7321526313766,79.4,54.3629873800057,9237.86507507475
UMC,2022,7.09964042291733,136.589207956608,99.5088717815517,51.0300696253211,1.58067998064145,35.9037551985216,82.7,54.1726853613519,9532.80274711637
UMC,2023,6.90424692168593,139.087829978275,99.4286124139067,51.7734810864802,0.958009579733667,34.4258495318649,85.3,55.5849718020582,9948.674954332
UMC,2024,6.81397889145137,141.48987381863367,99.4286124139067,52.2441413036467,0.88388514667332,33.7326382003236,86.9,56.1766082295891,10332.0594464473
URY,2004,10.9967908719866,24.1933895956931,98.0,68.066414537689,2.57711736584849,22.4348058065943,17.0631,56.273519277708,10366.9067382871
URY,2005,8.74583674336276,22.4749430738691,98.0,68.4239123826662,4.76089085880271,23.7753368710773,20.0882,56.7126964200122,11131.3984890038
URY,2006,8.91384522998833,23.7519352815852,98.5,68.8383220645994,7.64053554410063,22.8965222038345,29.4,56.7931196789588,11574.470540231
URY,2007,8.49936418864264,23.0299725881958,98.7,68.4243821778975,5.70951115694377,23.644048640083,34.0,56.8756501677862,12310.482735502
URY,2008,9.16892403649034,27.1685339479512,98.8,68.6524904965526,6.88302281006264,22.7673513144942,39.3,57.6398268194825,13165.83628166
URY,2009,7.88699609562802,19.8647260994371,99.1,68.8254832988761,4.89964589428753,24.0794070442123,41.8,58.374156373453,13691.71420689
URY,2010,7.20206450749149,21.4040361151246,99.3,67.7524061732133,5.22300143125049,24.5288557176886,46.4,58.2442690748379,14722.3780081191
URY,2011,8.82916199856249,21.9739905078767,99.2,70.2498032493303,5.34359480768242,22.7051202439987,51.4047,58.2909901542234,15443.9961926395
URY,2012,8.12177248512393,22.1705291861539,99.6,71.1873964286365,11.010544401215425,22.8622289256151,54.4538,59.3390519472429,15949.3176985435
URY,2013,7.61620062705491,24.3768815230441,99.6,70.042614804736,1.60901257578737,23.6692403427945,57.69,59.1028562755059,16639.4054750651
URY,2014,6.73546217242537,25.1667931664776,99.7,70.7376772866409,6.6430584199945,24.7006411459084,61.4625,59.0956557074816,17122.0364563225
URY,2015,6.13144194290358,27.8140085275854,99.7,71.5880286722176,4.6342339444993,25.4417580545225,64.5708,59.3254707453324,17125.9016800298
URY,2016,6.67871966293107,25.6815822953668,99.7,72.61074753248,-0.897082488190792,18.8673144534742,66.4,63.5189622671981,17357.2349992841
URY,2017,5.40639904878287,23.9263156750777,99.8,72.3688708531956,4.13270996152796,18.0319037217202,70.3224,65.35917582282,17611.6036701032
URY,2018,5.823866393323,24.944851219691,99.8,73.2888990452976,2.64222389301977,18.3333886744675,80.7268,64.7307517847279,17608.9441195037
URY,2019,6.50279559696965,25.3082543138449,99.9,73.6265591464296,2.35703341175475,17.5601694192064,83.3515,64.883275928797,17758.4384372986
URY,2020,7.20670291373453,27.8846373005871,100.0,73.497070175709,1.81750744846519,16.9555909661564,85.471,64.6189887676901,16443.3635000843
URY,2021,7.73426774499001,26.7129770999909,100.0,73.1547890638217,8.50404179273101,17.7321588983411,87.6444,63.3790070063297,17416.0052208869
URY,2022,6.91840277577074,26.6238341080853,100.0,73.3299693990494,11.010544401215425,17.7086542108617,89.873,63.767241941677,18228.3558443761
URY,2023,6.09100939846272,28.577104248513,100.0,72.6403679570717,-4.3599322772924545,16.7520259965349,89.896,65.6523687606962,18378.9833563662
URY,2024,6.42188821840422,31.0792040544241,100.0,72.9175447010323,-4.3599322772924545,16.7572573016825,91.9911,65.2627436197817,18958.6033293537
USA,2004,1.26548363027696,141.48987381863367,100.0,75.8851332377365,1.74869134454691,20.9500365551967,64.7583,74.1637865273611,42135.66185499995
USA,2005,1.1505065593333,141.48987381863367,100.0,76.066494367741,1.09166213272067,21.206269818199,67.9681,74.0256826905582,42135.66185499995
USA,2006,1.00948718664602,141.48987381863367,100.0,75.9946618722503,2.16033528740671,21.5869617861711,68.9312,73.7013684205001,42135.66185499995
USA,2007,1.07512397740734,141.48987381863367,100.0,76.3029810018474,2.39469093772646,21.423882162085,75.0,73.9220618222027,42135.66185499995
USA,2008,1.05300059714298,141.48987381863367,100.0,76.9321577342298,2.30937902080946,20.793507368224,74.0,74.6195360403017,42135.66185499995
USA,2009,0.960285892029002,141.48987381863367,100.0,78.3806586965558,1.11260034220261,19.2684772980173,71.0,76.514334508786,42135.66185499995
USA,2010,1.02943733820679,141.48987381863367,100.0,78.6583650732479,1.75453268550496,19.3102572393851,71.69,76.2772193576192,42135.66185499995
USA,2011,1.20055910284662,141.48987381863367,100.0,78.5679642618167,1.68911277121237,19.407502343174,69.7295,75.9014962160953,42135.66185499995
USA,2012,1.14932964297306,141.48987381863367,100.0,78.6183249587623,1.54020811932936,19.1626113169507,74.7,76.1638003426071,42135.66185499995
USA,2013,1.32108416447024,141.48987381863367,100.0,78.4672386465152,1.71066753395925,19.2416260217373,71.4,75.8160535750448,42135.66185499995
USA,2014,1.17206510494526,141.48987381863367,100.0,78.3945970965234,1.43502130688419,19.3315152083176,73.0,75.8275409731137,42135.66185499995
USA,2015,1.03393378310334,141.48987381863367,100.0,78.4249562193854,2.80914762910409,18.5871320435183,74.5542,76.7423962861671,42135.66185499995
USA,2016,0.942644552842604,141.48987381863367,100.0,78.5031793161537,2.53749765919682,18.0422212818459,85.5444,77.4396929034265,42135.66185499995
USA,2017,0.946868677532138,141.48987381863367,100.0,78.5619258229225,1.95521086285051,18.4354240836094,87.2749,77.0329386939218,42135.66185499995
USA,2018,0.903900642655548,141.48987381863367,100.0,78.4780350193183,1.0457039920427,18.6308982431189,88.4989,76.7355386223548,42135.66185499995
USA,2019,0.838812891431208,141.48987381863367,100.0,78.4587894445038,1.47787452846554,18.2804280414808,89.4303,77.181114155661,42135.66185499995
USA,2020,0.948847431791134,141.48987381863367,100.0,78.8351929532077,0.650821071352324,17.5084284843618,90.3447,78.137486413611,42135.66185499995
USA,2021,0.959566656543433,141.48987381863367,100.0,79.1539306226998,2.04998648308338,17.8846533610262,91.2684,77.5992103112853,42135.66185499995
USA,2022,0.959566656543433,141.48987381863367,100.0,79.1026785021045,1.62816817042838,17.8846533610262,92.2016,77.5992103112853,42135.66185499995
USA,2023,0.959566656543433,141.48987381863367,100.0,79.0947316958393,1.32618252590589,17.8846533610262,93.1444,77.5992103112853,42135.66185499995
USA,2024,0.959566656543433,141.48987381863367,100.0,79.3873005029237,1.03321085618604,17.8846533610262,93.1444,77.5992103112853,42135.66185499995
UZB,2004,26.4440094608923,9.32772666327798,99.5,46.7401931970193,1.46799380148438,22.3056846912976,2.59373,37.1821221760052,1466.6134889113
UZB,2005,26.3310599495083,9.32772666327798,99.4,47.3414436569819,1.49216056466347,26.0120326061017,3.34351,37.0429682103068,1549.04577531643
UZB,2006,25.0794086599227,9.32772666327798,99.5,47.9202209184004,1.19530557570436,26.8384702412792,6.38832,37.9585228805817,1643.14645619601
UZB,2007,23.235899255055,9.32772666327798,99.5,48.559982663252,2.99176207276698,26.8627172756297,7.4906,39.7591344448386,1773.75803693248
UZB,2008,19.6896057973097,9.32772666327798,99.5,49.2064774543675,1.85438789059302,29.0650709010567,9.08011,41.3540741805193,1904.45855506712
UZB,2009,18.6326849699042,9.32772666327798,99.5,49.7275239932175,1.81985173937585,30.3526438159739,11.9,41.365775808294,2025.04298646098
UZB,2010,26.9220273127255,9.32772666327798,99.6,50.218148399184,3.34115466012917,21.2295148101409,15.9,39.8595567411616,2144.6400056546
UZB,2011,29.698578103928,9.32772666327798,99.7,49.9163008256639,2.68375111593279,19.7779804592697,18.6,39.260037092941,2271.00936223002
UZB,2012,28.9635566978791,9.32772666327798,99.7,50.4348867373135,1.10230120247607,20.427938155189,23.6,39.3875670838463,2395.84036755728
UZB,2013,27.8106018166029,9.32772666327798,99.8,49.8547557204896,0.945033981533171,21.2945196362137,26.8,40.5052999365533,2530.68447898703
UZB,2014,28.6963289476955,10.0297316084589,99.8,49.4610032686896,1.00027476951682,22.0708925481202,35.5,39.3947149528111,2659.99075095273
UZB,2015,29.2207185669537,10.3096258694192,99.9,49.5141016394757,1.20794015152469,22.520460823215,42.8,39.1570431690355,2803.19018021751
UZB,2016,29.2766543055556,11.7537734525025,99.9,49.5224994841197,1.93048466413592,22.9212712989472,46.7913,39.0199518935618,2918.67725852903
UZB,2017,25.4562457149834,14.0633269127664,100.0,49.7932678560571,2.57993736270607,24.7253778434458,48.7,40.0577872690276,2995.76761437743
UZB,2018,23.9262624393086,20.4256335757578,100.0,50.6852179650404,1.06427628704368,28.6428986359695,55.2,37.8086435877441,3108.1618786112
UZB,2019,21.8419117411197,25.8580592156528,100.0,50.5896924101986,3.44235052410005,31.9991183695607,70.4,38.5474434831914,3259.36964632494
UZB,2020,22.5277110093492,32.1742913237435,100.0,49.3795091794828,2.60108803608825,32.0252433250071,71.1,38.806479436163,3249.05191094018
UZB,2021,22.1547283093166,32.0554536910015,99.9,49.3126019234068,2.94839500995796,32.3968180112869,76.5904,39.1120142077619,3442.7248445034
UZB,2022,20.9737716891415,32.7092516216428,100.0,49.5401658544276,2.94947448385164,31.4813507507112,83.9,41.5404801361493,3576.71552716054
UZB,2023,20.1676495950561,34.3556541184544,100.0,49.7378951792477,2.10084902446518,31.0244117605751,89.0136,43.9528453580868,3725.67414578619
UZB,2024,18.325982693232,33.1994355366732,100.0,49.97147756218,2.5972703195852,31.8097631182563,89.0136,45.1918282895449,3890.41593075015
VCT,2004,5.85289384167699,43.3180971226765,84.9,64.3722206452834,11.010544401215425,16.1819535599222,7.37117,66.5643158808955,6071.94945269221
VCT,2005,6.59730508835995,43.3134565297928,86.2,64.7570176671822,6.88174169420403,15.803460598478,9.19828,66.6896146218751,6244.35953746008
VCT,2006,6.14814293404524,44.611276125957,87.5,64.8757462168541,11.010544401215425,15.9185016274684,12.0,65.8173219179269,6707.27875985734
VCT,2007,5.95899436916071,46.2682260079483,88.8,64.9742238515294,11.010544401215425,17.5789207618579,16.0,63.6653032032308,6960.17151500732
VCT,2008,6.0359091751918,46.4055843349388,90.1,65.5884627632956,11.010544401215425,15.7098142403655,21.0,63.4794429334117,7019.9950843874
VCT,2009,6.34514264594716,48.5520483734742,91.4,66.0398886404089,11.010544401215425,15.8660687716811,31.0,62.9540062180512,6955.82358345268
VCT,2010,6.26506875121356,49.0096361352992,92.7,66.5435525681907,11.010544401215425,15.903054750972,33.7,63.9503317200879,6678.04200697308
VCT,2011,6.33056361856909,50.1952470935014,94.1,67.0177612556795,11.010544401215425,15.1351236077184,36.7,65.1843906930195,6674.58198966102
VCT,2012,6.15236356773518,51.4966860941774,95.4,67.4454793015858,11.010544401215425,14.5760767657253,40.0,65.9360769280722,6790.68325958275
VCT,2013,6.54391422693896,49.7557907383249,96.8,67.7014681150857,11.010544401215425,14.7069261247007,43.5,65.8007561978264,6996.57386151332
VCT,2014,6.55414786949357,49.2545029138621,98.1,68.2018240392032,11.010544401215425,14.1124131006087,47.4,65.4117601841042,7116.22071347207
VCT,2015,6.26030041907991,49.4607995479588,99.4,68.3886309591213,11.010544401215425,14.9489099213637,49.4,64.7214766680793,7353.73556054184
VCT,2016,6.75105293320355,48.0592826409293,99.7,68.7013926569,8.66074512206484,14.3822033821215,51.5,63.7226987837825,7702.8942635647
VCT,2017,6.76902554291306,46.7070222167615,100.0,68.9544405736778,11.010544401215425,14.6706100723592,53.7,63.4627958102777,7872.92690537077
VCT,2018,7.10938187118093,44.4315216799501,100.0,69.2231098237118,4.52412383276845,14.5575849461195,56.0,63.4554737005223,8179.99598957084
VCT,2019,7.00321360289631,43.6128218687711,100.0,69.6339245111414,7.5606563885612,13.69401619005,59.5763,64.3863645608754,8294.67434486665
VCT,2020,8.64273688810065,47.5178316690442,100.0,69.5308456072655,7.54647187844049,12.5582072800332,63.381,63.216854515,7989.74651933597
VCT,2021,5.2074867781098,46.2241449010807,100.0,69.4369469805431,11.010544401215425,12.8730573511209,67.4287,64.7032836965446,8211.33588012942
VCT,2022,4.63941650660287,41.1896765400759,100.0,69.3183910162003,6.59514716509223,14.6172883881669,71.7226,64.8705823327006,8532.7381341339
VCT,2023,4.20063280645518,39.7035964960761,100.0,69.372584678336,6.88612464767325,14.7472919199735,75.9927,66.3856112523488,9051.35208011007
VCT,2024,3.54621278556935,36.6622392349398,100.0,69.5889603915526,11.010544401215425,15.4209047323377,75.9927,66.4018742438693,9485.18771201686
VEN,2004,3.71881718358774,11.081772129298,99.1,68.7148248136968,1.32412757366554,51.1134764353283,8.40447,37.2753593066702,3580.85417271298
VEN,2005,3.69518323245945,13.214871769626,98.8,69.0652598914242,1.68369269808689,51.54601351155545,12.553,35.0708629047267,3884.70081071301
VEN,2006,3.6568046342889,17.0371328682102,99.3,68.3986234666937,0.107915126446007,51.54601351155545,15.2247,36.3493328091066,4199.39766916963
VEN,2007,3.81353938861893,23.4811724669825,98.9,68.0340559924878,1.89178854425804,49.2828626757633,20.83,39.3526219570256,4496.84905010777
VEN,2008,4.15841611570505,21.4696738075916,98.9,68.6092481293891,0.659274461280102,50.6124593374834,25.88,38.7983674350826,4665.9531880382
VEN,2009,5.6621777947414,23.6136286787977,99.0,68.9061370100757,-0.344767329112459,40.8120935299234,32.7,45.9130653049749,4455.4532320933
VEN,2010,5.37526516550554,18.8543354200342,99.1,69.4872292678741,0.402601927997842,48.4086022795909,37.37,39.031863218742,4332.02681796507
VEN,2011,5.01293006431094,20.4742256485103,98.8,70.1503155774881,1.85002511047875,48.6321324133785,40.22,38.6366452446061,4455.41063337951
VEN,2012,5.01293006431094,23.8729758931757,99.3,70.9948787727543,1.33819275777321,48.6321324133785,49.0501,38.6366452446061,4647.37303726595
VEN,2013,5.01293006431094,27.472799415793,99.4,71.228365334472,0.828407125440933,48.6321324133785,54.9,38.6366452446061,4653.3645655649
VEN,2014,5.01293006431094,27.472799415793,100.0,71.8162963128606,0.528670192739894,48.6321324133785,57.0,38.6366452446061,4421.60786723331
VEN,2015,5.01293006431094,27.472799415793,100.0,72.2380544625395,2.35633150346133,48.6321324133785,58.0,38.6366452446061,4103.1384987005
VEN,2016,5.01293006431094,27.472799415793,99.4,72.8077900344325,1.40548157326263,48.6321324133785,60.0,38.6366452446061,3382.73477932247
VEN,2017,5.01293006431094,27.472799415793,99.2,71.8492557571158,-0.25801825119328,48.6321324133785,61.6,38.6366452446061,2871.31531165261
VEN,2018,5.01293006431094,27.472799415793,99.9,72.5351339268112,0.609677838011936,48.6321324133785,61.6,38.6366452446061,2365.59281270712
VEN,2019,5.01293006431094,27.472799415793,99.8,73.2528900861266,0.772453708102055,48.6321324133785,61.6,38.6366452446061,1762.73734800083
VEN,2020,5.01293006431094,27.472799415793,99.9,72.6917446352879,3.51089983775956,48.6321324133785,61.6,38.6366452446061,1255.37263090506
VEN,2021,5.01293006431094,27.472799415793,100.0,72.6070280562921,2.14254260514198,48.6321324133785,61.6,38.6366452446061,1276.62381449407
VEN,2022,5.01293006431094,27.472799415793,100.0,73.0584823640864,2.63893280227629,48.6321324133785,61.6,38.6366452446061,1379.97778822986
VEN,2023,5.01293006431094,27.472799415793,100.0,73.4913759782388,0.0126982233499548,48.6321324133785,61.6,38.6366452446061,1430.74575249312
VEN,2024,5.01293006431094,27.472799415793,100.0,73.8841898793772,1.36272366359347,48.6321324133785,61.6,38.6366452446061,1501.02277449885
VNM,2004,21.8076993514673,58.7224307884587,91.0,26.3436096365078,3.54408107288199,40.2087495299221,7.64241,37.9835511186106,1510.94449049599
VNM,2005,19.2999788840494,60.4667877825079,96.1,28.0646122914701,3.39040363930871,38.1311399002846,12.7399,42.5688812156661,1609.96268313651
VNM,2006,18.7267854535521,65.3595423737595,96.0,29.900225117951,3.61600090432522,38.5847310338981,17.2546,42.6884835125499,1699.67620343393
VNM,2007,18.655099701709,85.63968738395,93.1,30.3283222550968,8.65471771434805,38.5116248479069,20.7554,42.8332754503841,1788.9485028957
VNM,2008,20.4131439246507,82.8727709652009,93.8,30.4091345807313,9.6630390545572,37.0776963788801,23.92,42.5091596964692,1856.00519883979
VNM,2009,19.1684598670425,103.322353769645,96.1,30.5994639675695,7.16881988884276,37.3881863793419,26.55,43.4433537536156,1927.13427057454
VNM,2010,15.3750906872381,90.3531701049882,97.4,29.6140897652962,5.4347392933443,33.0228771360005,30.65,40.6273720032231,2027.58184375924
VNM,2011,16.2591484896283,79.9430818204467,99.0,30.4100306100531,4.30487434902161,34.580408780539,35.07,38.9070145300747,2132.90453762087
VNM,2012,16.199507640393,75.5493913710905,97.9,31.4432598551777,4.27832287681174,35.8602323946766,36.8,39.1188401087315,2224.11404253256
VNM,2013,15.2156122465127,77.5581108210475,98.5,32.0033506681625,4.16454517277325,35.575150437736,38.5,40.542010129242,2320.08431444934
VNM,2014,14.8803489262722,80.0010314902415,99.2,32.2181324550806,3.94086189051961,35.2985684880333,41.0,40.9236092881482,2439.28655744423
VNM,2015,14.4747261789547,90.399227327709,99.3,33.2378777281005,4.93190773329022,34.2665466382117,45.0,42.1930087721287,2577.56885340113
VNM,2016,13.8182553730866,98.8589607655139,99.2,33.37288761068,4.90089302916746,34.1152288612372,53.0,42.8544900073075,2715.57887431272
VNM,2017,12.9298794852362,103.972032257471,100.0,34.0677198752187,5.01148721749681,35.3903640729728,58.14,42.5807243141144,2868.13680013379
VNM,2018,12.3066684310428,105.275984683547,100.0,35.5711648258268,4.99828319622328,36.5424334086447,69.8479,42.1709178908888,3048.28327602145
VNM,2019,11.7845285540387,108.031900933361,99.4,35.8756556249091,4.821074861051,36.8031368977554,68.6616,42.4687227777403,3241.07648966529
VNM,2020,12.6554035685556,115.525349937741,99.8,36.3177224262355,4.55836196782424,36.7437132938801,70.3,41.8311604395691,3303.16949807493
VNM,2021,12.6030904652745,124.282898747665,100.0,37.8460942595862,4.27314566190187,37.3915192469302,74.21,41.2574400803721,3358.21734764714
VNM,2022,11.8802998302585,124.961478822546,100.0,35.8550348764279,4.32947308910883,38.4823612398341,78.59,41.1356424431376,3617.66311465012
VNM,2023,11.8616711588794,124.961478822546,99.8,39.5494160842561,4.26407109843686,37.5815697548824,78.08,42.2942279625883,3775.46375555802
VNM,2024,11.8634906983546,124.961478822546,99.8,39.8063485099891,4.23394171325231,37.6414652034249,84.15,42.3596025324624,4017.74604111554
VUT,2004,23.5987549935054,39.7917530573732,29.2,36.6633749636945,5.4358941630547,7.59748057740852,4.7466,61.1572678479524,2555.73432279339
VUT,2005,22.2744970798183,43.5999536479095,31.0,36.8410435718128,3.35516527658254,7.84740891814221,5.08233,62.2740335589135,2626.85057870874
VUT,2006,20.9849622513423,42.4413157515789,26.4,37.0026036016489,9.88873620776164,8.09487564543005,5.85059,63.4547736109111,2780.97475852227
VUT,2007,20.9592045067866,43.7949563310522,33.6,37.0175740868367,6.61419496414564,7.94926084161972,6.8,62.0231388710348,2791.7418410919
VUT,2008,20.0140320398243,55.055251156808,36.5,37.035803675973,6.38080367466041,9.10913251925229,7.26912,61.2832634515477,2875.08524058992
VUT,2009,19.3907393648134,64.8320794489148,33.3,37.3005168488406,5.42349577313271,11.1955989060499,7.5,61.0367232084987,2888.13715784739
VUT,2010,19.5427410917595,67.5873077127823,44.1,33.1860514047152,9.40930036151551,12.8730998830697,8.0,61.7284140562496,2856.77377649901
VUT,2011,20.8591539075539,69.3541400957841,42.0,34.5751955796269,7.93578473613464,9.99492054277629,9.2,63.3887236049634,2883.22689591881
VUT,2012,21.6186956898294,73.7088201261584,43.9,35.9650547237829,8.07506480226511,7.87407257715292,10.598,63.9322728716187,2849.05448321427
VUT,2013,21.5212297048485,72.620012079451,31.7,37.4006926054186,7.83052394467406,8.21151592925291,11.3,63.5008090163477,2799.28262661802
VUT,2014,23.8356456208559,75.5564806247171,49.1,38.641218291374,1.7146015060309,7.50006657257742,18.8,62.1974276356083,2807.83422956759
VUT,2015,21.604386579386,69.7522779402884,52.3,40.1514433456552,4.08340749314985,10.7490519094664,22.3514,61.2816734703737,2854.89412272653
VUT,2016,20.9286066315946,67.1198327923529,57.8,41.8081042149433,5.49263637992702,10.4769109101537,24.0,62.720489633119,2889.01404801498
VUT,2017,21.3706830229642,64.4852232729457,62.8,43.2939059947476,4.34327388667744,10.1699916743073,30.8,60.8565978479665,2946.96186165079
VUT,2018,21.2193984380427,61.4991352412897,61.6,44.7680966519914,4.10870468514392,10.0951662680732,33.989,59.7939883498229,2960.65376683153
VUT,2019,21.1205211726384,59.0872947836203,64.5,46.2935376321203,5.64318738616692,9.502093997208,37.5081,62.2038157282457,2986.2036911437
VUT,2020,22.868796996064,60.2114539688742,67.3,44.6590752378888,4.52584159327415,10.2793317386042,41.3916,60.4627891240744,2771.87098808052
VUT,2021,24.0840967862876,60.9428290310797,70.0,44.0855441569596,4.53028102541425,9.06722551743364,45.6772,64.1829210847601,2666.30269843855
VUT,2022,24.3052702502835,55.2448439738049,71.6,44.5808887926245,1.01371235156553,7.37210563507584,45.6747,59.0507962071289,2740.27545530661
VUT,2023,24.3052702502835,53.551817090879,61.6,44.8018917209712,0.83061864668994,7.37210563507584,45.7313,59.0507962071289,2733.35978526081
VUT,2024,24.3052702502835,56.333229902796,61.6,45.1059463799795,2.58164239501493,7.37210563507584,45.7313,59.0507962071289,2697.09183254533
WLD,2004,3.35185608558772,124.425819702445,79.9521476684051,41.8364385830437,2.22013451014406,26.820657591831,15.6,64.8012775389668,8388.59733771259
WLD,2005,3.22585016627159,125.300159677569,80.7013310816536,42.2879448484971,3.25557187827835,27.3130876693773,15.6,64.2909052082991,8618.44740525166
WLD,2006,3.19904026756852,127.869168599873,81.3534633010675,42.8508372354868,4.21642956610638,27.821745958516,17.2,63.5937398605099,8890.47332913352
WLD,2007,3.37766873086202,128.063333479434,81.9711576658049,43.18605484073,5.27711961807479,27.8832879181393,20.2,63.2139620052005,9166.56507078682
WLD,2008,3.54020201944781,120.040312945629,82.6681723773023,43.6703243584101,3.72354373179278,28.209367214008,22.8,62.862750895255,9240.5056265252
WLD,2009,3.65443373456439,124.649863179225,82.8658227064746,44.2314146020037,2.42727008900625,26.6793742828617,25.3,64.823684065828,9005.17592406812
WLD,2010,3.86441493626135,119.367739050153,83.4471382973513,44.5742888484513,2.70604380418321,27.62129979624,28.4,63.4684311695324,9298.74987325049
WLD,2011,4.00501647340604,114.740251260266,84.5062333878765,45.1444636337172,3.15781650193651,28.1760947016753,30.9,62.6249587026594,9492.82945551876
WLD,2012,4.03964332103404,115.590163561051,84.93629043483,45.5657996489521,2.65576427419023,28.1540557171329,33.3,62.7797758918755,9630.06477941677
WLD,2013,4.18166174789629,117.741459144961,85.7106877963555,46.4098826739325,2.65164631429069,27.857281471925,35.3,62.9953181270244,9786.8793911809
WLD,2014,4.16465172320917,119.146044664848,86.1955840187905,47.2783498467633,2.4156324778758,27.6512462544278,37.4,63.2877427767824,9972.4823409961
WLD,2015,4.19752668077319,123.526541539158,86.9239995427518,48.125121347975,3.62158233248458,26.7581066816507,39.9,64.5226736569288,10161.9445773234
WLD,2016,4.13730120082577,125.355602930765,88.1044791994569,48.6442332390675,3.53380091500997,26.2097721966568,43.6,65.1586734789564,10324.8400705021
WLD,2017,4.10190289387195,126.247772280948,88.9317628469647,49.1188095647999,2.72578041888849,26.6974193670991,46.3,64.6579224030156,10561.100105291
WLD,2018,3.9337525774109,125.591419421616,89.7973878560124,49.6621538952115,1.23440428291386,27.1690541542086,49.4,64.3992293987436,10789.6668089725
WLD,2019,4.06809310777644,130.214429711336,90.1083920202658,50.1728871460119,2.16333632745042,26.6012800207035,53.9,65.0254257722349,10963.6816310515
WLD,2020,4.41058876301908,141.48987381863367,90.3956876080963,49.5116784467691,1.34378070162444,25.9954241984094,60.1,65.620119627748,10541.8118545305
WLD,2021,4.32946169434328,141.48987381863367,91.3342664591051,49.5753092725663,2.53989078486779,27.1416570882211,63.8,64.3020176942924,11124.7495292116
WLD,2022,4.29021425382999,139.073959655135,91.2883104888965,49.5169892035325,1.87091743901563,27.2584810728139,67.0,62.525884534845,11403.9410808157
WLD,2023,4.12661376471439,141.324518580903,91.5991774421991,49.9293077708594,0.865185088581177,26.2727691431167,69.2,63.3268570900618,11631.7164772209
WLD,2024,4.04871859432627,141.48987381863367,91.5991774421991,50.3230584091749,1.34389980249836,25.6273911190008,71.2,63.3268570900618,11851.505171614
WSM,2004,11.7403681062885,59.3708905878799,90.5,44.5167191787783,0.60844907406956,32.3616645013541,3.07553,57.2514772798365,3535.73813824914
WSM,2005,12.4865750417539,59.3708905878799,91.1,45.7276345972204,0.78935616966683,31.5654807150702,3.35259,57.3038776007507,3755.78242822467
WSM,2006,10.9860021831847,59.3708905878799,96.4,47.0583303992086,4.3862032048739,31.3319535429466,4.46917,59.0149500002915,3820.92239453139
WSM,2007,10.6649895462053,59.3708905878799,92.5,48.9420759577828,1.18938989753826,31.214843755466,4.74998,59.3997562147222,3818.25503804332
WSM,2008,10.0298576357923,57.1993974576489,98.1,50.1219994724347,7.15667986967314,30.6045956016331,5.03162,60.4881299475259,3925.8743329936
WSM,2009,11.2374050203296,57.0443221065739,97.9,51.3197870046715,1.57134083023162,22.4714571910199,6.0,67.4345528123674,3875.94291686166
WSM,2010,10.1420948693988,61.9859405414786,96.4,52.6781510285594,0.0494567694984404,14.7777818454724,7.0,68.0848831828917,4081.15535978003
WSM,2011,8.74914768052862,63.5581420496614,96.7,53.8580720130405,2.0416002953816,15.766152527034,11.0,70.5098110253002,4201.45663738908
WSM,2012,8.99062542491428,65.1250035342188,96.8,54.2981358276793,2.69957638721683,16.3070738394005,12.9225,68.8172629289593,4007.91092846814
WSM,2013,9.36698695177158,67.8150583119762,97.0,54.5232512700274,1.72885382959682,15.1467287917872,15.3,68.2075602851152,3976.39289268132
WSM,2014,8.97743064055918,72.8579015455698,97.9,55.2618421689273,2.86810154101309,15.2095204342126,21.2,67.3450833690281,3967.23730470679
WSM,2015,8.32395364948745,72.1232757494908,98.2,55.5853454919086,3.26002743040368,14.5012807041262,25.407,69.3591744269817,4084.36083819933
WSM,2016,8.64439767739187,75.6587264027233,98.9,55.7015154913332,0.298684612802242,14.408683481377,31.7,67.6444407007429,4373.23792440391
WSM,2017,9.90757564175906,77.6480471167447,96.8,56.0561760053684,1.04146807605773,13.1849554636851,39.4,67.0490950221707,4393.37316255965
WSM,2018,9.14766033843446,81.5490928958181,99.8,56.7062513272023,1.90261035583233,11.7204111149327,43.1336,69.5741752697084,4321.00518344962
WSM,2019,9.10454875149409,83.2552204336508,99.2,56.872967445603,-0.238656491573744,11.9596393238611,47.2211,68.9795416806271,4466.08075482035
WSM,2020,9.53642989262121,87.0117425741679,100.0,56.0999877808229,0.509397965194954,11.1225478907802,51.6959,69.4440522057518,4283.06392492734
WSM,2021,9.67170140141047,94.8929662698081,98.3,55.969868173258,1.04090555935629,11.2039898765353,56.5947,70.0672339660755,4032.13733959294
WSM,2022,9.35673735856576,88.9388105226728,98.3,56.3763295442085,0.539647016745273,10.8490582930193,57.3288,72.2158309531651,4095.15868286688
WSM,2023,9.85408517045162,74.148912316548,100.0,56.6316480630335,0.229294017897832,10.0793155346634,58.1386,70.7373740209545,4688.4631403154
WSM,2024,9.79503060602777,69.9439291757097,100.0,56.8615328666242,0.318181346491415,10.5838860006744,58.1386,69.3629975714968,4880.54418032056
XKX,2008,11.2611406776178,36.0884257938788,94.84556948605835,50.9593888378512,10.4976732129649,27.0433986441086,83.8936,44.96094667598,2543.59926351696
XKX,2009,8.27613579615343,38.709896491869,95.38629734251134,51.6048881399569,8.03740783578854,27.9905418756324,83.8936,46.8147519929006,2680.86121521141
XKX,2010,9.45683318489999,38.6898568093694,95.84396282685074,52.5390147086811,9.17015887398439,27.0411983160464,83.8936,45.8580894519709,2822.63359634011
XKX,2011,8.13256820161268,38.4763346418186,96.15116357595015,52.6145323962141,8.44148689449377,27.5148247197483,83.8936,45.3545553198663,2995.64952029477
XKX,2012,7.44545756610942,37.8965812042422,96.5392401366574,53.1341994600021,4.7552615607391,27.508476689053,83.8936,46.5700312302362,3021.35142613995
XKX,2013,8.43161126110458,36.6983135002796,97.1,53.5430702246149,5.51557702357753,27.1872162974146,83.8936,46.7975869061619,3163.47189486431
XKX,2014,8.29870640805469,37.0118627742791,97.75,54.1410067239807,2.82551916539146,26.5170668316715,83.8936,47.0438367766209,3279.02499043758
XKX,2015,7.67716823366887,37.2957521848477,98.05,54.4112830836989,5.4536035105824,26.9432328185615,83.8936,46.6393323162549,3520.62850699375
XKX,2016,8.17152319317784,38.953865364003,98.4,54.5049047408101,3.64804605378298,26.8584265970502,83.8936,45.2579153726907,3739.17562318261
XKX,2017,7.40871957581394,41.6607425829676,98.80000000000001,54.188247670037,3.99449173779086,27.5275719677758,83.8936,45.3910795575396,3890.17807271082
XKX,2018,6.53116433269115,44.460620500851,99.2301425417283,54.7593556383935,4.04305852508055,27.9083585287373,89.443,46.1986404599491,4009.12140760339
XKX,2019,7.23866991904392,46.6721823532646,99.4,55.8657560901886,3.60874541643268,27.0883844668186,89.443,46.433944637404,4219.06693858503
XKX,2020,7.36200975780916,51.6243424179382,99.7,56.0999877808229,5.11361821652708,27.5584566251826,89.443,47.6378853925556,3990.94613053859
XKX,2021,6.92330553068501,50.7890550974276,99.85,55.305223900281,5.3214299513939,27.4491619936227,89.443,45.8721329500652,4429.87597525975
XKX,2022,7.3926054610264,52.7823854236435,100.0,55.997466048887,8.1685714094263,27.2441813918075,89.443,45.6823596317648,4666.3913779077
XKX,2023,7.22045547613922,55.2544972128865,99.99420010706045,56.4243401985256,8.68015870393432,26.3457033566293,89.443,46.5646522317818,5102.74914613981
XKX,2024,7.33520637426488,61.0018810149884,99.8,56.8251366111918,7.67877491657097,25.8029423102749,89.443,45.6806471652704,5631.68223392136
YEM,2004,12.4153666524933,7.16253622990532,49.6,49.9543541630426,1.03534601615477,47.8015521496085,0.881223,35.7830812017991,2185.78999159086
YEM,2005,11.0932421339435,6.93931215854382,54.8,50.9513112928618,-1.80531053584597,51.5233832621526,1.0486,33.3833746039038,2237.63762643152
YEM,2006,10.70558242967,6.91321960823707,55.8,52.0056297467155,5.88029989730047,51.54601351155545,1.24782,33.3356069529484,2234.74266863312
YEM,2007,10.419289027741,8.18408496562538,57.2,52.8210133477998,4.23684804102557,51.54601351155545,5.01,33.2770745231875,2235.75075901067
YEM,2008,10.1968587173722,7.70492200932659,58.4,53.5016120541507,5.7769623200871,51.54601351155545,6.89,33.2316135722734,2244.04491655237
YEM,2009,10.0190704935917,7.73547602505911,59.6,54.0574373992386,0.51412085018398,51.54601351155545,9.96,33.1952634510041,2257.46902086832
YEM,2010,9.87370902755356,6.28934064963713,60.8,54.8315014571272,0.610357927076417,51.54601351155545,12.35,33.1655432216092,2356.19960422096
YEM,2011,9.75264427533183,5.0687258112031,62.0,55.0468072389964,-1.58233916831705,51.54601351155545,14.905,33.1407906336272,1994.83663337222
YEM,2012,16.9903322750241,4.6454040882474,52.4,55.4873424096099,-0.0402221829314871,39.7484554361741,17.4465,39.2612122878001,1981.45800046603
YEM,2013,17.6849846837323,5.63671954137487,75.6,55.8602416724648,-0.330496410064222,38.9944141504647,20.0,39.3206011649279,2014.7289059487
YEM,2014,17.6765738204232,5.63671954137487,66.1,56.2754408619039,-0.539237328374498,39.8882580148089,22.55,38.4351681646387,1950.1625450589
YEM,2015,20.2059373997207,5.63671954137487,67.4,56.5542935353311,-0.0363882528160336,33.866159352981,24.0854,41.9279032478698,1362.1738120601
YEM,2016,25.0909130885165,5.63671954137487,68.9,56.8001617442093,-1.79131212045889,25.9022680665842,24.5792,45.0068188448993,1197.95865971172
YEM,2017,26.9610663621827,5.63671954137487,79.2,57.106147579879,-1.00531889341895,25.9240409654207,26.7184,43.114892673396,1103.45634849842
YEM,2018,28.7451403146812,5.63671954137487,62.0,57.5227839931956,-1.30563839823089,25.4429978433173,22.417333333333332,41.8118618427961,1079.32938366255
YEM,2019,28.7451403146812,5.63671954137487,72.8,57.8540684015137,-1.30563839823089,25.4429978433173,18.116266666666668,41.8118618427961,1079.32938366255
YEM,2020,28.7451403146812,5.63671954137487,73.9,56.1106637573326,-1.30563839823089,25.4429978433173,13.8152,41.8118618427961,1079.32938366255
YEM,2021,28.7451403146812,5.63671954137487,74.9,55.5721628008722,-1.30563839823089,25.4429978433173,13.8152,41.8118618427961,1079.32938366255
YEM,2022,28.7451403146812,5.63671954137487,76.0,55.997466048887,-1.30563839823089,25.4429978433173,13.8152,41.8118618427961,1079.32938366255
YEM,2023,28.7451403146812,5.63671954137487,83.6,56.4243401985256,-1.30563839823089,25.4429978433173,13.8152,41.8118618427961,1079.32938366255
YEM,2024,28.7451403146812,5.63671954137487,83.6,56.8251366111918,-1.30563839823089,25.4429978433173,13.8152,41.8118618427961,1079.32938366255
ZAF,2004,2.411716114862,112.820913420211,80.6,65.9162253141724,0.274199790569949,26.3036366679746,8.42512,62.5295022900426,5187.35683424034
ZAF,2005,2.08511798972012,122.283168033262,80.8,67.909944704153,2.25781874505445,26.0150792659507,7.48854,62.6447743317012,5406.07581377638
ZAF,2006,2.05097651238464,139.007367744321,80.7,68.1108001320362,0.205125538574008,24.8591176319147,7.60714,63.4994322880989,5650.9883176549
ZAF,2007,2.35591400504256,141.48987381863367,82.0,68.3677128311575,1.97755772219349,25.2946183090828,8.06538,62.7545126209971,5891.42069421698
ZAF,2008,2.57248876696489,125.955880255506,81.9,68.6026576247753,3.12686614310453,26.9415561091344,8.43,61.5371405407045,6009.71963138635
ZAF,2009,2.39949613487755,121.094546324717,82.6,69.6903429676421,2.31217470344994,25.7430761887593,10.0,63.6360883195073,5847.05811084505
ZAF,2010,2.10778749314158,124.093899905646,82.8,70.4787916010321,0.884904611686012,25.3034630993363,24.0,64.2752626096743,5953.94506512821
ZAF,2011,2.04389308620297,118.970675992703,83.6,71.2438218454142,0.903381424332556,24.8394911507999,33.97,64.3421981264186,6067.12482726885
ZAF,2012,1.97670959546361,125.167785450237,85.2,71.7307142611379,1.06492249485696,24.4686002355753,41.0,64.3045111542673,6121.55783860713
ZAF,2013,1.92684924597199,127.029272479724,85.2,71.5191764067506,2.05358095229684,24.5517417673484,46.5,64.0537426456394,6170.87670863373
ZAF,2014,2.12574854869936,128.838374779653,85.9,71.9567581627402,1.51932743753979,24.3052820058227,49.0,64.0117818477066,6155.00589462516
ZAF,2015,2.23397839045912,127.203244242731,85.3,70.5797708652084,0.438735792056356,23.7323079746326,51.9191,64.1025757790295,6112.27382485974
ZAF,2016,2.41418607394576,124.360496111764,83.9,71.1148721557361,0.684612553455795,23.7825372977493,54.0,63.913401523834,6095.295060428
ZAF,2017,2.49379863849766,127.030283858454,84.4,71.4106089371004,0.539673956759456,23.6105564955695,56.1674,64.3304256202533,6125.6920507497
ZAF,2018,2.2607038266992,118.380857963487,84.7,71.7162137083785,1.3742911715346,23.5370608392744,62.4,64.2531759654529,6117.2701406047
ZAF,2019,1.9503211452698,117.185556861489,85.0,72.4507876278403,1.31407752293306,23.6220152843652,69.6969,64.3473048295753,6032.82972598668
ZAF,2020,2.57866122238783,109.054691372725,90.0,73.3396584260292,0.933073684352391,23.3394384079582,72.1128,64.6102537818073,5569.58483319272
ZAF,2021,2.45787199667371,93.1963897397387,89.3,73.6668582690362,9.68098022663018,24.9006017482132,74.9686,62.7445288151422,5750.90937479584
ZAF,2022,2.60577484985618,91.5697287634873,86.5,73.3598392337261,2.26670277731613,24.9820287872223,75.4556,62.2719610043357,5786.86505344736
ZAF,2023,2.53517112309848,90.3724824591946,87.7,73.9253046339629,1.0127377916456,24.5639655120651,75.6592,62.7205686343674,5756.55049453121
ZAF,2024,2.81119526983539,90.3724824591946,87.7,73.7530079450078,0.580891709673066,24.3105308888817,75.6592,62.9921807546005,5715.47531469148
ZMB,2004,15.5809428822284,13.6929591153621,22.250000000000014,17.0145419850632,5.85168864010044,25.6961251757115,1.1,48.8099285446496,895.475258534826
ZMB,2005,14.5885513717285,13.6929591153621,23.3,16.8128699907176,4.28403218909524,26.8496240283076,1.3,48.9576146258726,929.079255855905
ZMB,2006,13.2062710587766,13.6929591153621,24.1,16.9311532809297,4.82712872237458,30.3961173223662,1.6,47.5154757432367,968.563565019492
ZMB,2007,12.1055962375597,13.6929591153621,22.250000000000014,17.0711270366107,9.41811167277731,31.9096804308122,1.9,47.4546801554357,1013.08567432637
ZMB,2008,11.4539997547605,13.6929591153621,25.7,17.2194005212422,5.24050811284723,30.9906155705809,2.2,49.0298347278234,1053.58612301068
ZMB,2009,11.5527836333973,13.6929591153621,26.6,19.6348185546417,4.53277977632725,30.2244688791227,2.5,51.5546034007674,1110.71918102486
ZMB,2010,9.42094610981773,13.6929591153621,22.250000000000014,22.3693705000313,8.53319643791576,32.2389147610701,3.0,52.8064557009767,1183.41712409199
ZMB,2011,9.64805782176724,13.6929591153621,28.3,25.2239151069681,4.72516156867912,34.4442819243584,3.5,50.3856175027169,1208.46424569634
ZMB,2012,9.32163953570601,15.8590190469567,29.2,28.5558493942458,6.78938124085044,32.0106503918136,4.1,53.193632268128,1258.78938578996
ZMB,2013,8.22652318427817,15.8169736426664,30.1,28.4955315757188,7.48932505567266,32.5564491082462,4.8,53.1376428491188,1280.77012176778
ZMB,2014,6.77959785217865,17.0881246939801,27.9,28.6495600942243,5.55542791808588,32.9441480248783,6.5,53.5124177356887,1299.01241762504
ZMB,2015,4.98083656431146,19.7648340604039,31.1,28.9466592252126,7.44741668984243,33.65724911523,8.8,56.2204142195756,1295.87788680068
ZMB,2016,6.22847198956029,15.4421205069544,35.4,29.1606506427495,3.16251974813899,34.8771666095938,10.3,54.1825064091292,1303.57513869133
ZMB,2017,4.0242711937365,14.9060105438137,40.3,29.3803928466249,4.28050117059574,37.3040449214626,12.2,52.0938849633709,1308.76829240086
ZMB,2018,3.34112399209449,14.973719234617,40.2,30.2807191314516,1.55231886738395,34.4853215849232,14.3,54.2445428614432,1321.25045711573
ZMB,2019,2.86077493680796,15.6261899079478,43.0,33.542399392437,2.3509190433173,34.9419812171167,18.7,54.6037591025552,1301.18132976178
ZMB,2020,2.97263384548847,15.1635545633961,44.6,32.2171216027503,1.35190577412928,40.1976896628281,24.5,53.6857479089843,1228.73500113195
ZMB,2021,3.00091831533747,11.3595044648168,46.7,32.0141703515057,1.78407846118257,41.8319384724467,32.5,50.9368691958614,1269.10821808895
ZMB,2022,3.09401583407622,12.9750888260207,47.8,34.211708332653,-0.223286755156161,35.2838210182449,15.0,55.5345677860761,1298.8480495593
ZMB,2023,2.23012034259343,12.9750888260207,51.1,34.107528168994,2.32465335614826,35.107778069402,33.0,56.8167642432298,1330.85998216751
ZMB,2024,2.83370764465019,12.9750888260207,51.1,34.6642767109741,9.32437789659637,35.2465830565142,33.0,57.1882934058153,1343.38966380353
ZWE,2004,18.0640440733408,17.0479685871403,35.6,25.2876064941968,0.149780494103469,24.3823706636825,2.1,49.8321425497116,1165.54447081543
ZWE,2005,17.1493075153041,14.9485488159473,36.1,23.8442438639279,1.78526462032736,26.4793991229974,2.4,48.6823253592671,1088.63148420699
ZWE,2006,19.2316519025107,13.001184477186053,37.2,22.6456627734779,0.734382888878689,30.6513058245743,2.4,44.9350530132648,1038.22375658033
ZWE,2007,21.1955238679824,11.053820138424804,37.2,21.9479529009096,1.30128901270126,32.4614004438359,3.0,44.4874639973559,987.200362596937
ZWE,2008,19.018786781349,9.106455799663557,37.7,20.9800544388592,1.16794929832503,30.4832503395201,3.5,48.5457220461747,803.044944654991
ZWE,2009,10.7437375591345,7.15909146090231,43.4,22.7021303418261,1.08574826151022,21.4538686244604,4.0,54.9155959982421,896.915532877845
ZWE,2010,9.60967815567222,13.5436890225327,38.9,24.7348497471355,1.01750672670554,20.6947355315308,6.4,57.8323753397937,1056.20884563889
ZWE,2011,8.66645403643065,18.9833979710852,36.9,24.9156544332238,2.44028634205117,21.7201786093983,8.4,57.8956694308597,1184.93421020563
ZWE,2012,8.04450024819692,20.1407242084605,44.0,25.7991120510776,2.04309866557655,25.3306858994948,12.0,55.0851169445499,1360.15230034275
ZWE,2013,7.14500739499758,18.7319297666254,40.6,25.3930190098255,1.95306467023546,23.8001125610251,15.5,58.3262437338848,1367.81831689463
ZWE,2014,8.74496936761426,19.2103454143462,32.3,25.3633085196221,2.42393171156853,23.7189510650842,16.3647,57.5914485657891,1381.25404125871
ZWE,2015,8.28483096141089,18.3157437835024,33.7,25.6437906908085,1.99867322543902,22.3586547006621,22.7428,58.6509456397932,1387.12632595026
ZWE,2016,7.87358488271703,17.0984957033978,42.5,25.6716624872077,1.66841598492163,22.1153495385289,23.12,60.4095480136678,1378.34256192374
ZWE,2017,7.24788152959223,5.81005418078355,44.0,25.850144774956,0.601908067055593,32.0157377663457,24.4,54.9436180469088,1422.91948946927
ZWE,2018,7.31920056282215,5.83026742967083,45.4,26.4468898243409,1.21217684971106,31.0377751295783,25.0,55.9846516102169,1472.14603844842
ZWE,2019,22.7056524805476,3.42802176448637,46.7,26.4060826336986,0.748473073606359,38.9749459493832,26.5883,34.7344486451697,1357.53087818754
ZWE,2020,20.8470510913708,3.64213203545347,52.7,29.0651452872709,0.470482157673421,40.4336448935323,29.2986,34.9749502869668,1230.81933361016
ZWE,2021,21.4856530160599,4.75952182207041,49.0,32.8902432559003,0.575184665386161,36.9163101350258,37.0967,37.6780323490396,1312.20001358807
ZWE,2022,17.0612308931471,5.82632307387219,50.1,34.3678189751918,0.826254039449821,46.4723635392825,37.8861,28.6606568162383,1369.19761495571
ZWE,2023,11.4948694011417,6.47769726494533,62.0,33.1583806866399,1.68432122793783,33.2555519083931,38.4266,49.5634542472646,1418.47184628799
ZWE,2024,8.68845082778603,6.47769726494533,62.0,33.394772809592,1.12046122708248,34.9926113141619,38.4266,50.6052960837344,1417.71894115853
